Lead_ID,Age,Budget,Location,Property_Type,Inquiry_Type,Time_Spent_on_Site,Number_of_Visits,Contacted,Converted
1,59,4603087,Pune,2BHK,Rent,12,1,0,0
2,49,14206970,Delhi,1BHK,Buy,9,9,0,0
3,35,6961826,Mumbai,3BHK,Rent,9,5,1,0
4,28,7199648,Bangalore,2BHK,Buy,11,9,0,1
5,41,8636708,Pune,3BHK,Rent,6,1,1,0
6,59,11672204,Delhi,3BHK,Buy,2,2,1,0
7,39,2049892,Delhi,3BHK,Rent,7,3,1,0
8,43,8473049,Bangalore,2BHK,Rent,9,5,0,0
9,31,7072237,Pune,3BHK,Buy,25,6,1,1
10,31,9030736,Mumbai,1BHK,Rent,19,5,0,1
11,44,10734143,Delhi,2BHK,Rent,18,1,0,0
12,56,8571520,Bangalore,2BHK,Rent,12,4,0,1
13,44,13790552,Delhi,3BHK,Buy,21,6,1,1
14,23,5118113,Delhi,3BHK,Rent,11,4,0,1
15,42,8060297,Pune,3BHK,Rent,10,4,1,0
16,22,11596543,Pune,2BHK,Rent,29,5,1,1
17,44,11171667,Mumbai,1BHK,Buy,23,8,0,1
18,50,4222854,Delhi,1BHK,Rent,3,5,0,0
19,58,14656439,Bangalore,2BHK,Buy,12,7,0,1
20,22,5292239,Delhi,1BHK,Rent,4,8,1,0
21,41,2915108,Bangalore,3BHK,Buy,10,6,1,0
22,53,6877323,Delhi,2BHK,Buy,2,6,0,0
23,32,4384272,Bangalore,1BHK,Buy,12,2,1,0
24,42,13354835,Delhi,2BHK,Rent,28,5,0,1
25,45,4820377,Delhi,1BHK,Buy,11,1,1,0
26,47,3418351,Mumbai,2BHK,Buy,14,9,1,0
27,48,6917970,Pune,1BHK,Buy,15,7,0,1
28,36,5726713,Pune,2BHK,Buy,14,2,0,0
29,35,10983278,Bangalore,2BHK,Buy,26,6,1,1
30,23,11191691,Delhi,2BHK,Buy,29,9,1,1
31,57,2180116,Delhi,2BHK,Buy,12,5,0,0
32,27,14597545,Pune,2BHK,Buy,29,3,1,0
33,41,14662076,Bangalore,3BHK,Buy,2,4,0,0
34,29,2787001,Mumbai,2BHK,Rent,23,3,0,0
35,59,7048245,Mumbai,2BHK,Buy,2,1,1,0
36,38,14706337,Mumbai,2BHK,Buy,1,7,0,0
37,24,10683790,Delhi,1BHK,Buy,20,8,0,1
38,45,11617344,Bangalore,2BHK,Buy,15,2,0,0
39,34,3252825,Pune,3BHK,Buy,22,8,0,0
40,29,4302690,Delhi,2BHK,Buy,10,9,0,0
41,46,2722153,Delhi,1BHK,Buy,26,7,0,0
42,22,14001338,Mumbai,1BHK,Rent,20,1,1,0
43,40,5446010,Bangalore,2BHK,Rent,1,4,0,0
44,48,8492922,Bangalore,2BHK,Rent,1,7,0,0
45,27,9315845,Mumbai,2BHK,Buy,25,6,0,1
46,28,4569395,Mumbai,2BHK,Buy,1,8,1,0
47,55,5332951,Mumbai,1BHK,Rent,23,6,0,1
48,34,13382932,Delhi,2BHK,Rent,11,6,1,1
49,37,2311416,Delhi,1BHK,Buy,28,6,0,0
50,56,2137980,Delhi,1BHK,Buy,28,7,0,0
51,24,4501212,Pune,3BHK,Rent,12,5,1,0
52,22,9129343,Pune,1BHK,Rent,15,9,0,1
53,26,7835615,Bangalore,2BHK,Rent,14,7,0,1
54,24,6924191,Mumbai,2BHK,Rent,23,1,1,0
55,49,14809213,Mumbai,2BHK,Buy,1,9,0,0
56,38,2824765,Delhi,2BHK,Rent,1,6,0,0
57,46,2907651,Pune,3BHK,Rent,6,8,0,0
58,54,11782357,Mumbai,3BHK,Buy,24,9,0,1
59,30,3350417,Bangalore,3BHK,Rent,23,2,1,0
60,56,8046946,Mumbai,3BHK,Rent,22,2,0,0
61,34,8702705,Delhi,1BHK,Rent,26,5,0,1
62,51,2990391,Delhi,3BHK,Buy,3,5,0,0
63,35,6249367,Pune,1BHK,Buy,14,2,1,0
64,28,8835084,Bangalore,2BHK,Rent,28,4,1,1
65,34,2587069,Bangalore,1BHK,Buy,27,9,0,0
66,43,5947061,Mumbai,1BHK,Buy,23,4,0,1
67,41,5156366,Bangalore,3BHK,Rent,6,1,1,0
68,36,8198980,Mumbai,2BHK,Buy,8,5,0,0
69,38,4315138,Mumbai,2BHK,Rent,20,2,0,0
70,44,7549348,Pune,3BHK,Buy,25,6,0,1
71,46,6415972,Bangalore,1BHK,Rent,15,1,0,0
72,45,8586242,Delhi,3BHK,Buy,17,7,1,1
73,49,2549666,Mumbai,1BHK,Buy,28,7,1,0
74,35,5983027,Mumbai,3BHK,Rent,29,4,1,1
75,21,9675862,Mumbai,3BHK,Rent,23,9,1,1
76,45,11555355,Bangalore,2BHK,Rent,9,3,0,0
77,27,10347131,Bangalore,2BHK,Rent,16,5,0,1
78,29,7605085,Bangalore,2BHK,Buy,26,5,1,1
79,44,14273425,Mumbai,3BHK,Buy,1,8,1,0
80,21,6782969,Delhi,2BHK,Rent,26,4,0,1
81,28,9076083,Delhi,2BHK,Buy,16,1,0,0
82,44,6773283,Bangalore,3BHK,Rent,19,5,0,1
83,31,13524000,Delhi,2BHK,Buy,23,1,0,0
84,37,4059417,Mumbai,1BHK,Rent,9,3,0,0
85,28,9797551,Bangalore,2BHK,Buy,17,6,1,1
86,55,9794087,Bangalore,1BHK,Rent,6,1,0,0
87,55,6188432,Mumbai,2BHK,Buy,27,3,0,0
88,53,4408359,Bangalore,3BHK,Buy,14,7,1,0
89,25,6810374,Mumbai,3BHK,Rent,18,2,0,0
90,59,3832760,Bangalore,2BHK,Buy,21,6,0,0
91,48,4442367,Delhi,1BHK,Buy,14,7,0,0
92,27,8847101,Bangalore,2BHK,Rent,23,2,1,0
93,29,4539065,Bangalore,3BHK,Rent,7,5,0,0
94,28,12545327,Bangalore,2BHK,Rent,10,1,0,0
95,32,4026091,Pune,3BHK,Rent,16,3,0,0
96,54,11578942,Delhi,1BHK,Buy,7,1,0,0
97,53,14489289,Mumbai,1BHK,Rent,28,3,1,0
98,43,5731622,Pune,3BHK,Rent,20,4,0,1
99,44,9785363,Delhi,1BHK,Rent,28,5,0,1
100,57,11104687,Bangalore,3BHK,Buy,6,4,0,0
101,55,5087686,Bangalore,3BHK,Buy,27,4,0,1
102,42,2954227,Mumbai,3BHK,Buy,26,9,1,0
103,47,13302069,Mumbai,2BHK,Buy,6,9,1,0
104,55,14832377,Delhi,1BHK,Rent,7,9,0,0
105,21,12710349,Delhi,2BHK,Buy,25,5,0,1
106,55,13024074,Mumbai,2BHK,Buy,22,5,1,1
107,57,6072476,Delhi,1BHK,Rent,28,2,1,0
108,34,14878537,Mumbai,2BHK,Rent,26,6,0,1
109,23,14409948,Bangalore,3BHK,Buy,17,2,1,0
110,21,6827976,Mumbai,2BHK,Rent,8,5,0,0
111,25,5398499,Pune,3BHK,Buy,2,5,1,0
112,46,2058031,Mumbai,1BHK,Buy,19,4,0,0
113,34,10259282,Mumbai,2BHK,Buy,28,5,1,1
114,59,12306743,Pune,1BHK,Rent,21,7,0,1
115,47,4451550,Pune,3BHK,Rent,22,2,0,0
116,29,4081552,Pune,2BHK,Buy,7,1,1,0
117,35,14925280,Pune,3BHK,Buy,12,4,1,1
118,35,9310982,Mumbai,3BHK,Rent,20,7,1,1
119,46,12573455,Delhi,3BHK,Buy,3,1,0,0
120,33,3178642,Pune,1BHK,Rent,25,4,1,0
121,52,7381862,Bangalore,1BHK,Rent,4,6,1,0
122,59,9604869,Mumbai,1BHK,Rent,25,6,0,1
123,52,9979633,Delhi,2BHK,Rent,25,1,0,0
124,24,13030140,Bangalore,3BHK,Buy,11,7,1,1
125,50,6111932,Mumbai,1BHK,Rent,12,5,0,1
126,57,12019577,Mumbai,3BHK,Rent,19,6,1,1
127,43,3734441,Bangalore,1BHK,Rent,19,1,0,0
128,59,3252876,Pune,3BHK,Buy,29,7,0,0
129,35,14873611,Pune,1BHK,Buy,11,4,1,1
130,49,13081982,Bangalore,1BHK,Buy,13,3,1,0
131,56,9937108,Delhi,1BHK,Buy,24,4,0,1
132,33,4960841,Pune,1BHK,Buy,1,9,1,0
133,52,9745073,Mumbai,3BHK,Rent,6,5,1,0
134,27,4592859,Mumbai,1BHK,Buy,22,5,1,0
135,42,9992388,Delhi,1BHK,Buy,25,8,1,1
136,48,7767204,Mumbai,1BHK,Rent,16,7,1,1
137,22,9696124,Pune,3BHK,Buy,2,3,1,0
138,26,3918715,Delhi,1BHK,Buy,14,1,0,0
139,48,8854795,Pune,3BHK,Rent,24,2,1,0
140,48,10880121,Delhi,2BHK,Buy,23,3,1,0
141,40,4177890,Bangalore,3BHK,Buy,18,1,1,0
142,50,14918652,Mumbai,2BHK,Rent,17,1,1,0
143,31,14713525,Delhi,1BHK,Buy,20,8,0,1
144,48,6267905,Bangalore,1BHK,Buy,18,8,0,1
145,45,5175601,Pune,3BHK,Rent,19,2,1,0
146,59,3740584,Bangalore,1BHK,Buy,15,8,1,0
147,53,5217196,Pune,1BHK,Buy,2,2,0,0
148,21,14254825,Delhi,3BHK,Buy,25,5,1,1
149,47,7251208,Delhi,1BHK,Buy,4,1,1,0
150,33,10526013,Mumbai,2BHK,Buy,1,9,0,0
151,23,9067263,Mumbai,2BHK,Rent,8,4,1,0
152,59,10509781,Delhi,1BHK,Buy,20,2,1,0
153,26,2046638,Pune,1BHK,Rent,14,1,0,0
154,28,7444555,Pune,2BHK,Buy,26,6,1,1
155,47,3162496,Delhi,1BHK,Buy,11,8,1,0
156,29,10236843,Pune,2BHK,Rent,27,4,0,1
157,57,12896021,Delhi,3BHK,Rent,24,1,0,0
158,53,14230437,Mumbai,2BHK,Rent,24,1,0,0
159,44,6151538,Pune,1BHK,Buy,25,6,1,1
160,35,9776018,Mumbai,1BHK,Buy,14,2,0,0
161,52,4105039,Bangalore,2BHK,Rent,28,5,1,0
162,52,4064798,Mumbai,2BHK,Buy,16,2,1,0
163,44,4850418,Bangalore,1BHK,Buy,10,9,0,0
164,32,5119810,Mumbai,1BHK,Buy,7,2,1,0
165,59,2821929,Mumbai,1BHK,Buy,16,5,1,0
166,22,8647162,Pune,3BHK,Buy,4,4,0,0
167,23,6910673,Mumbai,3BHK,Rent,12,1,0,0
168,57,9846540,Delhi,2BHK,Buy,12,9,1,1
169,37,5772217,Pune,2BHK,Rent,2,3,1,0
170,22,4027842,Pune,3BHK,Buy,6,8,1,0
171,22,7212281,Pune,3BHK,Buy,20,4,1,1
172,48,2734459,Mumbai,2BHK,Buy,15,9,0,0
173,43,9718742,Pune,3BHK,Buy,15,5,1,1
174,57,12776450,Bangalore,2BHK,Rent,22,2,1,0
175,52,4306648,Bangalore,1BHK,Buy,16,8,1,0
176,53,4789850,Mumbai,2BHK,Buy,24,4,0,0
177,21,11864683,Pune,3BHK,Rent,3,2,0,0
178,39,4703934,Delhi,3BHK,Buy,1,6,0,0
179,22,14005722,Delhi,3BHK,Buy,21,1,1,0
180,46,10697318,Bangalore,2BHK,Buy,12,8,1,1
181,52,6541912,Mumbai,3BHK,Rent,15,9,1,1
182,26,5903869,Mumbai,2BHK,Buy,19,7,1,1
183,52,7371159,Mumbai,1BHK,Rent,6,9,1,0
184,24,14664903,Mumbai,1BHK,Rent,19,2,1,0
185,31,4451976,Mumbai,3BHK,Buy,17,1,1,0
186,37,5197860,Pune,2BHK,Buy,9,7,1,0
187,58,12740829,Pune,2BHK,Buy,21,4,0,1
188,44,6680018,Pune,3BHK,Buy,13,8,0,1
189,25,4780596,Delhi,2BHK,Rent,15,3,0,0
190,54,6040015,Pune,3BHK,Buy,16,7,1,1
191,26,6870807,Mumbai,3BHK,Buy,13,7,0,1
192,42,5237355,Mumbai,1BHK,Buy,2,9,0,0
193,31,2122772,Delhi,3BHK,Rent,2,4,0,0
194,36,6077411,Delhi,2BHK,Buy,11,1,1,0
195,53,7472295,Bangalore,3BHK,Buy,25,7,1,1
196,29,8957038,Delhi,1BHK,Buy,28,6,1,1
197,26,11366077,Bangalore,1BHK,Buy,16,1,0,0
198,36,7756157,Pune,2BHK,Buy,17,9,0,1
199,49,11696197,Mumbai,3BHK,Buy,26,8,0,1
200,23,14384836,Bangalore,2BHK,Buy,3,4,0,0
201,40,11854349,Bangalore,2BHK,Rent,28,5,1,1
202,56,9356148,Bangalore,3BHK,Rent,29,8,1,1
203,39,11095020,Delhi,1BHK,Buy,29,2,0,0
204,46,4801329,Delhi,2BHK,Buy,26,6,1,0
205,23,8525438,Delhi,2BHK,Buy,27,2,1,0
206,39,10680407,Bangalore,1BHK,Rent,23,8,0,1
207,40,10577482,Pune,3BHK,Buy,1,5,0,0
208,52,9223153,Mumbai,3BHK,Buy,18,3,1,0
209,27,12697044,Delhi,3BHK,Rent,14,2,1,0
210,53,8727897,Pune,1BHK,Rent,22,4,0,1
211,59,7433962,Delhi,2BHK,Buy,9,8,1,0
212,38,2473818,Delhi,1BHK,Buy,28,1,0,0
213,21,14517622,Bangalore,2BHK,Rent,9,3,1,0
214,31,5035865,Bangalore,2BHK,Rent,12,1,0,0
215,48,5883424,Delhi,3BHK,Rent,24,2,1,0
216,45,14825630,Mumbai,3BHK,Rent,3,7,1,0
217,43,11105775,Delhi,3BHK,Buy,2,1,0,0
218,51,13033134,Mumbai,1BHK,Buy,1,9,0,0
219,50,5231365,Pune,3BHK,Rent,27,8,1,1
220,55,8766699,Delhi,1BHK,Buy,27,1,1,0
221,27,5828295,Mumbai,3BHK,Buy,9,1,1,0
222,36,14952390,Pune,3BHK,Rent,13,2,0,0
223,46,3724833,Pune,3BHK,Rent,21,2,0,0
224,22,10975979,Bangalore,1BHK,Rent,28,6,0,1
225,21,13629364,Pune,2BHK,Buy,16,1,0,0
226,32,10193421,Bangalore,1BHK,Buy,19,4,1,1
227,25,7864719,Pune,1BHK,Buy,10,7,0,0
228,57,12302122,Pune,1BHK,Rent,26,9,0,1
229,52,11051251,Mumbai,2BHK,Buy,27,3,1,0
230,29,5764040,Mumbai,1BHK,Rent,5,4,1,0
231,55,8110793,Bangalore,3BHK,Buy,14,5,1,1
232,39,8553855,Delhi,2BHK,Rent,27,5,0,1
233,36,5660880,Mumbai,1BHK,Buy,15,2,1,0
234,23,10596235,Pune,1BHK,Buy,28,5,0,1
235,40,7782655,Bangalore,2BHK,Rent,3,1,1,0
236,44,5646277,Bangalore,1BHK,Rent,9,7,0,0
237,53,3592210,Bangalore,2BHK,Buy,29,5,1,0
238,44,4918634,Pune,3BHK,Buy,1,6,0,0
239,31,8562344,Mumbai,1BHK,Rent,1,9,0,0
240,28,9401628,Delhi,1BHK,Buy,19,3,1,0
241,56,5884485,Bangalore,3BHK,Buy,6,1,0,0
242,58,3991226,Pune,1BHK,Rent,11,8,0,0
243,40,11818968,Mumbai,1BHK,Rent,18,2,0,0
244,55,2829119,Mumbai,2BHK,Buy,14,2,1,0
245,45,12286479,Delhi,1BHK,Rent,16,4,1,1
246,55,14573619,Bangalore,3BHK,Buy,1,5,1,0
247,45,12879567,Pune,1BHK,Buy,24,1,1,0
248,49,3054853,Mumbai,2BHK,Rent,27,3,0,0
249,38,7042596,Pune,3BHK,Buy,10,8,1,0
250,38,8424788,Mumbai,3BHK,Buy,25,6,0,1
251,22,5386243,Bangalore,3BHK,Buy,10,3,1,0
252,55,10124897,Bangalore,3BHK,Buy,13,7,0,1
253,36,12158427,Delhi,2BHK,Buy,28,6,1,1
254,56,10675493,Mumbai,2BHK,Rent,1,5,0,0
255,53,14964776,Pune,2BHK,Rent,3,8,1,0
256,24,5445083,Mumbai,2BHK,Buy,14,8,1,1
257,53,6977037,Pune,1BHK,Buy,21,3,0,0
258,34,3535410,Delhi,2BHK,Rent,16,8,1,0
259,41,2349760,Mumbai,1BHK,Buy,23,9,0,0
260,40,9490526,Bangalore,3BHK,Rent,26,3,0,0
261,28,12128157,Pune,1BHK,Rent,20,8,1,1
262,27,11625272,Bangalore,1BHK,Rent,6,8,1,0
263,23,7827278,Delhi,1BHK,Buy,1,7,0,0
264,37,14802513,Delhi,2BHK,Buy,20,8,1,1
265,53,13219042,Pune,2BHK,Buy,24,1,0,0
266,32,2296177,Mumbai,3BHK,Buy,5,3,1,0
267,42,8074525,Bangalore,2BHK,Rent,8,6,1,0
268,42,5406433,Bangalore,1BHK,Buy,12,7,0,1
269,50,13989545,Pune,2BHK,Buy,1,7,0,0
270,58,2012938,Pune,2BHK,Buy,13,6,1,0
271,58,3179418,Pune,1BHK,Rent,26,4,1,0
272,28,2994199,Delhi,3BHK,Buy,9,5,1,0
273,47,7507298,Delhi,2BHK,Rent,20,9,1,1
274,47,3919398,Bangalore,3BHK,Buy,25,1,0,0
275,54,8716487,Mumbai,1BHK,Buy,24,2,0,0
276,41,5614962,Pune,2BHK,Buy,8,5,1,0
277,50,13633708,Delhi,3BHK,Buy,13,5,0,1
278,53,7133783,Mumbai,3BHK,Buy,28,7,1,1
279,48,13811186,Pune,1BHK,Rent,2,8,1,0
280,53,3185622,Mumbai,2BHK,Buy,15,6,1,0
281,25,6192907,Pune,3BHK,Rent,14,6,0,1
282,39,8630064,Mumbai,3BHK,Buy,19,5,0,1
283,24,2545501,Bangalore,3BHK,Buy,26,5,0,0
284,55,14274709,Pune,3BHK,Rent,9,8,0,0
285,37,14331179,Pune,3BHK,Buy,19,5,1,1
286,48,7199039,Bangalore,3BHK,Rent,14,6,1,1
287,50,12400844,Pune,3BHK,Rent,8,3,0,0
288,49,7567768,Pune,3BHK,Buy,5,5,1,0
289,26,8964587,Delhi,3BHK,Buy,7,9,0,0
290,55,3511602,Bangalore,3BHK,Buy,4,3,0,0
291,57,4346118,Delhi,2BHK,Buy,8,8,0,0
292,44,6639596,Bangalore,1BHK,Buy,4,7,0,0
293,49,5465495,Mumbai,1BHK,Rent,21,4,1,1
294,51,11466898,Bangalore,1BHK,Rent,1,5,1,0
295,55,2689746,Bangalore,3BHK,Buy,26,8,1,0
296,53,5517155,Delhi,1BHK,Buy,8,7,0,0
297,41,14900104,Pune,3BHK,Rent,7,2,0,0
298,52,10744047,Bangalore,2BHK,Rent,11,8,1,1
299,43,6206330,Pune,1BHK,Rent,21,8,1,1
300,53,12069671,Bangalore,2BHK,Buy,16,9,0,1
301,23,4980858,Delhi,2BHK,Buy,22,2,1,0
302,38,10677596,Bangalore,3BHK,Rent,17,4,0,1
303,45,14475287,Mumbai,1BHK,Rent,24,2,0,0
304,51,12838319,Bangalore,2BHK,Buy,25,4,1,1
305,23,14637620,Bangalore,1BHK,Rent,27,3,1,0
306,44,4554293,Pune,2BHK,Buy,5,7,0,0
307,52,9935145,Pune,2BHK,Rent,26,5,1,1
308,42,12013046,Mumbai,3BHK,Buy,7,7,0,0
309,43,7590572,Bangalore,1BHK,Rent,10,2,1,0
310,22,12897788,Pune,3BHK,Rent,13,4,0,1
311,47,5856397,Bangalore,3BHK,Rent,20,6,0,1
312,22,7831398,Delhi,3BHK,Rent,15,5,0,1
313,46,4007708,Delhi,3BHK,Buy,6,2,1,0
314,37,11691635,Mumbai,3BHK,Rent,2,7,1,0
315,53,10828452,Delhi,2BHK,Buy,4,2,1,0
316,29,2287249,Pune,1BHK,Rent,21,9,1,0
317,59,10206294,Pune,1BHK,Rent,14,7,1,1
318,49,8805995,Mumbai,3BHK,Buy,25,3,1,0
319,46,6525605,Bangalore,1BHK,Rent,29,6,0,1
320,55,3397955,Pune,2BHK,Rent,25,5,0,0
321,45,2770802,Delhi,3BHK,Buy,24,9,1,0
322,44,6458795,Pune,2BHK,Rent,29,3,1,0
323,33,13236142,Mumbai,2BHK,Rent,15,2,0,0
324,27,14368418,Delhi,3BHK,Rent,28,2,1,0
325,56,14731094,Delhi,2BHK,Buy,14,4,1,1
326,40,5019579,Delhi,3BHK,Rent,4,1,1,0
327,21,11095769,Mumbai,2BHK,Buy,6,9,0,0
328,28,6650291,Mumbai,1BHK,Buy,7,3,1,0
329,36,6319230,Bangalore,1BHK,Buy,13,5,0,1
330,34,10469755,Bangalore,1BHK,Buy,17,2,1,0
331,32,9650311,Bangalore,3BHK,Rent,29,8,0,1
332,43,3592063,Mumbai,2BHK,Rent,17,3,1,0
333,35,10266602,Delhi,2BHK,Buy,4,5,1,0
334,48,14422351,Delhi,1BHK,Rent,19,7,0,1
335,54,8121602,Pune,1BHK,Rent,26,2,0,0
336,22,8512324,Bangalore,3BHK,Rent,20,3,0,0
337,52,4217939,Delhi,3BHK,Rent,13,8,1,0
338,43,8405883,Delhi,2BHK,Rent,29,8,1,1
339,42,8439519,Delhi,3BHK,Rent,9,3,0,0
340,45,8969369,Delhi,3BHK,Buy,2,7,0,0
341,42,6806085,Mumbai,3BHK,Rent,20,2,1,0
342,42,8161018,Bangalore,1BHK,Buy,23,9,0,1
343,26,10877241,Delhi,1BHK,Rent,18,8,0,1
344,35,4896355,Delhi,2BHK,Buy,24,9,1,0
345,57,13659943,Delhi,3BHK,Rent,26,9,0,1
346,53,13421562,Delhi,1BHK,Buy,20,7,1,1
347,28,8371332,Pune,3BHK,Buy,25,4,0,1
348,25,8783564,Delhi,2BHK,Rent,17,5,0,1
349,59,2167071,Delhi,3BHK,Rent,7,7,0,0
350,24,3775823,Delhi,2BHK,Buy,17,5,0,0
351,26,8088960,Pune,2BHK,Rent,27,8,1,1
352,52,9800757,Mumbai,1BHK,Rent,10,5,0,0
353,50,9583754,Pune,3BHK,Rent,27,5,0,1
354,55,8629383,Delhi,1BHK,Rent,25,5,0,1
355,36,4665880,Mumbai,3BHK,Buy,14,4,0,0
356,33,6761631,Delhi,3BHK,Rent,28,7,0,1
357,50,4414551,Mumbai,2BHK,Rent,26,2,1,0
358,39,10460827,Delhi,2BHK,Rent,12,4,1,1
359,37,4807501,Delhi,3BHK,Rent,29,3,1,0
360,39,3846252,Mumbai,1BHK,Buy,26,8,0,0
361,48,5764610,Mumbai,2BHK,Rent,12,7,1,1
362,46,9660771,Delhi,2BHK,Rent,17,3,0,0
363,57,13180671,Pune,3BHK,Rent,19,4,1,1
364,46,6912894,Pune,3BHK,Buy,28,4,1,1
365,43,2366042,Pune,2BHK,Rent,23,7,0,0
366,29,7533395,Pune,1BHK,Buy,14,8,1,1
367,32,8451406,Mumbai,2BHK,Rent,29,4,0,1
368,21,4264381,Mumbai,3BHK,Rent,17,8,1,0
369,21,7248794,Pune,2BHK,Buy,15,1,0,0
370,54,11726508,Bangalore,3BHK,Buy,21,9,0,1
371,52,9212648,Bangalore,2BHK,Rent,6,7,0,0
372,45,11253656,Bangalore,3BHK,Rent,19,4,0,1
373,21,11664745,Delhi,3BHK,Rent,29,8,0,1
374,36,9527467,Pune,1BHK,Rent,22,2,0,0
375,59,8910957,Delhi,3BHK,Rent,20,8,1,1
376,25,13047853,Mumbai,2BHK,Buy,6,6,0,0
377,42,4503821,Mumbai,3BHK,Rent,6,7,1,0
378,49,6872367,Bangalore,2BHK,Buy,4,7,1,0
379,23,3238669,Bangalore,1BHK,Buy,1,2,0,0
380,32,4191951,Mumbai,2BHK,Rent,19,2,0,0
381,46,6816977,Bangalore,1BHK,Rent,11,4,1,1
382,36,9051398,Bangalore,1BHK,Buy,26,6,1,1
383,57,10339150,Mumbai,3BHK,Buy,7,4,0,0
384,42,9428951,Delhi,1BHK,Rent,2,6,0,0
385,49,2924914,Bangalore,2BHK,Buy,4,5,1,0
386,34,2605750,Delhi,1BHK,Buy,6,6,1,0
387,48,2179340,Bangalore,1BHK,Buy,5,9,1,0
388,25,9371191,Pune,3BHK,Rent,22,6,0,1
389,50,6236343,Delhi,2BHK,Rent,21,6,0,1
390,25,4854414,Delhi,1BHK,Buy,9,8,1,0
391,32,11484984,Bangalore,3BHK,Buy,11,5,1,1
392,36,12788665,Delhi,3BHK,Rent,28,5,0,1
393,46,4796175,Pune,2BHK,Rent,29,1,1,0
394,46,9945223,Mumbai,3BHK,Buy,18,6,0,1
395,41,5055068,Pune,1BHK,Rent,20,1,0,0
396,59,7361878,Mumbai,3BHK,Rent,17,8,0,1
397,56,10629932,Pune,2BHK,Rent,28,9,1,1
398,53,6622887,Pune,2BHK,Rent,13,6,0,1
399,50,5659248,Delhi,3BHK,Rent,23,9,0,1
400,57,8166197,Pune,1BHK,Buy,17,2,0,0
401,43,13856374,Bangalore,3BHK,Buy,22,9,1,1
402,30,10621837,Bangalore,2BHK,Rent,26,4,1,1
403,25,2837876,Bangalore,3BHK,Rent,10,3,0,0
404,56,13437533,Bangalore,3BHK,Rent,29,1,0,0
405,54,3088894,Delhi,1BHK,Rent,25,1,1,0
406,51,4789530,Bangalore,3BHK,Buy,18,8,0,0
407,30,10512686,Pune,1BHK,Buy,17,2,1,0
408,39,10428367,Bangalore,3BHK,Rent,12,1,1,0
409,52,9835958,Delhi,3BHK,Rent,15,2,1,0
410,21,7923808,Mumbai,1BHK,Rent,27,3,1,0
411,25,14962091,Pune,1BHK,Rent,27,4,0,1
412,24,4950161,Pune,2BHK,Rent,27,9,1,0
413,36,6561679,Delhi,1BHK,Buy,26,7,0,1
414,44,11420811,Mumbai,3BHK,Buy,29,5,0,1
415,36,8976915,Bangalore,2BHK,Rent,19,5,1,1
416,22,8725311,Mumbai,1BHK,Rent,22,6,1,1
417,48,11279719,Pune,1BHK,Buy,15,1,1,0
418,52,12771386,Pune,2BHK,Buy,13,6,1,1
419,47,9671388,Pune,3BHK,Buy,7,6,1,0
420,40,7691357,Mumbai,3BHK,Rent,11,5,0,1
421,44,9107936,Bangalore,2BHK,Buy,8,9,1,0
422,32,5017721,Pune,3BHK,Rent,20,5,1,1
423,55,7638132,Delhi,1BHK,Rent,16,9,0,1
424,53,7653020,Bangalore,3BHK,Buy,24,7,1,1
425,53,14974549,Pune,1BHK,Rent,23,3,0,0
426,57,9400236,Bangalore,3BHK,Buy,11,9,1,1
427,32,9897164,Delhi,1BHK,Rent,24,7,0,1
428,23,6443131,Mumbai,2BHK,Buy,5,4,0,0
429,21,10633864,Pune,1BHK,Buy,26,9,1,1
430,53,8635543,Delhi,3BHK,Buy,7,6,1,0
431,30,12507278,Pune,1BHK,Buy,16,9,0,1
432,49,2410275,Pune,3BHK,Rent,16,4,1,0
433,33,9887372,Mumbai,3BHK,Buy,20,2,0,0
434,32,3829210,Mumbai,1BHK,Buy,29,9,0,0
435,51,2594091,Bangalore,3BHK,Buy,17,4,0,0
436,22,2071524,Delhi,2BHK,Buy,19,2,0,0
437,55,9040326,Delhi,3BHK,Rent,28,7,0,1
438,43,11956039,Mumbai,2BHK,Buy,26,7,1,1
439,37,11264612,Pune,2BHK,Rent,15,5,0,1
440,46,12363368,Bangalore,3BHK,Rent,25,5,1,1
441,28,6785613,Mumbai,2BHK,Rent,15,8,1,1
442,49,4832761,Bangalore,2BHK,Buy,27,6,0,0
443,46,8573643,Bangalore,1BHK,Rent,20,1,1,0
444,30,4092195,Delhi,2BHK,Buy,21,4,0,0
445,46,9342451,Bangalore,2BHK,Buy,15,1,1,0
446,54,12149436,Delhi,2BHK,Buy,3,5,1,0
447,27,11559015,Pune,2BHK,Rent,12,5,0,1
448,24,2768976,Pune,2BHK,Buy,27,4,0,0
449,31,6631004,Mumbai,3BHK,Rent,6,9,1,0
450,49,3243517,Pune,2BHK,Rent,20,8,1,0
451,56,11613466,Delhi,3BHK,Rent,5,3,1,0
452,45,12281216,Bangalore,3BHK,Rent,11,5,0,1
453,41,8145779,Bangalore,3BHK,Buy,23,6,0,1
454,56,6534945,Pune,1BHK,Buy,12,5,1,1
455,30,11021507,Delhi,1BHK,Buy,7,8,0,0
456,57,5283287,Bangalore,3BHK,Buy,9,5,0,0
457,29,5992852,Pune,1BHK,Buy,18,8,1,1
458,44,13072160,Delhi,2BHK,Rent,14,3,0,0
459,55,11337222,Delhi,3BHK,Rent,4,5,1,0
460,55,13773376,Bangalore,3BHK,Rent,8,4,1,0
461,56,10306946,Mumbai,3BHK,Buy,16,6,0,1
462,38,13243499,Mumbai,1BHK,Rent,4,3,0,0
463,59,5137358,Delhi,1BHK,Buy,28,4,1,1
464,52,7184975,Delhi,1BHK,Rent,19,4,1,1
465,44,6542709,Pune,2BHK,Rent,26,5,0,1
466,43,6385500,Delhi,1BHK,Rent,6,6,1,0
467,52,14279994,Pune,3BHK,Buy,19,2,1,0
468,57,9784197,Pune,1BHK,Buy,15,8,0,1
469,32,3762204,Pune,1BHK,Buy,12,4,0,0
470,33,12448244,Delhi,1BHK,Buy,12,7,1,1
471,43,5380795,Delhi,1BHK,Rent,2,7,1,0
472,45,10076693,Pune,3BHK,Buy,9,2,1,0
473,55,13930748,Bangalore,1BHK,Buy,3,7,1,0
474,50,6531536,Delhi,3BHK,Rent,1,1,1,0
475,37,10298836,Mumbai,1BHK,Rent,14,2,0,0
476,40,7423666,Bangalore,2BHK,Rent,28,5,1,1
477,45,14325514,Mumbai,2BHK,Buy,28,8,1,1
478,42,9146423,Delhi,3BHK,Rent,13,7,1,1
479,33,9405382,Bangalore,3BHK,Rent,29,3,1,0
480,39,4278569,Delhi,2BHK,Buy,25,9,0,0
481,56,8532134,Delhi,2BHK,Rent,5,5,1,0
482,32,14501060,Bangalore,1BHK,Buy,7,3,1,0
483,39,2343275,Delhi,2BHK,Buy,14,7,1,0
484,32,11459247,Bangalore,3BHK,Buy,16,4,1,1
485,29,13999288,Delhi,3BHK,Rent,18,1,0,0
486,27,14555540,Pune,2BHK,Rent,14,5,0,1
487,48,8118225,Mumbai,3BHK,Rent,1,8,1,0
488,34,9681122,Pune,1BHK,Buy,6,4,0,0
489,51,3225619,Delhi,1BHK,Rent,29,7,1,0
490,39,6328974,Delhi,2BHK,Buy,21,8,0,1
491,36,12496324,Delhi,3BHK,Rent,10,9,0,0
492,25,13252172,Pune,2BHK,Buy,6,9,0,0
493,55,5662667,Delhi,3BHK,Buy,2,5,0,0
494,32,12797629,Bangalore,3BHK,Buy,7,6,1,0
495,45,5756150,Mumbai,3BHK,Buy,17,7,0,1
496,41,4203092,Delhi,1BHK,Buy,27,2,0,0
497,56,7171748,Delhi,3BHK,Buy,24,9,0,1
498,43,4683525,Mumbai,1BHK,Buy,14,1,0,0
499,36,11979334,Mumbai,3BHK,Buy,23,6,1,1
500,59,11709593,Mumbai,2BHK,Buy,7,6,1,0
501,59,14769263,Pune,1BHK,Buy,22,7,1,1
502,34,12023943,Pune,1BHK,Buy,26,2,1,0
503,51,13625416,Delhi,1BHK,Buy,21,6,1,1
504,25,12958810,Mumbai,2BHK,Rent,9,6,0,0
505,55,2456195,Delhi,1BHK,Rent,19,9,1,0
506,43,6512276,Delhi,2BHK,Buy,25,8,0,1
507,49,3539998,Delhi,3BHK,Rent,21,5,0,0
508,31,5524756,Pune,3BHK,Buy,24,7,0,1
509,38,12069479,Mumbai,2BHK,Rent,11,7,1,1
510,32,6973198,Delhi,1BHK,Buy,3,5,0,0
511,29,12338036,Pune,1BHK,Rent,23,7,0,1
512,30,12136496,Bangalore,2BHK,Buy,26,3,0,0
513,37,3528362,Bangalore,3BHK,Rent,4,7,0,0
514,58,11417128,Delhi,2BHK,Buy,5,6,1,0
515,27,13804964,Delhi,1BHK,Rent,4,6,0,0
516,33,11761976,Mumbai,1BHK,Rent,13,2,0,0
517,29,5701339,Mumbai,1BHK,Rent,9,2,1,0
518,47,2881037,Delhi,1BHK,Buy,28,7,1,0
519,22,5626307,Pune,3BHK,Rent,23,1,1,0
520,25,13789876,Delhi,3BHK,Rent,14,9,0,1
521,49,10643155,Mumbai,3BHK,Buy,16,3,0,0
522,57,8601568,Mumbai,1BHK,Buy,22,6,0,1
523,58,4368403,Pune,1BHK,Rent,6,3,1,0
524,39,11951940,Delhi,1BHK,Buy,27,9,1,1
525,28,13065829,Mumbai,2BHK,Rent,10,7,0,0
526,21,14479210,Delhi,1BHK,Rent,23,1,1,0
527,42,6650215,Mumbai,3BHK,Buy,21,4,1,1
528,37,10223269,Bangalore,3BHK,Rent,26,5,1,1
529,27,11724979,Bangalore,3BHK,Rent,13,7,1,1
530,45,9659150,Bangalore,2BHK,Buy,3,7,0,0
531,24,12980269,Mumbai,3BHK,Buy,27,5,0,1
532,56,10412054,Pune,2BHK,Rent,11,1,0,0
533,26,8024587,Bangalore,2BHK,Rent,3,5,0,0
534,51,11606364,Mumbai,2BHK,Rent,7,5,0,0
535,39,10332715,Delhi,1BHK,Buy,27,4,1,1
536,59,4625263,Bangalore,1BHK,Rent,10,6,0,0
537,47,4241678,Pune,3BHK,Rent,1,8,0,0
538,30,13145052,Pune,3BHK,Rent,4,5,1,0
539,46,7122028,Pune,2BHK,Buy,26,8,1,1
540,39,10593770,Delhi,1BHK,Rent,8,5,1,0
541,59,14855566,Delhi,3BHK,Rent,20,3,1,0
542,23,4763049,Pune,3BHK,Buy,17,8,1,0
543,33,4203087,Pune,1BHK,Buy,5,4,1,0
544,48,4952718,Pune,2BHK,Rent,17,3,1,0
545,40,6952297,Delhi,3BHK,Buy,9,3,1,0
546,48,12739738,Delhi,3BHK,Rent,8,6,0,0
547,28,2376924,Mumbai,1BHK,Rent,7,8,1,0
548,59,2387688,Bangalore,1BHK,Buy,5,5,1,0
549,21,13002164,Delhi,2BHK,Rent,4,1,0,0
550,23,8094899,Pune,2BHK,Rent,23,1,0,0
551,33,14403006,Bangalore,3BHK,Rent,3,3,0,0
552,48,4435016,Delhi,2BHK,Rent,8,6,1,0
553,45,3070648,Bangalore,3BHK,Rent,5,2,0,0
554,53,14663927,Mumbai,3BHK,Buy,5,1,0,0
555,58,14807987,Delhi,1BHK,Rent,17,7,1,1
556,26,5890026,Pune,3BHK,Rent,29,2,0,0
557,52,14759686,Pune,1BHK,Buy,15,8,0,1
558,41,6558708,Mumbai,3BHK,Buy,26,2,1,0
559,36,6593577,Mumbai,3BHK,Buy,27,1,0,0
560,41,8322372,Mumbai,3BHK,Buy,8,2,1,0
561,31,10940164,Mumbai,2BHK,Buy,7,2,0,0
562,57,14233674,Mumbai,2BHK,Buy,17,7,0,1
563,56,14302590,Delhi,1BHK,Buy,12,1,0,0
564,55,6188136,Delhi,3BHK,Buy,28,3,1,0
565,39,12932559,Bangalore,1BHK,Rent,4,5,0,0
566,40,13089448,Mumbai,1BHK,Rent,20,7,0,1
567,38,6490741,Pune,3BHK,Buy,28,6,0,1
568,34,14170205,Pune,2BHK,Rent,25,8,0,1
569,35,9347075,Mumbai,2BHK,Rent,26,1,0,0
570,51,14689921,Mumbai,1BHK,Rent,18,7,0,1
571,21,9249602,Mumbai,2BHK,Rent,4,9,1,0
572,23,12249925,Mumbai,3BHK,Rent,10,7,1,0
573,36,9859498,Mumbai,3BHK,Buy,3,6,1,0
574,43,4906868,Pune,2BHK,Buy,26,9,1,0
575,31,6058961,Bangalore,2BHK,Rent,5,4,1,0
576,32,5246532,Mumbai,1BHK,Buy,12,6,0,1
577,30,6263304,Mumbai,2BHK,Rent,23,6,1,1
578,52,14667091,Mumbai,1BHK,Rent,5,3,0,0
579,36,6125339,Delhi,3BHK,Rent,5,7,1,0
580,28,3900057,Pune,3BHK,Buy,4,1,0,0
581,58,12252881,Pune,3BHK,Rent,25,8,1,1
582,32,14009042,Bangalore,2BHK,Rent,6,8,0,0
583,44,2784514,Delhi,2BHK,Rent,10,8,0,0
584,48,11461064,Delhi,2BHK,Buy,6,9,1,0
585,28,3919587,Delhi,1BHK,Rent,27,4,1,0
586,48,13927807,Bangalore,1BHK,Buy,22,6,0,1
587,56,14977630,Bangalore,1BHK,Rent,22,7,1,1
588,46,13211312,Bangalore,3BHK,Rent,1,2,1,0
589,28,8760510,Delhi,1BHK,Rent,16,6,0,1
590,48,7051702,Pune,2BHK,Buy,11,8,0,1
591,48,12658198,Delhi,2BHK,Rent,6,4,0,0
592,57,12906401,Bangalore,3BHK,Rent,20,5,1,1
593,56,6639848,Delhi,2BHK,Rent,18,8,0,1
594,47,4866792,Mumbai,2BHK,Rent,6,3,0,0
595,37,7834564,Delhi,2BHK,Rent,17,6,1,1
596,29,13868174,Delhi,1BHK,Rent,12,1,0,0
597,53,13933358,Pune,1BHK,Buy,17,4,0,1
598,40,6673794,Pune,2BHK,Rent,21,6,1,1
599,33,4153883,Pune,2BHK,Buy,22,3,0,0
600,48,9415042,Mumbai,2BHK,Rent,18,1,1,0
601,49,12437221,Pune,2BHK,Buy,10,6,1,0
602,33,4346243,Mumbai,1BHK,Rent,24,3,0,0
603,55,6265630,Bangalore,3BHK,Buy,20,8,0,1
604,26,10726458,Pune,2BHK,Rent,12,7,1,1
605,38,5679020,Delhi,1BHK,Buy,4,7,1,0
606,25,9455050,Delhi,2BHK,Rent,10,8,1,0
607,45,11881764,Mumbai,3BHK,Buy,5,7,1,0
608,22,2488968,Pune,1BHK,Rent,26,5,1,0
609,30,6248949,Delhi,1BHK,Rent,4,8,1,0
610,50,3580096,Bangalore,3BHK,Rent,27,8,1,0
611,25,7821934,Pune,3BHK,Buy,16,8,0,1
612,53,3693465,Bangalore,1BHK,Buy,5,6,1,0
613,21,6275892,Delhi,3BHK,Buy,26,2,0,0
614,38,14064537,Pune,2BHK,Rent,19,8,1,1
615,52,9976726,Mumbai,3BHK,Buy,24,1,0,0
616,31,14696605,Delhi,3BHK,Rent,6,9,0,0
617,41,12054921,Bangalore,1BHK,Rent,24,9,1,1
618,46,4107719,Pune,3BHK,Rent,21,6,1,0
619,45,11999851,Bangalore,1BHK,Rent,7,6,0,0
620,42,9602495,Bangalore,2BHK,Rent,10,6,0,0
621,47,9430037,Mumbai,3BHK,Rent,7,4,0,0
622,33,7990266,Mumbai,3BHK,Rent,22,1,1,0
623,53,12617161,Delhi,1BHK,Buy,14,1,1,0
624,54,12691219,Mumbai,1BHK,Buy,28,1,1,0
625,55,12546792,Mumbai,3BHK,Rent,10,5,0,0
626,21,2699438,Delhi,1BHK,Rent,29,7,1,0
627,41,7069398,Delhi,3BHK,Buy,20,1,1,0
628,26,5691316,Delhi,2BHK,Rent,22,1,1,0
629,48,9153588,Delhi,3BHK,Buy,25,6,0,1
630,37,6192896,Bangalore,2BHK,Rent,11,2,0,0
631,25,7687041,Bangalore,2BHK,Rent,14,2,0,0
632,51,4677049,Delhi,1BHK,Buy,12,7,1,0
633,25,4288786,Delhi,1BHK,Buy,4,9,0,0
634,58,13100093,Pune,1BHK,Rent,13,8,0,1
635,23,6986439,Pune,1BHK,Rent,22,2,0,0
636,43,4845157,Pune,3BHK,Buy,22,7,0,0
637,57,7568139,Mumbai,2BHK,Buy,29,5,1,1
638,57,7220761,Bangalore,3BHK,Buy,3,4,0,0
639,30,2219162,Bangalore,2BHK,Rent,13,4,1,0
640,30,6053492,Pune,2BHK,Buy,20,4,0,1
641,39,4841852,Pune,2BHK,Rent,19,9,1,0
642,37,5313723,Bangalore,3BHK,Buy,15,7,0,1
643,41,3340522,Mumbai,1BHK,Buy,19,7,0,0
644,34,3401051,Pune,3BHK,Buy,26,4,1,0
645,29,12941880,Delhi,2BHK,Buy,28,9,0,1
646,21,9269122,Pune,3BHK,Rent,20,8,0,1
647,33,5270514,Bangalore,2BHK,Rent,29,4,1,1
648,24,5738163,Bangalore,1BHK,Buy,4,6,1,0
649,21,10934971,Pune,1BHK,Rent,6,4,0,0
650,52,14569121,Pune,3BHK,Rent,29,1,0,0
651,54,14402783,Delhi,1BHK,Rent,15,5,0,1
652,48,9349336,Delhi,2BHK,Buy,4,3,0,0
653,51,14712763,Mumbai,2BHK,Buy,6,1,0,0
654,28,9722905,Mumbai,1BHK,Rent,2,2,1,0
655,59,11496806,Delhi,1BHK,Buy,4,2,0,0
656,46,5462087,Mumbai,1BHK,Buy,18,8,0,1
657,54,12297589,Mumbai,3BHK,Buy,15,4,0,1
658,23,12070126,Pune,3BHK,Buy,12,3,0,0
659,32,9745769,Delhi,2BHK,Rent,8,4,0,0
660,21,13783445,Pune,3BHK,Rent,12,1,1,0
661,25,2286172,Pune,3BHK,Buy,9,1,0,0
662,50,14883071,Mumbai,2BHK,Rent,7,5,0,0
663,50,10082668,Pune,2BHK,Rent,22,7,1,1
664,37,2561133,Bangalore,1BHK,Rent,8,9,0,0
665,43,8116130,Mumbai,1BHK,Rent,20,7,0,1
666,35,3649258,Bangalore,3BHK,Rent,10,5,0,0
667,57,6369535,Mumbai,2BHK,Buy,11,3,1,0
668,41,9420754,Pune,3BHK,Rent,2,8,1,0
669,34,6159962,Mumbai,3BHK,Rent,4,7,1,0
670,22,6481678,Bangalore,2BHK,Buy,21,4,0,1
671,31,3665418,Mumbai,2BHK,Buy,25,1,0,0
672,59,13583598,Bangalore,2BHK,Buy,21,3,0,0
673,58,13493465,Delhi,2BHK,Rent,25,8,0,1
674,54,14624634,Pune,3BHK,Rent,9,2,1,0
675,58,2695519,Bangalore,3BHK,Buy,8,9,1,0
676,54,10629348,Delhi,3BHK,Rent,5,4,0,0
677,38,13635144,Pune,2BHK,Buy,14,7,1,1
678,50,6449720,Delhi,1BHK,Buy,28,7,0,1
679,35,3310704,Bangalore,3BHK,Rent,2,8,0,0
680,47,7641335,Pune,1BHK,Buy,21,7,1,1
681,54,13256100,Delhi,1BHK,Rent,27,4,1,1
682,58,8121263,Bangalore,1BHK,Buy,17,7,1,1
683,53,7555910,Delhi,2BHK,Buy,8,5,0,0
684,44,13375616,Pune,2BHK,Buy,2,7,0,0
685,35,8396153,Pune,3BHK,Rent,23,3,1,0
686,50,14022411,Pune,3BHK,Buy,15,7,1,1
687,37,13765908,Bangalore,2BHK,Buy,27,7,1,1
688,25,9048586,Delhi,2BHK,Buy,2,2,1,0
689,49,12057771,Delhi,1BHK,Rent,28,8,1,1
690,24,13175794,Bangalore,2BHK,Rent,11,7,0,1
691,30,7221995,Pune,2BHK,Rent,14,9,0,1
692,37,9846989,Mumbai,2BHK,Rent,21,4,1,1
693,30,13697377,Pune,2BHK,Rent,10,9,1,0
694,37,3587361,Mumbai,1BHK,Buy,7,1,0,0
695,40,12342531,Pune,3BHK,Buy,22,5,0,1
696,44,10646079,Bangalore,1BHK,Buy,14,7,1,1
697,25,12577779,Mumbai,2BHK,Buy,13,4,0,1
698,54,3763190,Bangalore,2BHK,Rent,21,7,1,0
699,26,3157593,Mumbai,3BHK,Buy,22,9,0,0
700,22,2855817,Delhi,3BHK,Rent,2,5,0,0
701,33,8509676,Mumbai,3BHK,Rent,10,5,1,0
702,31,5250881,Mumbai,1BHK,Rent,1,2,1,0
703,43,2558114,Mumbai,3BHK,Buy,1,5,0,0
704,36,6828626,Delhi,2BHK,Rent,24,8,1,1
705,51,10320901,Bangalore,2BHK,Buy,3,4,1,0
706,31,3657106,Delhi,2BHK,Rent,11,2,1,0
707,36,3958074,Mumbai,1BHK,Buy,19,8,1,0
708,28,3622964,Pune,3BHK,Buy,9,4,0,0
709,24,10085491,Delhi,3BHK,Rent,13,5,0,1
710,24,8154482,Pune,3BHK,Rent,22,7,0,1
711,45,2358349,Delhi,3BHK,Buy,4,5,0,0
712,23,3061385,Delhi,2BHK,Buy,20,4,0,0
713,52,7831618,Mumbai,1BHK,Rent,23,7,0,1
714,23,9303950,Bangalore,3BHK,Rent,6,4,1,0
715,47,8102102,Bangalore,2BHK,Rent,2,4,0,0
716,49,11548310,Mumbai,2BHK,Buy,9,2,1,0
717,52,10741073,Delhi,1BHK,Rent,18,5,1,1
718,39,11177133,Bangalore,3BHK,Buy,24,8,1,1
719,41,6763090,Bangalore,1BHK,Rent,4,4,0,0
720,25,9980571,Bangalore,3BHK,Rent,26,2,0,0
721,38,12002457,Mumbai,1BHK,Rent,1,9,1,0
722,48,5096750,Pune,3BHK,Buy,1,6,0,0
723,42,8682115,Pune,3BHK,Buy,25,3,0,0
724,41,14600630,Pune,1BHK,Buy,20,5,1,1
725,26,14932674,Pune,3BHK,Buy,17,6,1,1
726,21,8354054,Pune,1BHK,Rent,19,9,0,1
727,25,12301494,Bangalore,1BHK,Rent,3,5,0,0
728,32,7517263,Bangalore,3BHK,Rent,23,9,0,1
729,46,2818706,Delhi,3BHK,Buy,22,1,0,0
730,54,14463259,Bangalore,1BHK,Buy,24,4,1,1
731,34,12631835,Mumbai,2BHK,Rent,23,1,0,0
732,46,3734802,Delhi,1BHK,Rent,17,2,1,0
733,47,10837718,Bangalore,2BHK,Buy,3,2,1,0
734,29,8137875,Delhi,2BHK,Buy,25,5,1,1
735,46,14049676,Delhi,1BHK,Buy,4,1,1,0
736,42,14195370,Pune,1BHK,Buy,27,3,0,0
737,50,3774474,Delhi,1BHK,Rent,28,6,1,0
738,37,13889583,Bangalore,2BHK,Buy,27,1,0,0
739,46,5212174,Pune,1BHK,Rent,29,1,0,0
740,56,2553360,Bangalore,1BHK,Rent,13,3,1,0
741,21,6228021,Pune,3BHK,Rent,15,9,1,1
742,28,14801329,Bangalore,3BHK,Buy,12,2,0,0
743,55,12865106,Pune,3BHK,Rent,3,6,1,0
744,35,2384533,Pune,1BHK,Rent,21,3,1,0
745,42,6303829,Mumbai,1BHK,Rent,8,6,0,0
746,34,5602294,Bangalore,1BHK,Buy,1,7,1,0
747,46,3261668,Delhi,2BHK,Rent,18,7,1,0
748,48,5150374,Pune,2BHK,Rent,13,2,1,0
749,43,4399009,Bangalore,3BHK,Rent,7,3,0,0
750,34,3378656,Pune,2BHK,Buy,13,4,1,0
751,44,11612587,Mumbai,2BHK,Buy,17,8,0,1
752,22,6478633,Mumbai,2BHK,Rent,13,5,0,1
753,46,10735015,Mumbai,3BHK,Rent,29,1,1,0
754,34,9045472,Mumbai,3BHK,Buy,13,9,0,1
755,27,10965003,Delhi,2BHK,Buy,11,1,1,0
756,23,2769153,Delhi,1BHK,Buy,14,2,1,0
757,43,3508346,Pune,3BHK,Rent,21,7,0,0
758,38,2803995,Bangalore,2BHK,Buy,10,3,0,0
759,58,10666453,Mumbai,1BHK,Buy,8,6,1,0
760,55,3248720,Mumbai,1BHK,Buy,6,8,0,0
761,35,7160025,Delhi,3BHK,Buy,19,5,0,1
762,45,10302146,Delhi,1BHK,Rent,23,1,0,0
763,57,4836934,Mumbai,3BHK,Buy,19,3,1,0
764,48,12404819,Bangalore,2BHK,Rent,12,2,1,0
765,30,8944075,Pune,3BHK,Buy,21,6,1,1
766,59,12585040,Pune,1BHK,Rent,7,5,1,0
767,37,11102683,Pune,3BHK,Rent,18,7,1,1
768,59,11423080,Pune,3BHK,Rent,26,2,0,0
769,42,3087241,Bangalore,2BHK,Rent,20,6,0,0
770,46,12763861,Bangalore,1BHK,Buy,18,5,1,1
771,45,13451391,Bangalore,3BHK,Rent,23,6,1,1
772,37,14366776,Delhi,2BHK,Rent,3,5,0,0
773,33,5929301,Mumbai,2BHK,Rent,9,7,1,0
774,40,11076843,Bangalore,2BHK,Rent,27,5,1,1
775,45,4210980,Pune,2BHK,Rent,6,7,0,0
776,24,9997018,Bangalore,2BHK,Buy,1,1,1,0
777,30,3139391,Mumbai,3BHK,Rent,10,9,1,0
778,23,11377877,Delhi,3BHK,Rent,8,6,1,0
779,38,7970653,Pune,1BHK,Rent,29,9,1,1
780,56,5970471,Delhi,3BHK,Rent,23,1,0,0
781,42,6226660,Bangalore,1BHK,Rent,17,2,1,0
782,54,7508833,Pune,1BHK,Buy,3,7,1,0
783,28,11349483,Pune,1BHK,Buy,3,4,0,0
784,39,3869883,Bangalore,3BHK,Buy,3,1,0,0
785,57,12202593,Bangalore,2BHK,Rent,7,5,1,0
786,26,2271609,Mumbai,1BHK,Rent,22,4,1,0
787,46,5867183,Bangalore,2BHK,Buy,11,6,0,1
788,54,5481716,Bangalore,1BHK,Rent,28,7,0,1
789,26,4293474,Bangalore,3BHK,Buy,18,3,0,0
790,57,12310505,Pune,1BHK,Rent,5,6,0,0
791,53,14073874,Mumbai,3BHK,Rent,22,2,0,0
792,42,8337479,Pune,2BHK,Rent,28,4,0,1
793,41,7868518,Bangalore,3BHK,Buy,2,9,0,0
794,26,10566304,Mumbai,2BHK,Buy,14,7,0,1
795,26,3589291,Bangalore,3BHK,Buy,1,2,1,0
796,24,2426492,Pune,1BHK,Buy,4,6,1,0
797,50,4955227,Pune,1BHK,Buy,14,4,1,0
798,31,4307236,Bangalore,3BHK,Buy,15,8,1,0
799,50,11571695,Mumbai,2BHK,Rent,28,8,1,1
800,51,5224400,Pune,2BHK,Buy,20,1,1,0
801,44,8613889,Bangalore,2BHK,Buy,20,8,0,1
802,29,7653278,Delhi,3BHK,Buy,17,7,1,1
803,23,2463723,Bangalore,3BHK,Buy,3,1,0,0
804,51,9784160,Bangalore,3BHK,Rent,23,3,1,0
805,57,7138717,Mumbai,3BHK,Buy,4,5,1,0
806,56,12505419,Bangalore,2BHK,Buy,18,3,1,0
807,44,2686763,Delhi,2BHK,Buy,24,3,1,0
808,51,9585291,Bangalore,3BHK,Buy,27,1,1,0
809,26,11863986,Delhi,3BHK,Rent,1,8,1,0
810,22,8301816,Pune,2BHK,Rent,29,9,1,1
811,40,9099312,Bangalore,2BHK,Rent,25,5,1,1
812,48,14037783,Mumbai,1BHK,Buy,5,1,0,0
813,31,4145943,Bangalore,3BHK,Buy,18,1,1,0
814,24,6590585,Delhi,1BHK,Buy,13,9,1,1
815,35,14258491,Delhi,2BHK,Rent,14,1,1,0
816,26,14043146,Mumbai,2BHK,Rent,20,9,0,1
817,50,3323020,Delhi,3BHK,Buy,3,3,0,0
818,58,4654810,Bangalore,1BHK,Buy,23,3,0,0
819,22,6919495,Delhi,2BHK,Buy,6,4,0,0
820,35,9367241,Bangalore,1BHK,Rent,27,5,0,1
821,31,10890111,Bangalore,1BHK,Buy,28,6,0,1
822,28,12456519,Delhi,1BHK,Rent,11,6,1,1
823,46,6477375,Mumbai,1BHK,Rent,9,9,1,0
824,25,5704595,Pune,1BHK,Rent,20,1,1,0
825,26,3844040,Mumbai,3BHK,Rent,28,9,1,0
826,46,8908998,Pune,3BHK,Buy,19,4,0,1
827,24,2864845,Mumbai,1BHK,Rent,7,7,0,0
828,39,4006811,Bangalore,3BHK,Buy,22,6,1,0
829,40,13523201,Bangalore,2BHK,Rent,21,9,1,1
830,53,9977848,Delhi,1BHK,Buy,10,2,0,0
831,40,3434636,Pune,3BHK,Rent,7,2,0,0
832,32,5908308,Pune,3BHK,Rent,5,7,0,0
833,21,12295918,Delhi,2BHK,Rent,25,9,1,1
834,46,9332827,Mumbai,2BHK,Buy,28,5,0,1
835,34,2705314,Delhi,2BHK,Rent,4,7,0,0
836,58,5394070,Mumbai,2BHK,Rent,17,8,1,1
837,57,5889453,Delhi,1BHK,Rent,26,8,1,1
838,31,11260797,Pune,3BHK,Rent,28,4,1,1
839,56,13952654,Pune,3BHK,Buy,5,7,1,0
840,33,5957874,Mumbai,2BHK,Buy,17,1,0,0
841,23,5578687,Pune,3BHK,Buy,28,4,0,1
842,53,3182200,Pune,3BHK,Buy,29,5,1,0
843,26,6775219,Pune,3BHK,Rent,17,7,0,1
844,30,14235683,Pune,2BHK,Rent,17,6,0,1
845,25,11779138,Bangalore,3BHK,Rent,1,4,1,0
846,43,3093956,Delhi,3BHK,Buy,24,3,1,0
847,30,12646082,Delhi,3BHK,Rent,2,6,0,0
848,22,10063736,Bangalore,1BHK,Buy,25,5,1,1
849,33,5648338,Pune,1BHK,Buy,23,3,1,0
850,22,3431041,Delhi,3BHK,Buy,27,4,0,0
851,40,9859371,Delhi,3BHK,Rent,19,2,1,0
852,21,7025764,Delhi,3BHK,Rent,9,9,0,0
853,57,8962111,Mumbai,3BHK,Rent,20,7,1,1
854,29,8142453,Bangalore,3BHK,Buy,23,3,0,0
855,37,9289165,Mumbai,3BHK,Rent,15,8,1,1
856,29,2272667,Mumbai,1BHK,Rent,19,8,1,0
857,31,5453402,Bangalore,2BHK,Buy,5,1,0,0
858,35,10123445,Delhi,3BHK,Rent,13,5,0,1
859,44,12417730,Mumbai,3BHK,Rent,4,5,1,0
860,58,2112035,Delhi,3BHK,Buy,13,3,0,0
861,55,11612901,Mumbai,2BHK,Buy,6,2,0,0
862,50,7698238,Delhi,3BHK,Rent,12,1,1,0
863,51,14290456,Pune,3BHK,Buy,29,4,1,1
864,25,11779110,Pune,2BHK,Rent,9,2,0,0
865,34,2340526,Pune,3BHK,Rent,15,5,1,0
866,31,3216733,Bangalore,2BHK,Buy,21,2,1,0
867,29,7687453,Pune,2BHK,Buy,15,1,1,0
868,54,2865144,Mumbai,3BHK,Buy,17,9,0,0
869,32,14177267,Delhi,1BHK,Buy,29,2,0,0
870,55,3418137,Delhi,1BHK,Rent,5,4,1,0
871,55,4307306,Delhi,3BHK,Buy,5,3,0,0
872,21,14449024,Delhi,2BHK,Buy,25,1,1,0
873,42,14284580,Mumbai,2BHK,Buy,24,8,0,1
874,49,11368140,Delhi,2BHK,Buy,5,2,1,0
875,28,2522797,Mumbai,3BHK,Rent,21,8,0,0
876,31,14503944,Mumbai,1BHK,Buy,14,1,0,0
877,57,11379728,Delhi,2BHK,Buy,2,6,0,0
878,34,7868590,Delhi,2BHK,Rent,9,4,1,0
879,50,5497172,Delhi,3BHK,Buy,14,3,0,0
880,55,13532766,Mumbai,1BHK,Rent,27,1,1,0
881,41,8560230,Bangalore,1BHK,Rent,15,1,1,0
882,57,11299514,Mumbai,3BHK,Rent,4,7,0,0
883,25,8652469,Bangalore,1BHK,Rent,23,6,1,1
884,39,10142165,Delhi,3BHK,Buy,26,3,0,0
885,34,7388811,Mumbai,2BHK,Rent,6,2,0,0
886,46,2414399,Delhi,3BHK,Buy,14,3,1,0
887,24,12395126,Bangalore,2BHK,Rent,5,8,1,0
888,45,9175173,Bangalore,3BHK,Rent,27,7,1,1
889,45,7884724,Mumbai,2BHK,Buy,11,7,1,1
890,38,6449113,Mumbai,2BHK,Buy,21,5,1,1
891,28,9251204,Mumbai,3BHK,Rent,14,3,0,0
892,59,2729672,Mumbai,2BHK,Buy,7,1,1,0
893,34,7257901,Pune,1BHK,Rent,14,1,1,0
894,52,10837389,Pune,3BHK,Buy,13,6,1,1
895,58,12550121,Delhi,1BHK,Rent,18,4,1,1
896,53,12395699,Bangalore,2BHK,Buy,25,7,0,1
897,43,3147417,Bangalore,2BHK,Buy,2,1,1,0
898,35,13190124,Delhi,2BHK,Rent,9,6,1,0
899,53,11683484,Delhi,3BHK,Rent,11,7,1,1
900,45,2160786,Delhi,2BHK,Rent,20,1,1,0
901,37,14912007,Pune,1BHK,Buy,29,2,0,0
902,53,4075414,Delhi,1BHK,Buy,26,9,1,0
903,22,9598498,Bangalore,3BHK,Rent,11,9,0,1
904,34,7722078,Delhi,1BHK,Buy,26,6,1,1
905,59,9883060,Mumbai,3BHK,Rent,6,4,0,0
906,26,3314530,Bangalore,3BHK,Buy,1,7,0,0
907,26,2910175,Bangalore,2BHK,Buy,5,5,0,0
908,23,9225529,Bangalore,1BHK,Buy,22,3,1,0
909,27,7501188,Pune,1BHK,Rent,25,4,1,1
910,28,8056095,Pune,1BHK,Buy,14,2,0,0
911,35,2121701,Bangalore,2BHK,Buy,25,6,0,0
912,49,12978041,Mumbai,3BHK,Buy,16,3,0,0
913,53,9680223,Bangalore,1BHK,Buy,9,7,0,0
914,50,5941631,Pune,1BHK,Rent,19,4,0,1
915,59,7174895,Mumbai,1BHK,Buy,29,8,1,1
916,47,3064641,Bangalore,1BHK,Buy,20,1,1,0
917,56,3433043,Pune,2BHK,Buy,8,9,0,0
918,49,14299886,Mumbai,3BHK,Buy,8,3,1,0
919,58,8637056,Delhi,1BHK,Rent,16,3,1,0
920,53,8789177,Delhi,1BHK,Buy,18,5,1,1
921,57,2248924,Bangalore,3BHK,Buy,8,1,1,0
922,47,13189468,Delhi,2BHK,Buy,23,3,1,0
923,53,10145618,Pune,2BHK,Buy,9,4,0,0
924,24,4090923,Mumbai,2BHK,Rent,5,2,1,0
925,42,3940711,Bangalore,2BHK,Buy,2,6,1,0
926,22,3363307,Mumbai,1BHK,Buy,21,4,1,0
927,30,12211942,Mumbai,3BHK,Rent,14,1,1,0
928,25,7925237,Mumbai,3BHK,Buy,18,3,1,0
929,30,14099015,Pune,3BHK,Rent,13,7,1,1
930,53,8498391,Bangalore,2BHK,Buy,12,3,1,0
931,58,5218451,Delhi,2BHK,Buy,15,6,1,1
932,33,5372021,Mumbai,3BHK,Buy,21,6,1,1
933,51,2190477,Mumbai,1BHK,Buy,15,1,0,0
934,56,11603204,Mumbai,2BHK,Buy,29,2,0,0
935,44,12323880,Pune,1BHK,Buy,25,6,1,1
936,35,8213415,Delhi,3BHK,Buy,23,2,1,0
937,49,14882977,Mumbai,2BHK,Buy,23,2,0,0
938,28,9805819,Pune,1BHK,Buy,1,4,1,0
939,25,12955983,Pune,2BHK,Buy,25,8,0,1
940,49,6915782,Mumbai,3BHK,Buy,22,6,0,1
941,24,10567962,Mumbai,3BHK,Buy,7,8,0,0
942,32,7858893,Pune,3BHK,Rent,13,4,0,1
943,22,12806349,Pune,1BHK,Buy,28,3,1,0
944,47,11781536,Mumbai,2BHK,Rent,18,7,0,1
945,51,7690912,Pune,2BHK,Rent,1,7,1,0
946,56,11805611,Pune,2BHK,Buy,11,2,1,0
947,56,4182931,Mumbai,3BHK,Rent,13,1,1,0
948,46,3051636,Mumbai,1BHK,Buy,20,8,0,0
949,47,8941550,Bangalore,3BHK,Buy,28,3,0,0
950,25,9615907,Delhi,3BHK,Rent,9,6,0,0
951,40,8631430,Mumbai,1BHK,Rent,25,7,1,1
952,31,14174495,Mumbai,3BHK,Rent,16,8,1,1
953,30,13030767,Mumbai,3BHK,Buy,11,6,0,1
954,58,12401730,Delhi,2BHK,Rent,3,7,1,0
955,26,12470822,Bangalore,1BHK,Rent,17,5,0,1
956,28,9913436,Pune,1BHK,Rent,2,3,0,0
957,43,11951767,Delhi,2BHK,Buy,9,2,1,0
958,46,4647765,Mumbai,1BHK,Buy,9,7,1,0
959,32,5037253,Mumbai,2BHK,Rent,16,8,0,1
960,46,11373551,Bangalore,3BHK,Rent,28,8,0,1
961,33,10744039,Bangalore,1BHK,Rent,1,3,1,0
962,38,2015141,Bangalore,1BHK,Rent,25,2,1,0
963,45,6524361,Pune,3BHK,Rent,17,9,1,1
964,53,13305807,Delhi,3BHK,Rent,10,6,1,0
965,32,9986378,Delhi,1BHK,Rent,20,3,0,0
966,56,13203871,Bangalore,1BHK,Buy,5,5,0,0
967,24,5782700,Pune,1BHK,Rent,8,1,0,0
968,25,14872508,Delhi,2BHK,Rent,13,2,0,0
969,57,5561669,Mumbai,1BHK,Buy,21,9,0,1
970,28,10963287,Mumbai,1BHK,Rent,5,3,0,0
971,48,3693152,Mumbai,3BHK,Buy,4,8,0,0
972,51,7973300,Delhi,3BHK,Rent,25,8,0,1
973,29,14725682,Bangalore,2BHK,Buy,29,5,1,1
974,49,4337099,Mumbai,3BHK,Rent,8,8,1,0
975,34,9155738,Bangalore,1BHK,Rent,25,2,0,0
976,42,3944741,Pune,1BHK,Buy,23,2,1,0
977,31,13238673,Mumbai,2BHK,Buy,7,4,0,0
978,43,11272702,Pune,3BHK,Buy,5,8,0,0
979,21,13053420,Bangalore,3BHK,Rent,10,2,1,0
980,57,14102758,Delhi,3BHK,Rent,17,4,0,1
981,41,2824255,Bangalore,2BHK,Rent,28,8,1,0
982,46,11421172,Mumbai,3BHK,Rent,6,3,0,0
983,56,8004327,Mumbai,3BHK,Rent,10,8,0,0
984,43,11570205,Bangalore,3BHK,Buy,16,2,1,0
985,21,10962292,Mumbai,1BHK,Rent,22,1,1,0
986,35,11807664,Mumbai,2BHK,Buy,10,6,0,0
987,41,5177640,Pune,1BHK,Buy,4,8,1,0
988,29,10902284,Delhi,2BHK,Rent,2,9,1,0
989,29,10879521,Bangalore,3BHK,Rent,1,8,1,0
990,30,7287267,Pune,1BHK,Buy,3,2,1,0
991,46,4375804,Mumbai,3BHK,Rent,27,1,1,0
992,55,7550616,Pune,3BHK,Buy,13,7,0,1
993,45,4730689,Delhi,2BHK,Rent,29,7,0,0
994,46,7023331,Bangalore,3BHK,Buy,25,3,1,0
995,31,10529297,Delhi,1BHK,Rent,12,6,1,1
996,58,9808516,Delhi,2BHK,Rent,1,7,0,0
997,22,3285801,Pune,2BHK,Rent,21,9,1,0
998,27,6070161,Pune,1BHK,Buy,10,1,1,0
999,38,2233725,Delhi,3BHK,Rent,6,3,1,0
1000,47,8568056,Mumbai,3BHK,Buy,9,5,0,0
1001,54,3158175,Bangalore,3BHK,Rent,1,3,0,0
1002,47,10213140,Mumbai,3BHK,Rent,12,8,0,1
1003,37,13618057,Mumbai,3BHK,Buy,5,6,1,0
1004,44,11212964,Bangalore,2BHK,Buy,1,2,1,0
1005,45,11199280,Pune,2BHK,Buy,2,1,0,0
1006,27,8640981,Mumbai,1BHK,Rent,14,5,1,1
1007,26,4368524,Pune,3BHK,Rent,2,9,1,0
1008,44,9099574,Bangalore,3BHK,Rent,27,9,1,1
1009,53,11968904,Mumbai,3BHK,Rent,5,1,0,0
1010,49,11893975,Pune,1BHK,Rent,10,3,1,0
1011,42,7877675,Pune,3BHK,Rent,20,6,0,1
1012,46,12186119,Mumbai,2BHK,Rent,6,5,1,0
1013,48,11034660,Bangalore,3BHK,Buy,5,4,1,0
1014,41,10549906,Delhi,1BHK,Rent,2,2,1,0
1015,27,12689982,Pune,2BHK,Buy,9,4,0,0
1016,37,2321243,Bangalore,2BHK,Rent,29,5,1,0
1017,40,6018920,Mumbai,2BHK,Buy,10,2,1,0
1018,40,6736605,Pune,3BHK,Buy,8,1,0,0
1019,42,9885766,Pune,1BHK,Buy,25,7,1,1
1020,48,4081530,Pune,1BHK,Rent,27,7,1,0
1021,27,4988793,Bangalore,3BHK,Buy,6,8,1,0
1022,21,9017191,Pune,1BHK,Buy,5,6,0,0
1023,52,13465773,Pune,2BHK,Buy,21,1,0,0
1024,33,12063733,Mumbai,2BHK,Buy,18,8,0,1
1025,50,6457005,Pune,1BHK,Rent,27,2,1,0
1026,43,6093898,Bangalore,1BHK,Rent,20,3,1,0
1027,39,4800212,Mumbai,3BHK,Rent,18,8,0,0
1028,52,2130878,Delhi,3BHK,Rent,2,4,0,0
1029,50,8914887,Mumbai,3BHK,Buy,12,5,0,1
1030,49,14133403,Pune,3BHK,Rent,8,9,0,0
1031,49,4762108,Delhi,3BHK,Buy,4,7,0,0
1032,50,3892508,Mumbai,3BHK,Rent,28,7,0,0
1033,36,13082582,Pune,2BHK,Buy,20,1,0,0
1034,39,4893713,Mumbai,1BHK,Buy,23,1,1,0
1035,38,8488574,Bangalore,3BHK,Buy,4,8,1,0
1036,21,6992332,Pune,2BHK,Buy,9,1,0,0
1037,34,8881099,Bangalore,1BHK,Rent,9,2,1,0
1038,22,5343473,Pune,1BHK,Rent,12,4,0,1
1039,48,3947012,Bangalore,1BHK,Buy,14,9,1,0
1040,50,13785702,Delhi,3BHK,Buy,3,7,1,0
1041,58,13923274,Bangalore,3BHK,Rent,6,7,0,0
1042,24,8778105,Mumbai,3BHK,Rent,15,7,1,1
1043,21,8365898,Pune,1BHK,Rent,23,5,1,1
1044,28,6871482,Mumbai,1BHK,Buy,19,1,1,0
1045,49,4009326,Bangalore,2BHK,Buy,4,5,1,0
1046,59,6193513,Pune,2BHK,Buy,1,8,0,0
1047,23,5725614,Bangalore,2BHK,Buy,27,7,0,1
1048,52,12619486,Delhi,2BHK,Rent,9,7,1,0
1049,30,8849502,Delhi,1BHK,Buy,23,2,1,0
1050,30,6321613,Delhi,3BHK,Rent,26,1,0,0
1051,39,8476137,Bangalore,3BHK,Buy,16,4,1,1
1052,54,5700568,Bangalore,3BHK,Rent,23,8,0,1
1053,53,14565280,Delhi,3BHK,Buy,9,1,1,0
1054,43,2403552,Bangalore,2BHK,Rent,12,2,1,0
1055,48,9899151,Mumbai,1BHK,Rent,14,7,1,1
1056,52,5189291,Bangalore,3BHK,Buy,15,5,0,1
1057,27,11455545,Mumbai,1BHK,Rent,22,6,1,1
1058,49,11511653,Delhi,2BHK,Rent,24,8,0,1
1059,28,11957765,Bangalore,2BHK,Rent,21,9,0,1
1060,21,14044907,Delhi,3BHK,Buy,16,8,0,1
1061,23,12218894,Pune,3BHK,Buy,8,1,0,0
1062,44,5816707,Bangalore,2BHK,Buy,28,4,1,1
1063,43,10622903,Bangalore,2BHK,Buy,10,5,0,0
1064,28,6811071,Delhi,1BHK,Rent,14,9,0,1
1065,57,14609731,Delhi,2BHK,Rent,17,6,0,1
1066,23,6074973,Delhi,1BHK,Buy,3,6,0,0
1067,53,13918810,Pune,2BHK,Rent,4,3,1,0
1068,48,2008798,Pune,1BHK,Buy,16,2,0,0
1069,28,6874807,Delhi,2BHK,Buy,14,2,0,0
1070,54,9127583,Bangalore,2BHK,Rent,27,7,0,1
1071,55,7668843,Bangalore,1BHK,Buy,25,5,0,1
1072,52,10108262,Delhi,1BHK,Rent,24,1,1,0
1073,44,5900275,Mumbai,3BHK,Buy,14,5,0,1
1074,34,14210878,Pune,3BHK,Buy,16,1,1,0
1075,52,9593832,Pune,2BHK,Buy,8,9,0,0
1076,36,6728007,Mumbai,2BHK,Rent,18,8,1,1
1077,24,3977165,Delhi,1BHK,Buy,7,4,0,0
1078,57,5553952,Bangalore,2BHK,Rent,28,1,0,0
1079,41,5757654,Bangalore,3BHK,Buy,3,8,0,0
1080,34,10379702,Pune,1BHK,Buy,6,5,0,0
1081,51,5603019,Mumbai,2BHK,Rent,20,1,1,0
1082,38,9741368,Bangalore,1BHK,Rent,16,2,0,0
1083,27,10059777,Pune,3BHK,Rent,22,5,1,1
1084,30,12428044,Bangalore,3BHK,Rent,4,9,0,0
1085,27,13120253,Bangalore,3BHK,Rent,19,8,0,1
1086,53,6210563,Bangalore,2BHK,Rent,2,8,1,0
1087,43,8575699,Pune,2BHK,Buy,4,9,0,0
1088,41,3189297,Mumbai,2BHK,Rent,26,2,1,0
1089,39,7372274,Delhi,2BHK,Buy,2,7,0,0
1090,39,3013295,Mumbai,2BHK,Buy,7,5,0,0
1091,56,9661434,Bangalore,2BHK,Buy,15,3,1,0
1092,49,5317837,Mumbai,3BHK,Rent,17,8,0,1
1093,38,7516829,Bangalore,3BHK,Buy,14,2,1,0
1094,22,11480331,Pune,2BHK,Buy,11,4,0,1
1095,21,14657192,Pune,3BHK,Buy,17,5,0,1
1096,25,10757529,Pune,1BHK,Rent,5,5,1,0
1097,40,12059313,Bangalore,2BHK,Buy,23,4,0,1
1098,31,9824641,Mumbai,1BHK,Rent,14,3,0,0
1099,22,3697590,Delhi,2BHK,Buy,17,3,1,0
1100,23,4173367,Delhi,2BHK,Rent,28,5,1,0
1101,43,7880077,Pune,3BHK,Rent,28,6,0,1
1102,32,3406085,Delhi,1BHK,Buy,20,1,1,0
1103,40,5418857,Bangalore,3BHK,Buy,21,4,1,1
1104,25,9614567,Mumbai,2BHK,Rent,2,6,1,0
1105,57,13014909,Delhi,1BHK,Rent,7,2,0,0
1106,58,12418270,Delhi,2BHK,Rent,4,5,0,0
1107,50,12144472,Mumbai,3BHK,Buy,8,9,0,0
1108,29,10685116,Delhi,2BHK,Buy,1,3,1,0
1109,54,6538847,Mumbai,2BHK,Buy,10,3,0,0
1110,55,11927435,Bangalore,3BHK,Buy,1,9,0,0
1111,42,12210544,Bangalore,2BHK,Buy,1,3,0,0
1112,44,4611212,Bangalore,1BHK,Rent,4,4,0,0
1113,37,4321554,Pune,3BHK,Rent,17,9,0,0
1114,30,6761515,Bangalore,2BHK,Rent,5,4,1,0
1115,50,13721304,Delhi,3BHK,Rent,14,5,1,1
1116,43,10304932,Pune,2BHK,Rent,6,2,1,0
1117,52,4787352,Pune,3BHK,Rent,7,8,0,0
1118,37,11770488,Pune,3BHK,Buy,8,9,1,0
1119,37,7371045,Bangalore,1BHK,Rent,24,4,0,1
1120,34,13764650,Pune,3BHK,Buy,18,3,1,0
1121,29,4498544,Bangalore,1BHK,Buy,28,4,0,0
1122,22,10684281,Bangalore,3BHK,Buy,4,7,0,0
1123,45,13154061,Pune,3BHK,Buy,23,1,1,0
1124,59,2525957,Pune,2BHK,Rent,25,2,1,0
1125,29,12178326,Delhi,2BHK,Rent,25,5,1,1
1126,42,8146685,Pune,2BHK,Buy,27,9,1,1
1127,24,14114410,Bangalore,3BHK,Buy,3,6,0,0
1128,46,14491916,Delhi,3BHK,Rent,28,3,0,0
1129,49,5690339,Delhi,1BHK,Rent,23,3,0,0
1130,54,4327654,Bangalore,1BHK,Rent,4,7,1,0
1131,43,9870341,Pune,1BHK,Buy,25,3,0,0
1132,57,14556581,Pune,2BHK,Rent,23,3,0,0
1133,31,2301951,Mumbai,2BHK,Rent,16,7,0,0
1134,26,14973361,Pune,1BHK,Buy,13,9,0,1
1135,38,14571901,Mumbai,3BHK,Buy,29,9,1,1
1136,41,2312499,Delhi,2BHK,Rent,22,3,1,0
1137,56,10884263,Delhi,2BHK,Buy,25,8,1,1
1138,58,3686279,Delhi,1BHK,Buy,23,1,1,0
1139,54,14496572,Mumbai,2BHK,Buy,11,8,0,1
1140,37,14853767,Bangalore,1BHK,Buy,24,2,0,0
1141,57,12942055,Bangalore,2BHK,Buy,11,4,1,1
1142,45,5734049,Delhi,3BHK,Rent,5,7,1,0
1143,58,10095979,Mumbai,3BHK,Rent,20,6,1,1
1144,32,8115790,Mumbai,2BHK,Rent,1,9,0,0
1145,43,7429048,Delhi,1BHK,Rent,14,8,1,1
1146,42,3270242,Pune,2BHK,Rent,24,2,0,0
1147,41,10096173,Delhi,1BHK,Buy,22,4,0,1
1148,47,8578518,Mumbai,2BHK,Rent,20,1,1,0
1149,51,13476007,Pune,3BHK,Rent,19,7,1,1
1150,26,4290860,Bangalore,3BHK,Buy,5,4,1,0
1151,47,4811318,Pune,2BHK,Rent,20,8,1,0
1152,54,3189042,Bangalore,2BHK,Rent,27,2,1,0
1153,32,3173077,Mumbai,2BHK,Rent,27,8,1,0
1154,27,6978820,Delhi,3BHK,Rent,23,2,0,0
1155,30,6811102,Delhi,3BHK,Buy,6,8,1,0
1156,37,13628044,Delhi,1BHK,Buy,19,1,1,0
1157,46,11419257,Delhi,2BHK,Buy,12,2,0,0
1158,41,13769939,Delhi,2BHK,Buy,26,5,0,1
1159,48,5027936,Mumbai,3BHK,Rent,29,1,0,0
1160,22,6754895,Mumbai,2BHK,Rent,27,5,1,1
1161,21,2551741,Delhi,1BHK,Rent,28,5,0,0
1162,56,11283926,Pune,2BHK,Rent,14,7,0,1
1163,46,8090007,Delhi,3BHK,Rent,17,2,1,0
1164,49,2723809,Bangalore,2BHK,Rent,7,2,1,0
1165,41,11960710,Bangalore,3BHK,Rent,21,6,0,1
1166,31,2156837,Bangalore,1BHK,Buy,1,3,1,0
1167,31,2519676,Bangalore,1BHK,Buy,17,8,1,0
1168,56,12184259,Delhi,2BHK,Buy,6,3,1,0
1169,59,3610921,Bangalore,2BHK,Buy,4,4,0,0
1170,55,6463593,Pune,3BHK,Buy,14,7,1,1
1171,54,8916950,Delhi,1BHK,Buy,8,1,1,0
1172,44,14362491,Bangalore,1BHK,Buy,18,1,0,0
1173,42,4694670,Delhi,1BHK,Rent,20,9,0,0
1174,25,8970746,Delhi,1BHK,Rent,28,6,0,1
1175,53,7659848,Delhi,2BHK,Rent,13,5,0,1
1176,56,11545322,Mumbai,2BHK,Rent,8,2,1,0
1177,40,6161460,Bangalore,3BHK,Buy,28,2,1,0
1178,39,11125272,Mumbai,1BHK,Buy,24,7,1,1
1179,55,9402072,Pune,2BHK,Buy,16,6,1,1
1180,37,7875836,Pune,2BHK,Buy,5,8,1,0
1181,54,14257392,Mumbai,1BHK,Rent,3,3,1,0
1182,29,10893396,Bangalore,2BHK,Rent,13,3,1,0
1183,46,3506440,Delhi,3BHK,Rent,15,5,0,0
1184,22,10181494,Pune,3BHK,Rent,4,4,1,0
1185,29,6411045,Pune,1BHK,Buy,3,8,1,0
1186,29,3477482,Pune,3BHK,Buy,27,6,0,0
1187,37,13229526,Bangalore,2BHK,Rent,2,8,1,0
1188,21,13330115,Mumbai,3BHK,Rent,4,7,0,0
1189,45,13701980,Mumbai,2BHK,Rent,25,2,0,0
1190,45,11622286,Bangalore,1BHK,Rent,6,9,1,0
1191,59,8621504,Pune,1BHK,Rent,4,6,0,0
1192,55,8528925,Bangalore,2BHK,Rent,17,6,1,1
1193,23,3125664,Bangalore,2BHK,Buy,7,2,0,0
1194,57,12476011,Mumbai,3BHK,Buy,18,9,0,1
1195,50,4667107,Bangalore,2BHK,Rent,28,1,1,0
1196,58,5725563,Bangalore,1BHK,Buy,22,6,1,1
1197,54,9231445,Pune,2BHK,Buy,10,8,0,0
1198,32,8157703,Delhi,3BHK,Buy,17,2,0,0
1199,39,5380635,Pune,3BHK,Rent,29,3,1,0
1200,57,4959532,Mumbai,2BHK,Buy,23,7,1,0
1201,37,6150122,Delhi,3BHK,Buy,4,1,0,0
1202,30,10198344,Pune,3BHK,Buy,27,5,1,1
1203,32,3106136,Bangalore,1BHK,Buy,19,6,0,0
1204,36,2901495,Bangalore,2BHK,Buy,26,7,1,0
1205,44,5120847,Delhi,1BHK,Buy,7,7,1,0
1206,39,12700361,Delhi,1BHK,Buy,13,3,0,0
1207,28,13366410,Bangalore,3BHK,Rent,3,7,1,0
1208,51,12862366,Mumbai,1BHK,Buy,8,1,0,0
1209,41,12419211,Pune,2BHK,Buy,11,4,0,1
1210,37,7131131,Bangalore,2BHK,Buy,16,7,0,1
1211,43,13718622,Pune,2BHK,Rent,20,7,0,1
1212,57,6474445,Pune,1BHK,Buy,19,4,1,1
1213,36,7168811,Pune,2BHK,Rent,23,1,1,0
1214,26,5149407,Pune,2BHK,Buy,23,8,0,1
1215,28,8779697,Mumbai,1BHK,Rent,9,4,1,0
1216,45,5710324,Mumbai,1BHK,Rent,10,2,1,0
1217,38,9546128,Mumbai,1BHK,Rent,23,4,1,1
1218,45,8986658,Bangalore,1BHK,Buy,6,8,1,0
1219,32,11371520,Bangalore,3BHK,Rent,3,8,1,0
1220,35,9278492,Bangalore,1BHK,Buy,20,5,1,1
1221,46,4544306,Mumbai,1BHK,Buy,8,2,0,0
1222,46,2529983,Pune,2BHK,Buy,6,7,1,0
1223,52,4323964,Mumbai,2BHK,Rent,25,3,1,0
1224,30,2582787,Bangalore,1BHK,Buy,8,6,0,0
1225,36,2023382,Delhi,1BHK,Rent,14,9,0,0
1226,27,14192062,Bangalore,1BHK,Buy,8,5,0,0
1227,37,12938292,Pune,2BHK,Buy,11,9,1,1
1228,43,7617492,Mumbai,2BHK,Buy,10,4,0,0
1229,46,9346796,Delhi,1BHK,Buy,26,9,0,1
1230,41,6940560,Delhi,2BHK,Buy,23,1,1,0
1231,42,14172455,Pune,2BHK,Buy,10,4,0,0
1232,27,12547596,Mumbai,1BHK,Buy,11,1,1,0
1233,34,3342643,Delhi,2BHK,Rent,1,9,1,0
1234,35,11692217,Bangalore,1BHK,Buy,15,8,1,1
1235,27,3930719,Pune,3BHK,Buy,5,8,1,0
1236,29,11299953,Delhi,3BHK,Rent,14,7,1,1
1237,28,10259150,Pune,3BHK,Rent,23,9,1,1
1238,43,5428811,Mumbai,2BHK,Rent,26,3,1,0
1239,49,11680956,Mumbai,3BHK,Buy,25,7,1,1
1240,38,11455984,Mumbai,2BHK,Rent,28,6,0,1
1241,51,12542200,Bangalore,1BHK,Buy,20,5,0,1
1242,50,4513614,Delhi,3BHK,Rent,8,9,1,0
1243,59,6846113,Mumbai,2BHK,Buy,17,4,1,1
1244,55,4543173,Bangalore,3BHK,Rent,4,3,1,0
1245,38,5144720,Mumbai,2BHK,Buy,4,3,1,0
1246,59,5791343,Mumbai,2BHK,Buy,18,2,1,0
1247,37,3622512,Delhi,1BHK,Buy,27,1,0,0
1248,34,2450067,Bangalore,2BHK,Rent,27,3,0,0
1249,51,8192072,Mumbai,2BHK,Rent,19,8,1,1
1250,44,10744250,Bangalore,3BHK,Rent,3,6,0,0
1251,55,7010500,Bangalore,1BHK,Rent,9,2,0,0
1252,54,8061782,Mumbai,2BHK,Rent,7,8,1,0
1253,23,14314784,Mumbai,3BHK,Buy,2,5,1,0
1254,57,8461029,Pune,1BHK,Rent,9,4,1,0
1255,46,9397239,Delhi,2BHK,Buy,24,1,0,0
1256,43,7377168,Mumbai,3BHK,Buy,6,1,1,0
1257,59,10017464,Pune,1BHK,Buy,6,4,1,0
1258,35,8421472,Delhi,1BHK,Buy,28,9,1,1
1259,24,3697152,Mumbai,1BHK,Rent,16,6,0,0
1260,49,3159149,Bangalore,1BHK,Rent,2,1,0,0
1261,42,2120730,Delhi,2BHK,Rent,29,8,1,0
1262,45,6081093,Bangalore,2BHK,Rent,16,9,1,1
1263,33,11501370,Pune,1BHK,Rent,3,2,0,0
1264,38,3839968,Mumbai,1BHK,Rent,22,6,0,0
1265,53,6213085,Pune,2BHK,Buy,16,7,1,1
1266,36,13565462,Mumbai,3BHK,Rent,12,1,1,0
1267,22,3286793,Mumbai,1BHK,Buy,3,5,0,0
1268,55,14998706,Bangalore,2BHK,Buy,11,5,0,1
1269,54,9855506,Pune,2BHK,Buy,11,3,0,0
1270,50,3941042,Bangalore,3BHK,Buy,23,2,0,0
1271,33,4651222,Bangalore,2BHK,Rent,16,1,0,0
1272,33,11755715,Bangalore,1BHK,Rent,5,6,1,0
1273,38,5818067,Pune,2BHK,Buy,20,7,1,1
1274,52,10649769,Mumbai,1BHK,Rent,8,2,1,0
1275,52,8357722,Mumbai,2BHK,Buy,11,2,0,0
1276,55,9735491,Pune,1BHK,Buy,11,5,1,1
1277,59,7375653,Mumbai,1BHK,Buy,18,5,1,1
1278,49,5857469,Pune,2BHK,Buy,19,3,1,0
1279,49,5851526,Pune,1BHK,Rent,10,3,1,0
1280,36,2335983,Mumbai,2BHK,Buy,28,1,0,0
1281,30,12465990,Delhi,2BHK,Rent,4,3,1,0
1282,50,4466993,Bangalore,2BHK,Buy,28,9,0,0
1283,45,3115059,Pune,1BHK,Rent,10,2,1,0
1284,59,10788377,Pune,2BHK,Rent,14,1,0,0
1285,40,4654965,Delhi,3BHK,Rent,6,9,1,0
1286,25,9551506,Pune,1BHK,Buy,5,5,1,0
1287,21,7338888,Pune,3BHK,Buy,15,8,0,1
1288,50,11481532,Mumbai,3BHK,Rent,5,4,0,0
1289,23,6920851,Mumbai,3BHK,Rent,23,8,0,1
1290,34,6463721,Delhi,3BHK,Buy,24,5,0,1
1291,50,5472108,Pune,2BHK,Rent,6,6,1,0
1292,24,6925233,Bangalore,3BHK,Rent,19,6,1,1
1293,38,10523215,Mumbai,1BHK,Rent,20,6,0,1
1294,57,14470517,Bangalore,3BHK,Buy,17,2,1,0
1295,45,12175568,Bangalore,3BHK,Buy,14,9,1,1
1296,21,7768076,Delhi,3BHK,Buy,11,7,1,1
1297,35,7495179,Delhi,2BHK,Buy,14,3,0,0
1298,29,5346953,Pune,3BHK,Buy,5,2,1,0
1299,35,3156928,Delhi,3BHK,Buy,13,4,1,0
1300,44,5241695,Mumbai,3BHK,Rent,12,8,0,1
1301,24,8642589,Pune,1BHK,Rent,26,9,0,1
1302,32,2212628,Pune,2BHK,Rent,24,2,1,0
1303,57,14694801,Bangalore,2BHK,Rent,19,6,1,1
1304,57,14564161,Bangalore,2BHK,Rent,10,8,0,0
1305,26,14844975,Bangalore,1BHK,Rent,13,3,1,0
1306,59,14894379,Pune,3BHK,Buy,15,9,0,1
1307,44,13495362,Delhi,1BHK,Rent,20,4,1,1
1308,31,8643509,Delhi,2BHK,Rent,13,5,0,1
1309,33,13580441,Delhi,2BHK,Buy,4,7,0,0
1310,54,9763412,Pune,2BHK,Buy,22,5,1,1
1311,45,6327261,Pune,1BHK,Rent,9,4,0,0
1312,27,13461083,Pune,2BHK,Rent,26,4,1,1
1313,24,6771873,Pune,3BHK,Rent,19,5,1,1
1314,28,9645447,Pune,1BHK,Buy,20,3,1,0
1315,40,13601033,Delhi,3BHK,Buy,22,9,1,1
1316,49,3085110,Pune,2BHK,Buy,22,2,1,0
1317,30,11530218,Delhi,2BHK,Buy,7,7,0,0
1318,54,9398129,Pune,1BHK,Rent,15,4,1,1
1319,46,12772941,Delhi,3BHK,Rent,17,8,1,1
1320,23,6623527,Mumbai,1BHK,Rent,14,7,1,1
1321,26,7715574,Mumbai,3BHK,Buy,14,8,0,1
1322,25,7906512,Delhi,2BHK,Buy,9,4,0,0
1323,25,11947892,Mumbai,1BHK,Rent,16,2,0,0
1324,43,2974687,Mumbai,1BHK,Rent,2,7,0,0
1325,29,9701349,Delhi,3BHK,Rent,14,9,1,1
1326,55,2824726,Pune,2BHK,Buy,4,6,1,0
1327,40,7840445,Pune,2BHK,Rent,3,7,0,0
1328,55,13465773,Delhi,3BHK,Buy,3,6,0,0
1329,38,10393302,Bangalore,3BHK,Rent,11,2,0,0
1330,37,14547682,Bangalore,3BHK,Rent,5,9,0,0
1331,44,4679590,Mumbai,3BHK,Buy,16,5,1,0
1332,23,14126094,Bangalore,3BHK,Buy,23,3,0,0
1333,52,6740148,Mumbai,2BHK,Buy,29,4,1,1
1334,55,8210239,Pune,2BHK,Rent,28,4,1,1
1335,58,11062875,Delhi,1BHK,Buy,23,9,0,1
1336,33,13258447,Pune,2BHK,Rent,23,5,1,1
1337,45,4037775,Delhi,3BHK,Buy,19,2,1,0
1338,29,11616743,Bangalore,2BHK,Rent,9,6,0,0
1339,24,3986373,Pune,2BHK,Buy,22,7,1,0
1340,34,13515381,Pune,2BHK,Buy,11,8,0,1
1341,57,6818060,Mumbai,1BHK,Rent,12,5,0,1
1342,54,4916971,Delhi,1BHK,Buy,27,8,0,0
1343,31,7835770,Bangalore,3BHK,Rent,26,8,1,1
1344,23,14473096,Pune,3BHK,Rent,27,4,1,1
1345,48,11413054,Delhi,1BHK,Rent,8,7,0,0
1346,49,4613456,Bangalore,2BHK,Buy,14,9,0,0
1347,29,9214554,Pune,2BHK,Rent,17,4,1,1
1348,23,14061084,Delhi,1BHK,Buy,20,9,1,1
1349,45,6266660,Mumbai,3BHK,Buy,15,4,0,1
1350,54,8084010,Pune,2BHK,Rent,15,1,1,0
1351,32,8551381,Delhi,3BHK,Buy,23,4,1,1
1352,29,14074815,Bangalore,2BHK,Rent,12,2,1,0
1353,35,2608919,Bangalore,3BHK,Rent,9,6,1,0
1354,45,12731462,Mumbai,2BHK,Rent,12,8,1,1
1355,25,14615087,Pune,3BHK,Rent,19,6,0,1
1356,31,8727830,Mumbai,3BHK,Rent,12,9,0,1
1357,54,11221838,Delhi,3BHK,Rent,11,6,0,1
1358,44,7924216,Bangalore,1BHK,Buy,28,7,0,1
1359,35,12155660,Mumbai,3BHK,Buy,6,5,0,0
1360,58,10729430,Pune,1BHK,Buy,8,8,0,0
1361,28,6704863,Delhi,1BHK,Buy,11,2,1,0
1362,25,9352236,Pune,3BHK,Buy,3,2,1,0
1363,46,13458929,Mumbai,1BHK,Rent,16,8,0,1
1364,38,9085282,Bangalore,1BHK,Buy,6,6,1,0
1365,26,6440768,Bangalore,1BHK,Rent,9,2,0,0
1366,57,7276473,Mumbai,2BHK,Buy,9,6,0,0
1367,33,8499716,Pune,3BHK,Buy,6,8,0,0
1368,48,2115064,Pune,1BHK,Rent,5,6,1,0
1369,25,4589644,Pune,3BHK,Buy,1,9,1,0
1370,33,12539125,Pune,1BHK,Buy,3,6,1,0
1371,37,9209403,Bangalore,3BHK,Buy,3,3,1,0
1372,52,11929458,Pune,1BHK,Rent,12,9,0,1
1373,49,13955732,Mumbai,2BHK,Buy,4,5,1,0
1374,23,5058321,Mumbai,2BHK,Rent,21,6,1,1
1375,54,4200852,Mumbai,2BHK,Buy,16,4,1,0
1376,47,14651159,Mumbai,1BHK,Rent,11,3,0,0
1377,33,13716967,Pune,3BHK,Buy,8,5,0,0
1378,53,8447726,Bangalore,1BHK,Rent,29,3,1,0
1379,26,13326932,Delhi,2BHK,Rent,27,2,1,0
1380,44,6347864,Pune,1BHK,Buy,9,6,1,0
1381,39,10033907,Delhi,3BHK,Buy,28,8,0,1
1382,36,5103800,Bangalore,2BHK,Buy,14,3,1,0
1383,48,3338618,Pune,1BHK,Rent,23,6,0,0
1384,53,9735167,Delhi,3BHK,Buy,29,9,0,1
1385,33,14764054,Bangalore,2BHK,Rent,26,1,1,0
1386,45,2586901,Delhi,3BHK,Buy,22,3,0,0
1387,56,10762529,Mumbai,3BHK,Buy,15,2,1,0
1388,47,11392247,Mumbai,2BHK,Rent,19,8,1,1
1389,58,14629915,Bangalore,1BHK,Buy,9,9,1,0
1390,27,9912798,Bangalore,1BHK,Buy,26,6,1,1
1391,25,2407650,Delhi,1BHK,Buy,17,3,0,0
1392,51,7672745,Bangalore,1BHK,Rent,9,8,1,0
1393,43,5729046,Mumbai,3BHK,Rent,3,7,1,0
1394,30,13194181,Mumbai,1BHK,Rent,25,2,0,0
1395,52,11583105,Pune,1BHK,Rent,16,7,0,1
1396,50,5615383,Delhi,3BHK,Buy,13,1,1,0
1397,59,2770448,Bangalore,3BHK,Buy,26,8,0,0
1398,51,14040556,Bangalore,2BHK,Buy,17,5,1,1
1399,38,13324992,Bangalore,3BHK,Rent,24,9,1,1
1400,56,5819128,Delhi,2BHK,Buy,22,3,1,0
1401,22,12994284,Mumbai,2BHK,Rent,25,7,0,1
1402,34,10126710,Bangalore,1BHK,Buy,4,8,1,0
1403,33,7274033,Bangalore,1BHK,Rent,28,1,0,0
1404,49,3840220,Mumbai,1BHK,Rent,21,6,0,0
1405,32,10523019,Bangalore,3BHK,Buy,22,2,1,0
1406,59,6151910,Pune,3BHK,Rent,28,8,1,1
1407,22,4677678,Mumbai,1BHK,Rent,9,6,1,0
1408,52,2412610,Mumbai,1BHK,Buy,22,3,0,0
1409,33,13850351,Mumbai,3BHK,Rent,9,4,0,0
1410,47,9178560,Pune,2BHK,Rent,18,7,1,1
1411,37,14005274,Mumbai,2BHK,Buy,14,9,0,1
1412,51,14879663,Delhi,1BHK,Rent,20,2,0,0
1413,54,2052055,Delhi,1BHK,Rent,3,9,0,0
1414,44,7347389,Delhi,1BHK,Rent,4,6,1,0
1415,55,8943122,Mumbai,2BHK,Buy,1,2,1,0
1416,26,3136263,Mumbai,1BHK,Buy,18,8,0,0
1417,39,13931243,Mumbai,2BHK,Buy,4,4,0,0
1418,50,4497838,Pune,3BHK,Buy,10,8,1,0
1419,27,12358529,Delhi,3BHK,Rent,4,7,0,0
1420,30,14908253,Bangalore,3BHK,Buy,21,7,0,1
1421,52,12017245,Bangalore,1BHK,Buy,25,7,1,1
1422,54,7129584,Mumbai,3BHK,Buy,17,2,1,0
1423,48,7762726,Pune,2BHK,Buy,8,8,1,0
1424,35,4299820,Mumbai,2BHK,Rent,19,2,0,0
1425,50,11989056,Bangalore,2BHK,Rent,9,3,1,0
1426,57,12206373,Delhi,1BHK,Buy,16,7,0,1
1427,49,5543244,Bangalore,1BHK,Rent,27,7,1,1
1428,42,3838346,Delhi,2BHK,Buy,24,7,1,0
1429,24,9402633,Delhi,2BHK,Buy,24,4,1,1
1430,40,14719471,Pune,2BHK,Rent,25,5,1,1
1431,52,9566169,Bangalore,2BHK,Rent,15,7,1,1
1432,56,13911927,Mumbai,3BHK,Rent,20,8,1,1
1433,24,8911542,Pune,2BHK,Rent,16,3,0,0
1434,47,7898131,Delhi,1BHK,Rent,28,6,1,1
1435,37,12431504,Bangalore,1BHK,Rent,21,9,0,1
1436,32,2159876,Mumbai,1BHK,Buy,12,5,1,0
1437,42,11053883,Pune,1BHK,Rent,23,4,0,1
1438,37,7516182,Mumbai,1BHK,Buy,18,9,0,1
1439,30,14593459,Bangalore,2BHK,Buy,7,4,0,0
1440,21,11788041,Mumbai,2BHK,Buy,16,3,1,0
1441,42,5410331,Pune,3BHK,Buy,28,7,0,1
1442,46,8189152,Mumbai,3BHK,Buy,19,5,1,1
1443,38,14646058,Bangalore,3BHK,Rent,6,1,0,0
1444,34,5511449,Pune,2BHK,Rent,29,8,1,1
1445,49,12405558,Delhi,3BHK,Buy,6,1,0,0
1446,32,13117809,Pune,2BHK,Buy,6,9,0,0
1447,56,3414447,Bangalore,1BHK,Rent,26,1,1,0
1448,55,5458332,Mumbai,2BHK,Buy,15,4,0,1
1449,32,4180122,Delhi,2BHK,Rent,2,4,0,0
1450,27,2716177,Delhi,1BHK,Rent,9,9,0,0
1451,49,7412199,Mumbai,1BHK,Rent,8,1,0,0
1452,31,13025467,Bangalore,1BHK,Buy,7,9,1,0
1453,53,13503817,Pune,3BHK,Buy,27,4,0,1
1454,26,11440105,Bangalore,3BHK,Buy,28,7,1,1
1455,35,5019332,Delhi,3BHK,Buy,28,9,1,1
1456,52,2479177,Pune,1BHK,Buy,16,7,0,0
1457,31,11880084,Pune,3BHK,Buy,15,2,0,0
1458,43,2521317,Mumbai,1BHK,Buy,9,6,1,0
1459,46,5826562,Bangalore,1BHK,Buy,20,6,0,1
1460,54,10167399,Pune,1BHK,Rent,15,3,0,0
1461,54,3508797,Mumbai,3BHK,Buy,2,4,1,0
1462,49,5926888,Bangalore,3BHK,Rent,20,6,1,1
1463,24,4024676,Delhi,1BHK,Rent,14,6,0,0
1464,37,14655740,Delhi,3BHK,Rent,28,1,0,0
1465,55,11036545,Bangalore,2BHK,Buy,26,8,0,1
1466,33,7202753,Pune,3BHK,Buy,11,9,0,1
1467,59,4152304,Pune,1BHK,Buy,3,2,1,0
1468,35,9560105,Delhi,1BHK,Rent,2,4,1,0
1469,49,6552939,Delhi,1BHK,Buy,18,6,0,1
1470,49,8514849,Pune,2BHK,Buy,14,2,1,0
1471,31,10475177,Bangalore,1BHK,Rent,24,7,1,1
1472,52,10198931,Delhi,1BHK,Buy,29,6,1,1
1473,22,2984131,Pune,3BHK,Rent,5,8,0,0
1474,34,6875436,Bangalore,2BHK,Rent,12,7,1,1
1475,40,9749611,Mumbai,3BHK,Rent,14,1,0,0
1476,42,6878154,Bangalore,1BHK,Buy,6,5,1,0
1477,31,14705449,Pune,1BHK,Rent,8,6,1,0
1478,47,9940312,Bangalore,2BHK,Rent,7,7,0,0
1479,23,9681147,Pune,1BHK,Buy,7,4,0,0
1480,37,11610401,Delhi,2BHK,Rent,12,9,0,1
1481,48,13729096,Mumbai,3BHK,Buy,29,1,0,0
1482,49,13845061,Delhi,2BHK,Buy,7,3,0,0
1483,41,7204369,Delhi,3BHK,Rent,12,2,0,0
1484,36,8361293,Pune,1BHK,Buy,27,2,0,0
1485,57,7905447,Pune,3BHK,Buy,16,1,1,0
1486,40,2945424,Pune,3BHK,Buy,27,3,1,0
1487,26,14801723,Pune,3BHK,Buy,7,5,1,0
1488,39,3958754,Delhi,2BHK,Rent,8,6,0,0
1489,25,2639068,Pune,3BHK,Buy,1,8,1,0
1490,23,12247632,Pune,2BHK,Buy,13,4,0,1
1491,21,3371242,Delhi,2BHK,Buy,19,1,1,0
1492,58,5663175,Mumbai,2BHK,Buy,1,9,0,0
1493,35,8150208,Mumbai,1BHK,Rent,24,3,0,0
1494,54,4020148,Bangalore,1BHK,Rent,18,8,0,0
1495,55,3160675,Delhi,1BHK,Buy,7,4,1,0
1496,45,7918342,Pune,2BHK,Rent,22,3,1,0
1497,44,6036589,Bangalore,1BHK,Buy,27,3,1,0
1498,32,14667927,Mumbai,3BHK,Rent,17,4,0,1
1499,38,4726427,Mumbai,2BHK,Buy,28,4,1,0
1500,35,6772925,Delhi,1BHK,Buy,15,7,1,1
1501,36,10079850,Pune,2BHK,Rent,22,2,1,0
1502,47,5138832,Pune,1BHK,Rent,25,8,1,1
1503,28,4050276,Bangalore,3BHK,Rent,19,2,0,0
1504,45,4809858,Mumbai,2BHK,Rent,28,1,0,0
1505,37,7973721,Bangalore,1BHK,Rent,23,8,0,1
1506,49,4016142,Bangalore,1BHK,Buy,4,4,1,0
1507,28,6587826,Bangalore,3BHK,Buy,17,6,0,1
1508,35,6544943,Pune,3BHK,Buy,7,1,0,0
1509,47,4691207,Mumbai,1BHK,Buy,16,3,0,0
1510,27,5250060,Bangalore,1BHK,Rent,17,7,1,1
1511,23,10007599,Mumbai,2BHK,Rent,27,7,0,1
1512,49,5971586,Mumbai,2BHK,Buy,20,8,1,1
1513,44,2374344,Bangalore,1BHK,Buy,29,2,0,0
1514,23,9021982,Bangalore,3BHK,Rent,15,7,1,1
1515,40,4851957,Delhi,2BHK,Rent,9,4,0,0
1516,35,8472345,Pune,1BHK,Rent,21,6,1,1
1517,45,3548496,Mumbai,3BHK,Rent,23,4,1,0
1518,50,2295863,Bangalore,3BHK,Rent,13,9,1,0
1519,34,14362785,Bangalore,1BHK,Buy,7,1,1,0
1520,27,12531464,Mumbai,1BHK,Buy,28,1,1,0
1521,37,11205053,Bangalore,2BHK,Buy,19,5,0,1
1522,40,10196722,Delhi,1BHK,Buy,29,5,1,1
1523,56,3389068,Mumbai,2BHK,Rent,11,8,0,0
1524,29,2226884,Bangalore,3BHK,Buy,8,7,1,0
1525,58,11605032,Mumbai,2BHK,Buy,17,3,0,0
1526,42,5417932,Bangalore,1BHK,Buy,4,8,0,0
1527,22,9339096,Bangalore,2BHK,Buy,26,4,0,1
1528,44,9034926,Pune,3BHK,Buy,4,3,1,0
1529,28,6506371,Mumbai,3BHK,Rent,18,2,0,0
1530,31,2078563,Pune,1BHK,Buy,22,9,1,0
1531,33,3138355,Bangalore,2BHK,Buy,17,7,1,0
1532,37,7131547,Mumbai,1BHK,Rent,3,5,0,0
1533,28,4196856,Mumbai,1BHK,Rent,9,9,1,0
1534,41,7504637,Delhi,3BHK,Rent,28,3,0,0
1535,38,14449925,Delhi,2BHK,Rent,26,6,1,1
1536,50,3372407,Bangalore,1BHK,Buy,6,8,0,0
1537,38,4133643,Bangalore,3BHK,Rent,2,9,1,0
1538,51,13236669,Bangalore,1BHK,Buy,28,4,0,1
1539,58,14392883,Bangalore,2BHK,Rent,12,1,1,0
1540,52,5001519,Delhi,1BHK,Buy,15,8,1,1
1541,31,13880258,Mumbai,2BHK,Rent,9,3,0,0
1542,45,9213741,Pune,3BHK,Rent,29,6,1,1
1543,53,3069024,Mumbai,3BHK,Buy,2,4,1,0
1544,58,3362270,Mumbai,1BHK,Buy,12,6,1,0
1545,28,9913614,Delhi,3BHK,Rent,16,3,1,0
1546,31,8575046,Mumbai,1BHK,Buy,7,7,0,0
1547,42,6533027,Mumbai,1BHK,Buy,1,2,1,0
1548,44,9032205,Bangalore,2BHK,Buy,21,5,0,1
1549,37,2901111,Pune,1BHK,Buy,7,3,0,0
1550,32,4114253,Mumbai,2BHK,Rent,3,5,1,0
1551,52,10678768,Mumbai,1BHK,Buy,20,3,1,0
1552,35,10014324,Pune,2BHK,Rent,5,9,0,0
1553,36,9777901,Bangalore,3BHK,Buy,3,8,0,0
1554,42,6809073,Delhi,1BHK,Rent,15,2,1,0
1555,48,8868546,Delhi,2BHK,Rent,6,8,1,0
1556,40,6404309,Mumbai,1BHK,Rent,15,8,1,1
1557,53,14215058,Bangalore,2BHK,Rent,3,3,0,0
1558,30,3620706,Delhi,2BHK,Buy,24,5,0,0
1559,52,6240843,Delhi,1BHK,Buy,23,2,1,0
1560,53,13457860,Delhi,1BHK,Rent,1,6,0,0
1561,22,2770569,Delhi,3BHK,Buy,2,2,1,0
1562,53,4513384,Delhi,3BHK,Buy,4,4,0,0
1563,53,9813516,Mumbai,3BHK,Rent,21,3,0,0
1564,33,2115042,Delhi,1BHK,Buy,14,1,0,0
1565,50,12613682,Mumbai,3BHK,Buy,14,8,1,1
1566,53,2092447,Pune,2BHK,Buy,27,8,0,0
1567,33,13879882,Pune,1BHK,Buy,10,1,0,0
1568,46,7547631,Bangalore,2BHK,Rent,11,6,1,1
1569,42,9498725,Mumbai,2BHK,Rent,4,1,1,0
1570,59,9352855,Bangalore,2BHK,Buy,15,9,0,1
1571,22,11467170,Pune,1BHK,Rent,20,1,0,0
1572,58,4743122,Pune,1BHK,Rent,25,3,1,0
1573,59,5734341,Pune,3BHK,Rent,4,9,1,0
1574,46,14044455,Pune,3BHK,Rent,20,1,0,0
1575,35,5535797,Delhi,3BHK,Buy,20,2,1,0
1576,54,12736236,Pune,3BHK,Buy,16,4,1,1
1577,31,9397803,Delhi,2BHK,Buy,2,7,1,0
1578,23,8277609,Delhi,1BHK,Rent,13,8,1,1
1579,26,10165571,Bangalore,3BHK,Buy,8,1,0,0
1580,29,5727904,Delhi,2BHK,Buy,13,1,1,0
1581,26,11972428,Bangalore,1BHK,Buy,20,5,1,1
1582,29,5232567,Delhi,1BHK,Rent,21,8,1,1
1583,59,12410915,Delhi,1BHK,Buy,8,1,0,0
1584,51,6361909,Pune,2BHK,Rent,4,3,1,0
1585,52,11401322,Mumbai,3BHK,Rent,5,6,0,0
1586,32,8808210,Delhi,1BHK,Rent,21,1,1,0
1587,28,8216618,Mumbai,2BHK,Rent,6,3,0,0
1588,28,3149707,Mumbai,1BHK,Rent,23,1,0,0
1589,48,7572618,Mumbai,2BHK,Buy,19,4,1,1
1590,40,6880779,Delhi,3BHK,Rent,10,9,0,0
1591,27,11372378,Mumbai,3BHK,Rent,27,5,1,1
1592,31,12487592,Delhi,1BHK,Rent,3,3,0,0
1593,40,5783938,Pune,3BHK,Buy,13,7,0,1
1594,36,8396930,Delhi,3BHK,Buy,9,6,0,0
1595,24,11246875,Bangalore,2BHK,Buy,17,9,1,1
1596,26,5743382,Pune,2BHK,Buy,10,4,0,0
1597,42,6172975,Mumbai,1BHK,Rent,12,4,0,1
1598,46,6231874,Mumbai,2BHK,Rent,13,9,0,1
1599,23,2481193,Bangalore,3BHK,Buy,24,2,1,0
1600,34,4759127,Pune,2BHK,Rent,10,2,1,0
1601,31,9378343,Bangalore,3BHK,Buy,19,9,0,1
1602,38,2627475,Mumbai,1BHK,Buy,21,7,0,0
1603,32,14344202,Delhi,3BHK,Buy,19,5,1,1
1604,43,13621215,Mumbai,2BHK,Rent,26,5,1,1
1605,32,2540027,Bangalore,2BHK,Buy,17,9,0,0
1606,33,8357658,Delhi,2BHK,Buy,26,5,1,1
1607,45,12584340,Delhi,2BHK,Rent,5,9,1,0
1608,39,3797355,Mumbai,1BHK,Rent,8,8,1,0
1609,56,13613935,Delhi,3BHK,Rent,5,6,0,0
1610,28,2755724,Pune,2BHK,Rent,15,5,0,0
1611,49,7159253,Mumbai,3BHK,Rent,4,5,0,0
1612,52,9641646,Mumbai,1BHK,Rent,25,5,0,1
1613,38,5482837,Pune,3BHK,Buy,13,1,0,0
1614,26,12485147,Mumbai,2BHK,Rent,17,5,1,1
1615,38,3436052,Bangalore,3BHK,Rent,5,3,1,0
1616,39,13189741,Bangalore,2BHK,Rent,1,6,0,0
1617,42,5537553,Mumbai,2BHK,Buy,22,9,1,1
1618,57,13436190,Pune,1BHK,Rent,15,3,1,0
1619,52,5931067,Delhi,1BHK,Buy,10,1,1,0
1620,23,7881468,Pune,3BHK,Buy,25,8,1,1
1621,48,6494445,Bangalore,3BHK,Buy,11,9,0,1
1622,30,14773924,Mumbai,2BHK,Buy,18,4,1,1
1623,55,2696084,Pune,2BHK,Rent,29,5,0,0
1624,49,14745688,Delhi,2BHK,Rent,13,3,1,0
1625,35,4481498,Delhi,2BHK,Rent,20,8,1,0
1626,53,5104379,Delhi,1BHK,Rent,24,3,1,0
1627,27,11154838,Delhi,2BHK,Rent,16,4,0,1
1628,32,12488286,Pune,1BHK,Rent,19,7,0,1
1629,50,9233646,Delhi,3BHK,Buy,23,2,1,0
1630,41,8258588,Bangalore,3BHK,Buy,12,1,1,0
1631,51,7511598,Delhi,1BHK,Rent,23,4,1,1
1632,44,12756637,Bangalore,2BHK,Rent,14,8,0,1
1633,40,14895346,Pune,3BHK,Rent,2,1,0,0
1634,57,2036051,Bangalore,1BHK,Rent,28,3,0,0
1635,24,8307365,Pune,3BHK,Rent,10,4,1,0
1636,48,6677202,Delhi,2BHK,Rent,4,4,1,0
1637,40,7320218,Mumbai,1BHK,Buy,1,3,0,0
1638,44,8102744,Bangalore,3BHK,Buy,24,3,0,0
1639,52,5666279,Bangalore,2BHK,Rent,26,7,0,1
1640,56,5436005,Mumbai,1BHK,Rent,26,8,1,1
1641,54,5852659,Pune,1BHK,Rent,25,4,1,1
1642,56,4700502,Pune,1BHK,Buy,17,8,1,0
1643,22,13716316,Delhi,1BHK,Buy,11,8,0,1
1644,35,14987406,Bangalore,3BHK,Buy,7,6,0,0
1645,54,6567994,Pune,1BHK,Buy,17,1,1,0
1646,56,13467529,Delhi,1BHK,Buy,28,7,1,1
1647,26,4022862,Pune,1BHK,Rent,17,7,1,0
1648,59,14376183,Mumbai,1BHK,Rent,9,5,1,0
1649,32,11135055,Mumbai,1BHK,Buy,10,6,1,0
1650,23,9656575,Mumbai,2BHK,Rent,26,9,1,1
1651,38,7006034,Delhi,3BHK,Buy,6,3,0,0
1652,41,2677551,Bangalore,2BHK,Buy,17,4,0,0
1653,35,13984516,Mumbai,3BHK,Buy,16,9,0,1
1654,53,3212740,Mumbai,1BHK,Rent,7,2,0,0
1655,55,8380863,Pune,3BHK,Rent,19,9,1,1
1656,46,9546361,Mumbai,1BHK,Rent,26,5,0,1
1657,28,2497165,Bangalore,1BHK,Rent,4,3,0,0
1658,56,5732529,Delhi,2BHK,Rent,20,8,0,1
1659,50,7031833,Mumbai,2BHK,Buy,24,9,1,1
1660,43,9239239,Delhi,2BHK,Buy,17,1,0,0
1661,34,12106948,Delhi,3BHK,Buy,24,5,0,1
1662,34,4560390,Bangalore,3BHK,Rent,9,9,1,0
1663,22,11662479,Pune,2BHK,Rent,11,2,1,0
1664,57,11424310,Pune,2BHK,Rent,23,1,1,0
1665,25,12273613,Delhi,1BHK,Buy,1,8,0,0
1666,58,5093348,Mumbai,3BHK,Buy,7,6,0,0
1667,34,10258103,Delhi,1BHK,Buy,22,2,1,0
1668,59,2978536,Pune,3BHK,Rent,5,3,0,0
1669,45,7244899,Mumbai,2BHK,Rent,5,5,0,0
1670,40,2605743,Pune,3BHK,Buy,1,1,0,0
1671,22,11129207,Bangalore,3BHK,Buy,6,2,0,0
1672,59,4246928,Pune,1BHK,Buy,13,1,1,0
1673,26,3197678,Mumbai,2BHK,Buy,15,7,0,0
1674,37,4486179,Mumbai,2BHK,Rent,4,7,1,0
1675,45,9147333,Delhi,2BHK,Buy,17,5,0,1
1676,48,13345743,Mumbai,1BHK,Rent,28,6,1,1
1677,22,2003420,Bangalore,1BHK,Rent,24,3,0,0
1678,55,9137763,Pune,1BHK,Rent,24,2,0,0
1679,57,8470181,Delhi,3BHK,Rent,28,9,0,1
1680,25,6735332,Delhi,3BHK,Rent,13,2,1,0
1681,21,13861743,Mumbai,1BHK,Buy,11,1,0,0
1682,32,11401976,Bangalore,1BHK,Rent,4,9,1,0
1683,56,7176367,Delhi,2BHK,Buy,29,8,0,1
1684,43,13029513,Bangalore,3BHK,Buy,7,8,0,0
1685,51,6638952,Bangalore,3BHK,Rent,19,7,0,1
1686,31,9868451,Pune,2BHK,Buy,24,9,1,1
1687,30,8749645,Pune,2BHK,Buy,7,3,1,0
1688,23,12795575,Pune,2BHK,Buy,14,8,1,1
1689,34,9585321,Bangalore,1BHK,Buy,21,1,0,0
1690,36,8380798,Pune,1BHK,Rent,16,1,0,0
1691,30,13815651,Delhi,1BHK,Buy,21,6,0,1
1692,49,11654385,Delhi,1BHK,Buy,9,8,1,0
1693,30,3308396,Mumbai,1BHK,Rent,22,8,1,0
1694,32,3235340,Bangalore,3BHK,Rent,22,1,0,0
1695,50,10447149,Pune,3BHK,Rent,2,1,0,0
1696,21,12495230,Delhi,3BHK,Rent,27,9,1,1
1697,25,13054356,Bangalore,2BHK,Rent,16,9,1,1
1698,40,4232821,Bangalore,3BHK,Buy,5,7,0,0
1699,28,6356164,Pune,2BHK,Rent,12,1,1,0
1700,32,5079676,Bangalore,3BHK,Buy,20,2,1,0
1701,21,11486661,Pune,1BHK,Rent,26,8,1,1
1702,40,4729701,Pune,3BHK,Buy,15,8,1,0
1703,48,11015362,Pune,1BHK,Buy,3,5,1,0
1704,57,10683823,Bangalore,1BHK,Rent,9,2,0,0
1705,57,12949579,Bangalore,3BHK,Buy,27,3,0,0
1706,32,5600867,Pune,3BHK,Rent,28,5,1,1
1707,57,14653472,Bangalore,1BHK,Buy,7,3,0,0
1708,48,11168288,Pune,2BHK,Rent,4,1,1,0
1709,35,14319902,Mumbai,2BHK,Buy,25,6,0,1
1710,26,5596436,Bangalore,3BHK,Buy,9,5,0,0
1711,40,13959322,Bangalore,1BHK,Rent,28,3,0,0
1712,34,5484634,Mumbai,2BHK,Rent,15,9,1,1
1713,22,7409351,Mumbai,3BHK,Rent,23,8,0,1
1714,29,8805751,Mumbai,3BHK,Rent,21,7,0,1
1715,57,10336484,Pune,1BHK,Rent,29,2,1,0
1716,40,11625695,Pune,2BHK,Rent,25,5,0,1
1717,46,12367257,Delhi,3BHK,Rent,29,5,0,1
1718,49,7769537,Mumbai,2BHK,Rent,7,6,1,0
1719,21,7614987,Delhi,3BHK,Rent,25,6,0,1
1720,55,9568661,Pune,3BHK,Rent,11,3,1,0
1721,26,4884112,Bangalore,2BHK,Buy,19,4,1,0
1722,57,13643142,Mumbai,2BHK,Buy,11,1,1,0
1723,25,11472293,Bangalore,1BHK,Rent,25,1,1,0
1724,53,9878239,Pune,1BHK,Rent,1,5,0,0
1725,34,7552522,Mumbai,1BHK,Buy,21,4,1,1
1726,32,3366528,Delhi,1BHK,Rent,13,7,0,0
1727,40,4833304,Delhi,2BHK,Buy,13,7,1,0
1728,44,9934761,Pune,1BHK,Buy,2,4,1,0
1729,54,4473139,Bangalore,2BHK,Buy,17,2,0,0
1730,45,4603927,Pune,3BHK,Buy,19,4,1,0
1731,49,11773748,Bangalore,2BHK,Buy,23,8,1,1
1732,59,5567850,Pune,1BHK,Rent,15,2,1,0
1733,51,3418167,Delhi,2BHK,Buy,19,5,1,0
1734,43,4561854,Bangalore,2BHK,Rent,10,7,0,0
1735,58,13601232,Pune,2BHK,Buy,10,6,1,0
1736,40,11540615,Mumbai,2BHK,Buy,27,9,0,1
1737,43,2415162,Delhi,2BHK,Buy,9,2,1,0
1738,36,3619884,Delhi,1BHK,Rent,19,4,1,0
1739,28,13739674,Mumbai,2BHK,Buy,11,7,0,1
1740,41,13294353,Pune,1BHK,Buy,6,8,0,0
1741,21,14610650,Bangalore,3BHK,Rent,2,5,0,0
1742,28,9999317,Delhi,2BHK,Rent,24,5,1,1
1743,49,13936015,Pune,3BHK,Buy,10,4,1,0
1744,52,14640065,Mumbai,1BHK,Buy,15,9,0,1
1745,58,5884036,Bangalore,2BHK,Buy,5,4,1,0
1746,25,14643921,Pune,3BHK,Rent,18,3,1,0
1747,42,8117250,Pune,1BHK,Buy,7,9,0,0
1748,54,13371738,Delhi,3BHK,Rent,3,7,0,0
1749,21,2484469,Delhi,2BHK,Buy,21,9,0,0
1750,46,5842640,Bangalore,2BHK,Rent,27,4,1,1
1751,30,5464143,Pune,2BHK,Rent,25,3,0,0
1752,50,6990533,Mumbai,1BHK,Buy,16,8,0,1
1753,38,6266246,Mumbai,3BHK,Buy,17,4,1,1
1754,37,12603825,Bangalore,1BHK,Rent,2,3,0,0
1755,46,9616141,Pune,3BHK,Buy,16,4,1,1
1756,28,11713061,Delhi,1BHK,Rent,21,2,0,0
1757,32,6640743,Pune,2BHK,Rent,20,4,0,1
1758,47,5535054,Delhi,3BHK,Buy,1,7,1,0
1759,28,3568366,Mumbai,3BHK,Rent,14,3,0,0
1760,45,11070894,Bangalore,3BHK,Buy,16,1,0,0
1761,24,2684143,Bangalore,1BHK,Rent,23,8,0,0
1762,53,2607648,Bangalore,2BHK,Buy,9,6,1,0
1763,21,13904858,Delhi,3BHK,Buy,17,3,1,0
1764,39,9011612,Mumbai,1BHK,Buy,8,8,0,0
1765,51,6484735,Mumbai,3BHK,Rent,9,6,1,0
1766,36,10025828,Bangalore,2BHK,Buy,2,1,1,0
1767,34,3397636,Bangalore,3BHK,Rent,13,9,1,0
1768,25,11917883,Delhi,2BHK,Rent,1,9,1,0
1769,46,3664069,Delhi,1BHK,Buy,22,9,0,0
1770,48,10620929,Pune,1BHK,Rent,7,6,0,0
1771,22,2137837,Delhi,2BHK,Buy,18,6,0,0
1772,26,2444842,Pune,2BHK,Rent,21,4,0,0
1773,29,11132675,Bangalore,1BHK,Rent,5,8,1,0
1774,53,12627639,Mumbai,2BHK,Buy,7,9,0,0
1775,45,12495964,Delhi,2BHK,Buy,12,7,0,1
1776,33,7990842,Mumbai,3BHK,Rent,27,7,0,1
1777,29,2102903,Delhi,1BHK,Buy,17,2,0,0
1778,33,2415874,Delhi,1BHK,Buy,26,2,0,0
1779,51,6975279,Pune,2BHK,Rent,24,2,0,0
1780,31,11996458,Delhi,2BHK,Buy,5,4,1,0
1781,24,13351514,Bangalore,2BHK,Rent,12,9,1,1
1782,54,12318435,Mumbai,1BHK,Buy,19,5,0,1
1783,58,6062175,Delhi,3BHK,Buy,13,2,0,0
1784,24,4671744,Mumbai,1BHK,Rent,16,4,0,0
1785,58,3900600,Mumbai,3BHK,Rent,29,7,1,0
1786,39,13855028,Mumbai,2BHK,Buy,25,5,1,1
1787,26,9319797,Delhi,1BHK,Buy,27,8,0,1
1788,54,5506319,Pune,3BHK,Rent,19,1,0,0
1789,38,3612850,Mumbai,1BHK,Buy,23,5,1,0
1790,33,14919151,Mumbai,3BHK,Buy,10,4,0,0
1791,43,11528778,Delhi,3BHK,Buy,12,3,0,0
1792,39,2350425,Delhi,1BHK,Buy,7,7,1,0
1793,31,9930471,Bangalore,2BHK,Rent,14,1,1,0
1794,21,8102910,Bangalore,1BHK,Buy,10,6,1,0
1795,44,10154678,Pune,2BHK,Rent,28,8,0,1
1796,27,12464512,Pune,3BHK,Rent,8,2,1,0
1797,45,13310937,Pune,3BHK,Buy,15,6,1,1
1798,41,2502939,Pune,1BHK,Rent,26,1,0,0
1799,35,11610804,Mumbai,1BHK,Buy,16,6,1,1
1800,21,14724665,Delhi,2BHK,Buy,8,6,1,0
1801,32,8429512,Bangalore,2BHK,Rent,4,5,1,0
1802,27,12720107,Mumbai,1BHK,Rent,17,7,0,1
1803,35,13954951,Delhi,2BHK,Rent,4,5,0,0
1804,41,4783993,Delhi,2BHK,Buy,22,8,1,0
1805,39,6812585,Mumbai,1BHK,Buy,26,2,0,0
1806,49,4368410,Mumbai,1BHK,Buy,11,6,0,0
1807,45,2826278,Bangalore,3BHK,Rent,13,5,0,0
1808,53,11127634,Pune,3BHK,Rent,6,2,1,0
1809,52,7499685,Pune,1BHK,Rent,22,7,0,1
1810,55,11731924,Bangalore,3BHK,Rent,14,4,0,1
1811,58,13114135,Bangalore,2BHK,Rent,28,6,0,1
1812,46,14837947,Pune,1BHK,Buy,7,5,1,0
1813,31,7402066,Mumbai,3BHK,Buy,12,4,0,1
1814,55,10151473,Pune,1BHK,Rent,27,2,0,0
1815,28,2346990,Delhi,3BHK,Rent,1,7,0,0
1816,34,3885249,Delhi,1BHK,Rent,10,5,0,0
1817,30,5836813,Bangalore,2BHK,Rent,1,3,1,0
1818,22,11836447,Pune,3BHK,Buy,16,6,0,1
1819,29,10362089,Pune,1BHK,Rent,7,8,1,0
1820,23,9618523,Delhi,2BHK,Rent,28,2,0,0
1821,41,3577127,Pune,3BHK,Rent,20,4,1,0
1822,46,9436391,Bangalore,3BHK,Buy,6,3,0,0
1823,28,12909516,Bangalore,1BHK,Buy,22,7,1,1
1824,22,4751691,Delhi,2BHK,Rent,25,8,1,0
1825,26,7736967,Pune,1BHK,Buy,18,8,1,1
1826,48,5614670,Pune,3BHK,Rent,20,4,0,1
1827,49,4554137,Delhi,1BHK,Rent,4,2,1,0
1828,46,8987659,Mumbai,1BHK,Rent,23,6,0,1
1829,45,2027690,Mumbai,2BHK,Buy,16,3,1,0
1830,32,8818738,Pune,2BHK,Rent,1,8,0,0
1831,25,5213274,Bangalore,3BHK,Rent,21,3,0,0
1832,54,7643473,Mumbai,2BHK,Buy,27,2,1,0
1833,57,10729324,Pune,1BHK,Buy,20,9,0,1
1834,35,6745059,Mumbai,3BHK,Rent,2,9,0,0
1835,56,11159486,Delhi,2BHK,Rent,16,9,1,1
1836,35,2655408,Mumbai,1BHK,Buy,21,3,0,0
1837,43,12653810,Mumbai,1BHK,Buy,9,2,0,0
1838,26,10902280,Delhi,3BHK,Buy,15,4,0,1
1839,41,2999078,Bangalore,3BHK,Rent,24,2,1,0
1840,43,6030272,Pune,2BHK,Rent,16,8,0,1
1841,36,7840582,Bangalore,2BHK,Buy,9,1,1,0
1842,35,2704582,Bangalore,2BHK,Buy,7,2,1,0
1843,45,8863859,Mumbai,2BHK,Rent,10,6,1,0
1844,56,2876038,Pune,3BHK,Buy,7,9,1,0
1845,31,12002119,Mumbai,1BHK,Rent,13,5,0,1
1846,35,3103183,Delhi,1BHK,Rent,2,5,0,0
1847,24,3499202,Bangalore,2BHK,Rent,12,3,0,0
1848,41,5167724,Bangalore,3BHK,Buy,13,8,0,1
1849,33,7166729,Delhi,2BHK,Rent,3,6,0,0
1850,42,11745350,Pune,2BHK,Buy,11,2,1,0
1851,39,2826580,Bangalore,3BHK,Buy,26,5,1,0
1852,54,10218365,Bangalore,1BHK,Buy,8,4,1,0
1853,34,12838628,Pune,1BHK,Buy,11,9,0,1
1854,24,6056926,Mumbai,2BHK,Rent,18,4,1,1
1855,47,6433494,Delhi,3BHK,Rent,7,8,0,0
1856,49,4106040,Pune,1BHK,Rent,12,1,0,0
1857,48,3792602,Delhi,1BHK,Buy,6,5,0,0
1858,55,6102391,Delhi,3BHK,Rent,28,9,1,1
1859,28,7196134,Bangalore,3BHK,Rent,10,3,1,0
1860,36,3270008,Pune,1BHK,Rent,20,6,1,0
1861,56,12846845,Delhi,2BHK,Rent,27,6,1,1
1862,50,8184858,Mumbai,2BHK,Buy,15,6,1,1
1863,38,4376629,Delhi,1BHK,Buy,20,4,0,0
1864,22,2560643,Bangalore,2BHK,Rent,15,7,1,0
1865,33,2230487,Mumbai,2BHK,Buy,19,3,1,0
1866,24,7178066,Mumbai,3BHK,Buy,6,6,1,0
1867,46,4871042,Pune,3BHK,Buy,19,5,0,0
1868,45,6443738,Mumbai,3BHK,Rent,15,3,1,0
1869,50,9181058,Pune,2BHK,Rent,25,2,1,0
1870,31,7580699,Pune,3BHK,Buy,20,1,0,0
1871,27,2591952,Mumbai,3BHK,Buy,20,8,1,0
1872,51,5763632,Pune,1BHK,Buy,18,1,0,0
1873,30,5967445,Pune,3BHK,Buy,2,5,0,0
1874,59,11693533,Mumbai,1BHK,Rent,7,5,1,0
1875,33,9750781,Bangalore,2BHK,Buy,5,1,1,0
1876,51,2950128,Delhi,3BHK,Rent,3,9,1,0
1877,27,14371798,Pune,1BHK,Buy,6,5,0,0
1878,56,4548965,Pune,1BHK,Rent,6,9,1,0
1879,40,5974603,Mumbai,1BHK,Buy,1,6,0,0
1880,24,6846936,Delhi,2BHK,Rent,19,7,0,1
1881,27,12715445,Delhi,3BHK,Rent,12,7,1,1
1882,21,14910520,Pune,2BHK,Buy,5,2,1,0
1883,33,9992339,Mumbai,1BHK,Buy,27,5,0,1
1884,42,2135024,Bangalore,2BHK,Rent,29,2,1,0
1885,41,5071536,Delhi,2BHK,Rent,27,4,0,1
1886,42,6377577,Bangalore,1BHK,Buy,7,3,1,0
1887,48,4741894,Mumbai,3BHK,Buy,20,6,1,0
1888,29,14707356,Bangalore,3BHK,Buy,28,5,1,1
1889,46,10762927,Mumbai,2BHK,Buy,8,1,1,0
1890,29,4401756,Pune,3BHK,Rent,19,2,0,0
1891,35,5299596,Bangalore,1BHK,Rent,6,7,0,0
1892,30,4259970,Pune,3BHK,Rent,15,9,0,0
1893,44,4577153,Pune,2BHK,Buy,6,1,0,0
1894,28,13534351,Mumbai,1BHK,Buy,9,4,0,0
1895,44,5981917,Bangalore,1BHK,Buy,4,3,0,0
1896,36,3205605,Delhi,1BHK,Rent,16,5,1,0
1897,46,10994437,Bangalore,2BHK,Buy,23,5,1,1
1898,47,9885612,Delhi,2BHK,Rent,10,2,0,0
1899,57,3433414,Pune,3BHK,Buy,1,5,0,0
1900,24,12648708,Pune,2BHK,Rent,11,4,0,1
1901,44,11104695,Mumbai,1BHK,Rent,17,1,0,0
1902,39,11484230,Delhi,2BHK,Rent,18,1,0,0
1903,56,14073441,Bangalore,2BHK,Buy,20,1,0,0
1904,59,6154238,Mumbai,3BHK,Buy,28,8,1,1
1905,30,3058335,Mumbai,1BHK,Buy,22,3,1,0
1906,45,14865560,Mumbai,3BHK,Buy,20,9,0,1
1907,38,12756411,Bangalore,3BHK,Rent,15,2,0,0
1908,39,3069626,Mumbai,3BHK,Rent,6,9,1,0
1909,56,12883796,Bangalore,1BHK,Buy,16,9,1,1
1910,30,3973915,Mumbai,3BHK,Buy,2,4,1,0
1911,53,2486383,Delhi,1BHK,Buy,25,4,1,0
1912,25,13634489,Pune,3BHK,Buy,27,4,1,1
1913,55,5945747,Delhi,3BHK,Rent,3,1,0,0
1914,54,4328481,Delhi,1BHK,Buy,23,5,1,0
1915,53,13061969,Mumbai,2BHK,Rent,17,6,1,1
1916,41,13973051,Delhi,3BHK,Rent,8,4,1,0
1917,37,7884902,Delhi,2BHK,Rent,20,8,1,1
1918,42,13525546,Delhi,3BHK,Buy,27,3,1,0
1919,57,10256568,Mumbai,2BHK,Buy,28,9,1,1
1920,35,8429368,Bangalore,2BHK,Buy,15,7,1,1
1921,55,8788042,Pune,2BHK,Buy,13,8,1,1
1922,48,4652880,Pune,2BHK,Rent,21,7,1,0
1923,27,7802351,Bangalore,2BHK,Buy,23,9,1,1
1924,52,9997781,Bangalore,1BHK,Rent,19,2,1,0
1925,31,14506916,Delhi,2BHK,Buy,25,4,0,1
1926,30,6833107,Pune,1BHK,Rent,25,2,1,0
1927,29,4425595,Bangalore,3BHK,Rent,24,8,1,0
1928,34,5890549,Delhi,1BHK,Rent,1,2,0,0
1929,33,3009589,Pune,2BHK,Buy,28,8,1,0
1930,45,3688367,Mumbai,1BHK,Rent,29,6,1,0
1931,22,14884997,Mumbai,2BHK,Rent,12,7,1,1
1932,55,14540833,Pune,1BHK,Buy,18,6,0,1
1933,27,6270358,Pune,3BHK,Rent,18,9,0,1
1934,41,12987532,Mumbai,2BHK,Buy,3,4,0,0
1935,38,8877486,Mumbai,2BHK,Buy,18,1,1,0
1936,23,9831144,Pune,1BHK,Rent,17,9,0,1
1937,59,2569503,Delhi,1BHK,Rent,11,8,1,0
1938,31,7236889,Bangalore,1BHK,Buy,5,1,0,0
1939,59,10174321,Bangalore,1BHK,Rent,22,6,1,1
1940,44,14376244,Pune,1BHK,Buy,29,4,0,1
1941,39,12645005,Bangalore,2BHK,Buy,7,2,0,0
1942,24,11839795,Mumbai,3BHK,Rent,26,3,1,0
1943,46,5623687,Mumbai,1BHK,Buy,23,9,1,1
1944,58,7346471,Bangalore,2BHK,Rent,18,5,1,1
1945,52,9589077,Pune,3BHK,Rent,29,7,1,1
1946,59,9910549,Mumbai,3BHK,Buy,7,2,1,0
1947,56,3992719,Delhi,1BHK,Rent,18,8,0,0
1948,57,8141018,Delhi,2BHK,Rent,2,3,1,0
1949,53,2255931,Mumbai,2BHK,Rent,28,1,1,0
1950,56,11597180,Mumbai,2BHK,Rent,6,8,1,0
1951,23,12087483,Bangalore,2BHK,Rent,22,9,0,1
1952,29,7709065,Pune,2BHK,Rent,8,8,1,0
1953,28,7535128,Bangalore,3BHK,Buy,21,1,0,0
1954,53,6184094,Pune,3BHK,Rent,21,7,1,1
1955,26,2764948,Delhi,3BHK,Buy,26,7,1,0
1956,59,2824026,Delhi,2BHK,Buy,17,4,1,0
1957,24,14848720,Pune,3BHK,Rent,4,8,0,0
1958,33,10136992,Bangalore,3BHK,Rent,17,5,1,1
1959,22,10023582,Mumbai,1BHK,Buy,26,4,1,1
1960,25,9012849,Pune,3BHK,Buy,16,5,0,1
1961,47,2454377,Bangalore,1BHK,Rent,21,2,1,0
1962,52,9019993,Delhi,2BHK,Buy,15,4,0,1
1963,41,2652692,Mumbai,2BHK,Buy,15,8,1,0
1964,28,14522019,Delhi,2BHK,Rent,8,7,1,0
1965,58,7444544,Pune,2BHK,Buy,17,8,0,1
1966,28,7537923,Delhi,3BHK,Buy,19,7,1,1
1967,23,13343171,Delhi,1BHK,Rent,1,7,1,0
1968,23,4638681,Pune,2BHK,Rent,13,7,1,0
1969,42,4929795,Mumbai,2BHK,Rent,6,2,0,0
1970,26,5733488,Pune,1BHK,Rent,10,3,1,0
1971,22,8496776,Bangalore,1BHK,Buy,1,1,1,0
1972,43,5088413,Pune,1BHK,Buy,26,2,0,0
1973,22,2031346,Pune,1BHK,Buy,12,6,1,0
1974,58,14139820,Mumbai,1BHK,Buy,19,2,1,0
1975,37,14949507,Bangalore,3BHK,Buy,15,1,1,0
1976,55,6926788,Delhi,1BHK,Rent,21,8,0,1
1977,54,3937916,Delhi,3BHK,Buy,5,9,1,0
1978,43,5294742,Delhi,1BHK,Buy,2,7,1,0
1979,50,3884175,Delhi,1BHK,Rent,19,3,0,0
1980,28,2822805,Mumbai,2BHK,Buy,14,1,0,0
1981,42,12466276,Bangalore,2BHK,Buy,29,4,0,1
1982,56,12290759,Mumbai,2BHK,Rent,9,3,1,0
1983,25,7090749,Pune,2BHK,Rent,29,3,0,0
1984,33,5147744,Bangalore,2BHK,Buy,1,2,1,0
1985,49,2963813,Bangalore,2BHK,Rent,13,3,1,0
1986,51,2531562,Delhi,1BHK,Buy,17,5,0,0
1987,36,13511503,Delhi,1BHK,Buy,28,4,1,1
1988,50,6210052,Delhi,2BHK,Rent,2,1,0,0
1989,36,11850575,Delhi,2BHK,Buy,24,1,0,0
1990,32,9837958,Pune,2BHK,Rent,22,1,0,0
1991,37,7778994,Delhi,1BHK,Rent,14,9,0,1
1992,36,13139336,Mumbai,2BHK,Buy,20,9,1,1
1993,32,12913105,Bangalore,2BHK,Buy,23,9,1,1
1994,28,4092332,Pune,1BHK,Rent,6,4,1,0
1995,40,7443961,Pune,1BHK,Rent,25,4,0,1
1996,23,14309678,Bangalore,3BHK,Rent,6,7,0,0
1997,36,14999618,Bangalore,2BHK,Rent,18,3,1,0
1998,50,11280663,Bangalore,1BHK,Buy,19,3,0,0
1999,43,2172507,Pune,3BHK,Rent,9,4,1,0
2000,48,5876105,Mumbai,1BHK,Buy,15,6,0,1
2001,25,14805935,Mumbai,3BHK,Rent,7,1,0,0
2002,40,5490978,Bangalore,3BHK,Rent,6,3,1,0
2003,21,5862965,Pune,2BHK,Buy,29,5,1,1
2004,50,13423062,Delhi,2BHK,Buy,5,4,1,0
2005,41,3365358,Pune,3BHK,Rent,19,8,0,0
2006,40,9409104,Bangalore,2BHK,Buy,20,9,1,1
2007,26,13601645,Pune,1BHK,Buy,1,8,1,0
2008,42,13695302,Pune,1BHK,Buy,21,9,0,1
2009,38,14514803,Pune,3BHK,Buy,7,8,0,0
2010,28,10890383,Delhi,3BHK,Rent,18,1,0,0
2011,59,2185639,Bangalore,1BHK,Buy,27,7,0,0
2012,52,6060003,Bangalore,1BHK,Rent,28,9,0,1
2013,53,7802494,Bangalore,3BHK,Rent,8,1,1,0
2014,36,3840087,Mumbai,1BHK,Rent,12,1,0,0
2015,32,5529284,Mumbai,1BHK,Rent,10,2,1,0
2016,58,7854508,Bangalore,3BHK,Buy,6,5,0,0
2017,54,12904570,Pune,2BHK,Rent,26,8,0,1
2018,34,8596349,Pune,1BHK,Rent,16,8,0,1
2019,56,9982512,Bangalore,2BHK,Buy,19,4,0,1
2020,53,13786085,Delhi,2BHK,Buy,18,7,1,1
2021,43,10205697,Delhi,1BHK,Buy,24,7,1,1
2022,22,14432678,Pune,2BHK,Rent,13,9,1,1
2023,41,12010279,Pune,3BHK,Buy,20,9,0,1
2024,22,6463588,Mumbai,1BHK,Rent,7,3,1,0
2025,47,7568250,Delhi,1BHK,Rent,7,8,1,0
2026,29,9053905,Pune,2BHK,Rent,16,5,1,1
2027,21,7650997,Pune,1BHK,Buy,26,5,1,1
2028,31,11263855,Bangalore,1BHK,Rent,25,8,1,1
2029,23,12685648,Mumbai,2BHK,Rent,10,6,0,0
2030,43,14748964,Delhi,2BHK,Buy,15,1,0,0
2031,46,5652461,Delhi,1BHK,Rent,14,4,0,1
2032,24,13760933,Mumbai,1BHK,Buy,24,9,0,1
2033,38,13101702,Pune,3BHK,Buy,12,5,1,1
2034,26,10517709,Delhi,3BHK,Buy,29,4,1,1
2035,55,3490496,Delhi,1BHK,Buy,15,1,1,0
2036,42,8764482,Delhi,1BHK,Buy,8,9,1,0
2037,35,2656228,Bangalore,3BHK,Buy,7,8,0,0
2038,42,8711070,Mumbai,2BHK,Rent,26,3,1,0
2039,57,8504106,Delhi,1BHK,Buy,21,9,1,1
2040,32,6553804,Mumbai,3BHK,Rent,9,1,1,0
2041,58,7618735,Pune,3BHK,Rent,14,4,1,1
2042,38,9099134,Mumbai,1BHK,Rent,28,5,0,1
2043,55,2151633,Bangalore,1BHK,Rent,27,4,1,0
2044,50,14468094,Bangalore,3BHK,Buy,7,4,0,0
2045,44,11471696,Mumbai,1BHK,Rent,12,9,0,1
2046,50,13503824,Bangalore,2BHK,Buy,14,5,1,1
2047,34,8516682,Delhi,1BHK,Rent,11,1,0,0
2048,26,5354195,Bangalore,3BHK,Buy,19,7,0,1
2049,23,4941449,Pune,3BHK,Buy,28,6,1,0
2050,36,9232540,Mumbai,1BHK,Rent,6,9,1,0
2051,27,8755631,Mumbai,3BHK,Buy,3,4,0,0
2052,34,13375585,Pune,2BHK,Buy,6,6,1,0
2053,29,10985040,Pune,1BHK,Buy,29,7,1,1
2054,35,13183605,Pune,1BHK,Buy,24,4,0,1
2055,41,6113853,Pune,3BHK,Rent,9,9,0,0
2056,55,3165939,Delhi,2BHK,Rent,2,1,0,0
2057,22,10701417,Bangalore,1BHK,Rent,6,1,1,0
2058,47,12162956,Bangalore,3BHK,Rent,14,3,0,0
2059,22,6375979,Delhi,1BHK,Buy,19,9,1,1
2060,55,7394990,Pune,2BHK,Rent,23,5,0,1
2061,38,8909286,Mumbai,3BHK,Rent,27,1,0,0
2062,34,2887743,Mumbai,1BHK,Buy,4,5,0,0
2063,40,4264116,Mumbai,3BHK,Buy,14,6,0,0
2064,38,2394969,Pune,3BHK,Rent,21,4,1,0
2065,30,2855243,Delhi,2BHK,Rent,10,7,0,0
2066,45,12166827,Delhi,2BHK,Rent,6,3,1,0
2067,22,5059867,Delhi,1BHK,Buy,11,5,1,1
2068,45,4213889,Bangalore,3BHK,Rent,13,6,1,0
2069,53,4553188,Bangalore,3BHK,Buy,24,7,0,0
2070,56,10651576,Bangalore,3BHK,Buy,18,2,1,0
2071,51,14299041,Bangalore,1BHK,Rent,20,5,1,1
2072,34,2642006,Mumbai,2BHK,Buy,14,7,0,0
2073,21,14911673,Mumbai,2BHK,Buy,27,7,0,1
2074,36,5510940,Delhi,3BHK,Rent,20,3,0,0
2075,23,6119586,Bangalore,1BHK,Buy,22,8,0,1
2076,55,3780655,Delhi,3BHK,Buy,20,1,1,0
2077,26,8016288,Pune,2BHK,Buy,11,4,0,1
2078,45,12965578,Bangalore,3BHK,Rent,21,3,0,0
2079,33,8144328,Bangalore,3BHK,Buy,5,4,0,0
2080,54,13743821,Delhi,3BHK,Buy,8,9,0,0
2081,28,6466430,Delhi,2BHK,Buy,4,8,0,0
2082,41,6137736,Pune,1BHK,Rent,12,4,1,1
2083,54,12905574,Delhi,3BHK,Rent,6,8,1,0
2084,24,6340015,Bangalore,2BHK,Rent,23,1,0,0
2085,45,14128476,Mumbai,3BHK,Rent,24,8,0,1
2086,35,11446879,Pune,1BHK,Rent,25,2,1,0
2087,24,7291462,Pune,3BHK,Rent,26,6,0,1
2088,32,3341814,Bangalore,1BHK,Rent,8,6,1,0
2089,52,7958875,Mumbai,2BHK,Buy,4,3,1,0
2090,52,3332907,Delhi,1BHK,Buy,20,5,1,0
2091,48,11041617,Delhi,1BHK,Rent,10,2,1,0
2092,33,6825275,Mumbai,2BHK,Rent,11,8,0,1
2093,51,10127678,Mumbai,1BHK,Rent,15,8,0,1
2094,34,6713686,Bangalore,1BHK,Buy,5,5,0,0
2095,40,12005878,Delhi,2BHK,Buy,3,7,0,0
2096,38,11397333,Bangalore,1BHK,Buy,15,8,0,1
2097,49,9252441,Delhi,1BHK,Buy,2,4,1,0
2098,26,8438505,Delhi,3BHK,Rent,2,2,1,0
2099,52,13531083,Mumbai,1BHK,Buy,25,5,0,1
2100,49,7680935,Bangalore,1BHK,Buy,8,7,1,0
2101,22,3499666,Mumbai,1BHK,Buy,22,4,1,0
2102,43,12282030,Bangalore,2BHK,Rent,14,4,1,1
2103,39,5509312,Delhi,1BHK,Rent,9,4,1,0
2104,51,6088770,Pune,2BHK,Rent,5,9,0,0
2105,25,10624602,Pune,2BHK,Buy,12,9,0,1
2106,39,14424337,Bangalore,1BHK,Buy,10,8,1,0
2107,54,7954481,Bangalore,1BHK,Buy,1,8,1,0
2108,30,5350301,Mumbai,1BHK,Rent,24,7,0,1
2109,45,14264829,Delhi,1BHK,Rent,19,1,0,0
2110,22,5206209,Pune,1BHK,Buy,25,8,0,1
2111,31,12199556,Mumbai,1BHK,Buy,11,4,0,1
2112,51,12775644,Bangalore,1BHK,Rent,17,1,1,0
2113,35,10189792,Delhi,2BHK,Buy,3,1,1,0
2114,29,8232489,Mumbai,3BHK,Buy,1,3,1,0
2115,43,9259603,Mumbai,2BHK,Buy,17,3,0,0
2116,39,5642461,Bangalore,1BHK,Rent,6,1,1,0
2117,29,9639172,Delhi,3BHK,Rent,13,8,0,1
2118,55,6881841,Pune,3BHK,Rent,20,4,1,1
2119,41,5792212,Mumbai,1BHK,Rent,26,4,1,1
2120,29,14095801,Bangalore,1BHK,Rent,4,6,0,0
2121,48,5211854,Mumbai,2BHK,Rent,5,9,0,0
2122,27,13853011,Bangalore,3BHK,Rent,15,9,1,1
2123,36,10414727,Bangalore,3BHK,Rent,14,8,1,1
2124,36,2642032,Bangalore,1BHK,Rent,19,1,1,0
2125,53,13693323,Delhi,1BHK,Buy,15,2,0,0
2126,24,13930260,Pune,3BHK,Buy,12,3,0,0
2127,24,6626269,Delhi,3BHK,Buy,18,5,0,1
2128,59,3093565,Pune,1BHK,Buy,14,5,0,0
2129,37,14342874,Bangalore,1BHK,Rent,10,8,1,0
2130,57,3852139,Pune,1BHK,Buy,8,2,0,0
2131,59,14367321,Delhi,2BHK,Buy,27,2,1,0
2132,49,9346585,Mumbai,2BHK,Buy,23,8,0,1
2133,56,3590745,Delhi,1BHK,Rent,26,1,1,0
2134,58,2352935,Delhi,2BHK,Buy,29,9,0,0
2135,59,7610688,Delhi,3BHK,Buy,4,2,1,0
2136,57,4166458,Delhi,3BHK,Buy,18,5,0,0
2137,55,13947278,Delhi,1BHK,Rent,28,3,1,0
2138,27,5023744,Pune,3BHK,Buy,25,5,0,1
2139,47,5573258,Pune,3BHK,Rent,8,8,1,0
2140,48,14506881,Mumbai,3BHK,Rent,4,8,0,0
2141,42,4375646,Delhi,3BHK,Buy,11,6,0,0
2142,34,7342479,Delhi,3BHK,Rent,5,9,1,0
2143,27,5751413,Mumbai,2BHK,Rent,10,7,1,0
2144,57,7584533,Mumbai,2BHK,Buy,6,2,0,0
2145,42,10930665,Bangalore,1BHK,Rent,29,1,0,0
2146,25,8243246,Mumbai,3BHK,Buy,4,8,0,0
2147,22,4723024,Mumbai,2BHK,Buy,18,1,0,0
2148,47,11745693,Mumbai,2BHK,Buy,21,8,0,1
2149,41,2312329,Bangalore,2BHK,Rent,27,9,0,0
2150,58,3706722,Pune,3BHK,Buy,17,1,0,0
2151,35,12193081,Bangalore,2BHK,Buy,7,7,1,0
2152,41,5540564,Pune,1BHK,Buy,9,5,1,0
2153,30,5165317,Mumbai,1BHK,Rent,3,8,1,0
2154,43,7507906,Bangalore,3BHK,Buy,22,4,1,1
2155,59,12666154,Bangalore,1BHK,Rent,9,2,0,0
2156,25,6847828,Pune,2BHK,Rent,27,7,0,1
2157,21,6612044,Bangalore,3BHK,Buy,4,7,0,0
2158,33,12233361,Bangalore,1BHK,Rent,22,8,0,1
2159,41,11004603,Delhi,3BHK,Buy,19,9,0,1
2160,46,6154967,Pune,2BHK,Rent,9,6,0,0
2161,41,14570650,Bangalore,1BHK,Buy,23,3,1,0
2162,38,3364981,Bangalore,2BHK,Buy,23,5,0,0
2163,57,10119363,Mumbai,1BHK,Rent,20,3,0,0
2164,52,2658197,Delhi,3BHK,Buy,6,9,0,0
2165,56,8627735,Delhi,1BHK,Buy,27,5,0,1
2166,37,10338983,Mumbai,1BHK,Rent,11,7,0,1
2167,55,12309705,Mumbai,1BHK,Rent,24,7,0,1
2168,31,4726465,Mumbai,3BHK,Rent,15,7,0,0
2169,41,14239527,Mumbai,1BHK,Rent,22,4,1,1
2170,46,10609029,Delhi,2BHK,Rent,6,4,1,0
2171,24,5052911,Bangalore,3BHK,Buy,20,3,1,0
2172,54,3293073,Bangalore,3BHK,Buy,24,4,1,0
2173,38,12122064,Mumbai,2BHK,Buy,10,9,0,0
2174,55,5568485,Pune,3BHK,Rent,24,5,1,1
2175,49,7177580,Mumbai,1BHK,Rent,25,6,1,1
2176,49,6090582,Bangalore,3BHK,Buy,22,4,0,1
2177,58,4141549,Pune,2BHK,Rent,18,1,1,0
2178,41,4960669,Mumbai,3BHK,Buy,16,7,0,0
2179,33,9141753,Pune,2BHK,Buy,4,7,1,0
2180,37,10182420,Mumbai,3BHK,Rent,20,6,1,1
2181,29,3504137,Delhi,2BHK,Rent,13,4,1,0
2182,21,2277132,Bangalore,3BHK,Rent,24,8,0,0
2183,22,4005187,Mumbai,1BHK,Rent,5,8,0,0
2184,49,14741414,Pune,2BHK,Rent,20,1,1,0
2185,53,13960087,Bangalore,2BHK,Rent,24,9,1,1
2186,30,14782460,Mumbai,3BHK,Buy,29,8,0,1
2187,41,7500533,Mumbai,3BHK,Rent,19,2,0,0
2188,48,6019489,Mumbai,3BHK,Buy,18,9,1,1
2189,31,10335334,Mumbai,1BHK,Buy,20,4,1,1
2190,54,7819452,Delhi,3BHK,Buy,27,6,1,1
2191,28,14114856,Bangalore,2BHK,Rent,17,2,1,0
2192,42,4141572,Delhi,3BHK,Buy,16,4,0,0
2193,28,7708593,Bangalore,1BHK,Rent,1,2,1,0
2194,35,7676594,Mumbai,3BHK,Rent,21,9,0,1
2195,37,9109171,Bangalore,3BHK,Rent,29,9,0,1
2196,43,11634425,Pune,2BHK,Rent,27,5,0,1
2197,44,2989862,Bangalore,3BHK,Rent,1,3,0,0
2198,39,14252153,Pune,1BHK,Buy,20,3,0,0
2199,25,4123120,Pune,3BHK,Rent,24,1,0,0
2200,52,13596844,Delhi,3BHK,Buy,14,8,0,1
2201,21,2760151,Bangalore,2BHK,Rent,24,3,0,0
2202,43,10058612,Mumbai,3BHK,Rent,2,4,0,0
2203,57,6569883,Bangalore,2BHK,Rent,15,2,1,0
2204,28,3133942,Delhi,2BHK,Buy,29,8,0,0
2205,33,14064362,Pune,3BHK,Buy,3,3,1,0
2206,28,11532608,Pune,2BHK,Buy,13,2,0,0
2207,43,13214753,Delhi,2BHK,Buy,19,1,0,0
2208,21,5748688,Delhi,3BHK,Rent,1,2,1,0
2209,44,3712189,Bangalore,3BHK,Rent,13,2,0,0
2210,55,8083645,Pune,1BHK,Buy,15,4,0,1
2211,44,7368229,Delhi,1BHK,Buy,16,1,1,0
2212,37,6769561,Bangalore,2BHK,Buy,11,1,1,0
2213,25,14700198,Bangalore,2BHK,Buy,3,6,0,0
2214,40,7156219,Mumbai,3BHK,Rent,8,5,0,0
2215,41,5220756,Pune,1BHK,Rent,6,1,1,0
2216,51,8064733,Bangalore,1BHK,Rent,5,6,0,0
2217,56,7113262,Delhi,3BHK,Buy,26,8,0,1
2218,31,11323634,Pune,3BHK,Buy,28,5,0,1
2219,35,14621487,Delhi,3BHK,Rent,15,3,1,0
2220,39,3497060,Delhi,3BHK,Buy,9,3,0,0
2221,27,2605599,Bangalore,1BHK,Buy,23,2,1,0
2222,48,11316514,Bangalore,3BHK,Buy,22,9,0,1
2223,25,11384722,Mumbai,3BHK,Rent,5,9,0,0
2224,25,8896525,Delhi,1BHK,Buy,21,7,0,1
2225,50,7803695,Bangalore,3BHK,Rent,10,1,1,0
2226,52,6770773,Mumbai,1BHK,Buy,25,1,1,0
2227,28,5041658,Pune,1BHK,Buy,29,4,1,1
2228,30,12042691,Mumbai,3BHK,Rent,26,2,0,0
2229,58,13415724,Mumbai,3BHK,Rent,6,3,0,0
2230,52,10550162,Delhi,2BHK,Rent,28,2,1,0
2231,48,2179300,Pune,2BHK,Rent,11,1,1,0
2232,37,5753281,Delhi,1BHK,Buy,4,3,1,0
2233,51,3098702,Delhi,1BHK,Buy,20,7,0,0
2234,28,10147009,Mumbai,2BHK,Rent,12,9,0,1
2235,45,5200842,Mumbai,1BHK,Rent,20,9,1,1
2236,29,6400726,Bangalore,2BHK,Buy,27,8,0,1
2237,22,11101769,Mumbai,3BHK,Buy,6,6,0,0
2238,35,2121284,Bangalore,3BHK,Buy,1,1,1,0
2239,23,13848962,Delhi,3BHK,Rent,25,8,0,1
2240,56,3243045,Mumbai,1BHK,Rent,18,8,1,0
2241,24,14453580,Pune,3BHK,Buy,2,9,1,0
2242,34,8190505,Pune,1BHK,Rent,5,6,1,0
2243,45,3190866,Delhi,3BHK,Buy,16,3,1,0
2244,30,11770919,Delhi,1BHK,Rent,12,6,1,1
2245,41,11001137,Mumbai,1BHK,Rent,12,8,0,1
2246,56,13306914,Bangalore,2BHK,Buy,11,7,1,1
2247,32,9522647,Mumbai,2BHK,Buy,20,8,1,1
2248,47,6498448,Bangalore,2BHK,Rent,19,3,0,0
2249,22,7798089,Mumbai,1BHK,Buy,21,8,0,1
2250,33,2161686,Pune,2BHK,Rent,7,5,1,0
2251,52,7959429,Pune,2BHK,Buy,26,7,1,1
2252,51,10930497,Bangalore,2BHK,Buy,2,4,1,0
2253,36,3666196,Mumbai,1BHK,Rent,29,3,1,0
2254,52,11822582,Delhi,1BHK,Buy,29,6,0,1
2255,52,6921207,Bangalore,2BHK,Rent,6,9,1,0
2256,54,6083746,Pune,2BHK,Rent,4,4,1,0
2257,31,13995164,Bangalore,1BHK,Rent,2,9,1,0
2258,30,8672604,Mumbai,1BHK,Rent,17,3,1,0
2259,35,8002740,Delhi,2BHK,Buy,8,6,0,0
2260,37,5030948,Delhi,2BHK,Rent,5,5,0,0
2261,38,11337622,Bangalore,2BHK,Rent,10,9,1,0
2262,29,9470471,Mumbai,1BHK,Rent,16,6,1,1
2263,45,7482571,Mumbai,2BHK,Buy,2,2,1,0
2264,34,10681135,Delhi,1BHK,Rent,24,4,0,1
2265,45,11580041,Pune,3BHK,Rent,19,5,1,1
2266,42,2810713,Mumbai,2BHK,Buy,7,9,0,0
2267,50,11813166,Delhi,3BHK,Rent,2,1,0,0
2268,40,3108731,Delhi,1BHK,Rent,13,9,1,0
2269,41,6512761,Mumbai,3BHK,Buy,23,1,0,0
2270,52,6187586,Mumbai,2BHK,Rent,4,1,0,0
2271,41,5663681,Bangalore,3BHK,Rent,16,4,1,1
2272,55,5929605,Pune,3BHK,Buy,10,6,1,0
2273,52,9076884,Bangalore,3BHK,Buy,17,2,0,0
2274,50,10238152,Bangalore,1BHK,Buy,21,1,0,0
2275,59,6713289,Delhi,2BHK,Rent,28,4,0,1
2276,32,5571194,Delhi,1BHK,Rent,14,8,1,1
2277,38,2818408,Pune,3BHK,Buy,12,6,0,0
2278,41,13153111,Bangalore,3BHK,Rent,13,5,1,1
2279,33,5250133,Bangalore,1BHK,Buy,20,1,0,0
2280,41,5723760,Delhi,1BHK,Rent,8,3,1,0
2281,28,12377421,Delhi,3BHK,Buy,17,7,0,1
2282,27,8818217,Mumbai,2BHK,Buy,18,3,0,0
2283,43,4760620,Bangalore,1BHK,Buy,21,5,1,0
2284,52,9893035,Pune,3BHK,Rent,10,6,1,0
2285,31,4341978,Bangalore,3BHK,Buy,26,9,0,0
2286,42,5399584,Delhi,2BHK,Buy,28,3,0,0
2287,42,10908245,Mumbai,3BHK,Rent,13,6,0,1
2288,45,8019676,Bangalore,1BHK,Buy,2,2,0,0
2289,42,11420626,Pune,3BHK,Rent,27,9,1,1
2290,48,13861996,Delhi,3BHK,Buy,17,9,0,1
2291,49,11077330,Mumbai,3BHK,Buy,6,7,1,0
2292,33,7297484,Bangalore,3BHK,Buy,12,9,1,1
2293,38,6702714,Pune,2BHK,Buy,29,4,1,1
2294,22,12182101,Delhi,1BHK,Buy,13,1,1,0
2295,49,9914871,Pune,3BHK,Buy,28,1,1,0
2296,41,2658561,Bangalore,1BHK,Buy,26,2,1,0
2297,35,13771566,Delhi,2BHK,Rent,4,3,0,0
2298,47,8527595,Bangalore,1BHK,Buy,15,2,0,0
2299,51,12070429,Mumbai,2BHK,Rent,16,4,1,1
2300,35,7332762,Bangalore,1BHK,Rent,21,8,0,1
2301,43,5413553,Mumbai,1BHK,Rent,19,3,1,0
2302,44,8393438,Bangalore,3BHK,Rent,15,4,1,1
2303,33,4144022,Pune,1BHK,Rent,26,2,1,0
2304,42,14449164,Pune,3BHK,Rent,6,1,0,0
2305,57,4310480,Delhi,3BHK,Buy,20,8,0,0
2306,53,3902211,Pune,1BHK,Buy,29,7,0,0
2307,23,4256376,Pune,3BHK,Buy,6,2,1,0
2308,39,3622925,Mumbai,1BHK,Buy,29,8,0,0
2309,43,6776827,Pune,3BHK,Buy,5,3,1,0
2310,49,8067202,Mumbai,3BHK,Rent,27,7,1,1
2311,50,7857241,Mumbai,2BHK,Rent,2,1,0,0
2312,59,8090713,Mumbai,2BHK,Rent,20,3,1,0
2313,45,3584081,Bangalore,1BHK,Buy,2,9,1,0
2314,57,12796255,Mumbai,3BHK,Buy,5,4,1,0
2315,28,7014477,Bangalore,2BHK,Buy,3,1,1,0
2316,36,12899630,Mumbai,2BHK,Buy,6,6,1,0
2317,28,3240962,Bangalore,2BHK,Rent,11,1,0,0
2318,21,11700736,Delhi,3BHK,Rent,5,1,1,0
2319,25,7810071,Delhi,1BHK,Buy,18,2,1,0
2320,23,12176752,Bangalore,3BHK,Rent,14,3,0,0
2321,21,2107042,Delhi,3BHK,Buy,10,2,0,0
2322,24,6962317,Pune,2BHK,Buy,27,8,1,1
2323,55,13715980,Mumbai,3BHK,Buy,24,6,0,1
2324,52,13462062,Bangalore,3BHK,Rent,22,1,1,0
2325,54,14029233,Delhi,2BHK,Rent,25,6,0,1
2326,45,8675789,Delhi,2BHK,Rent,3,1,0,0
2327,30,6827860,Pune,3BHK,Buy,16,9,0,1
2328,41,7312514,Mumbai,2BHK,Buy,16,3,1,0
2329,59,9719602,Pune,1BHK,Buy,11,1,0,0
2330,47,4031143,Bangalore,1BHK,Rent,4,1,0,0
2331,47,7648035,Delhi,1BHK,Buy,11,2,0,0
2332,22,7261106,Delhi,1BHK,Buy,8,6,1,0
2333,33,5171050,Delhi,1BHK,Rent,16,1,0,0
2334,29,12341120,Pune,2BHK,Buy,23,7,0,1
2335,56,3893223,Pune,2BHK,Rent,8,4,0,0
2336,42,4004358,Mumbai,1BHK,Rent,9,7,0,0
2337,46,2691572,Bangalore,1BHK,Buy,14,4,0,0
2338,32,12580595,Mumbai,1BHK,Buy,8,4,0,0
2339,37,5400755,Mumbai,2BHK,Buy,24,4,0,1
2340,34,2073079,Delhi,2BHK,Buy,16,8,1,0
2341,34,8279066,Pune,3BHK,Rent,22,2,1,0
2342,54,12124284,Bangalore,3BHK,Rent,27,8,0,1
2343,40,11285773,Mumbai,3BHK,Rent,2,1,1,0
2344,31,5152981,Bangalore,3BHK,Rent,28,7,0,1
2345,36,6273615,Delhi,2BHK,Rent,23,7,0,1
2346,51,13305005,Mumbai,2BHK,Rent,20,6,0,1
2347,26,2981835,Pune,2BHK,Rent,19,4,1,0
2348,39,9236592,Mumbai,2BHK,Buy,20,5,1,1
2349,57,9650541,Delhi,1BHK,Buy,20,1,1,0
2350,24,5737609,Mumbai,3BHK,Buy,19,2,0,0
2351,24,2954940,Delhi,2BHK,Buy,25,7,1,0
2352,40,3198061,Mumbai,2BHK,Buy,19,2,1,0
2353,30,4323985,Bangalore,3BHK,Buy,18,8,0,0
2354,44,3247880,Pune,2BHK,Rent,13,7,0,0
2355,55,11751225,Delhi,1BHK,Buy,17,8,0,1
2356,46,3053580,Bangalore,2BHK,Buy,27,4,0,0
2357,57,12442929,Delhi,3BHK,Rent,1,1,0,0
2358,58,13842404,Mumbai,1BHK,Rent,21,7,0,1
2359,41,9754757,Delhi,1BHK,Buy,28,1,0,0
2360,59,3037140,Delhi,3BHK,Rent,28,7,0,0
2361,41,12005027,Pune,3BHK,Buy,5,9,1,0
2362,30,9458147,Bangalore,1BHK,Rent,28,5,1,1
2363,58,2890648,Mumbai,2BHK,Buy,25,2,0,0
2364,24,2178475,Pune,3BHK,Buy,20,1,1,0
2365,40,4395661,Delhi,1BHK,Buy,21,8,0,0
2366,37,7974300,Pune,3BHK,Rent,13,4,1,1
2367,27,14943689,Delhi,2BHK,Rent,6,8,1,0
2368,24,9403503,Mumbai,2BHK,Buy,29,2,1,0
2369,49,8701828,Delhi,1BHK,Rent,10,3,0,0
2370,34,14115911,Pune,2BHK,Rent,23,3,0,0
2371,23,8686317,Pune,2BHK,Buy,9,4,0,0
2372,44,13855556,Delhi,2BHK,Buy,29,9,0,1
2373,57,7730681,Bangalore,3BHK,Rent,6,9,0,0
2374,36,5786491,Pune,1BHK,Rent,1,5,0,0
2375,24,5090007,Bangalore,1BHK,Buy,24,7,1,1
2376,44,2050151,Bangalore,1BHK,Rent,18,9,1,0
2377,54,7834552,Bangalore,2BHK,Rent,25,1,0,0
2378,50,6556313,Bangalore,3BHK,Rent,27,2,0,0
2379,38,13043589,Pune,1BHK,Buy,23,6,1,1
2380,39,10461455,Pune,3BHK,Rent,7,3,1,0
2381,51,4839611,Bangalore,1BHK,Rent,26,7,1,0
2382,39,4308963,Pune,2BHK,Buy,10,5,0,0
2383,39,9128843,Bangalore,1BHK,Rent,12,8,0,1
2384,42,13412554,Bangalore,1BHK,Buy,21,1,1,0
2385,44,10882178,Bangalore,2BHK,Buy,24,9,1,1
2386,32,11365054,Delhi,2BHK,Buy,26,6,1,1
2387,50,5883755,Mumbai,1BHK,Buy,15,5,1,1
2388,58,6617663,Pune,3BHK,Buy,17,8,1,1
2389,51,9233469,Pune,2BHK,Buy,3,4,1,0
2390,56,13884260,Bangalore,1BHK,Rent,25,9,1,1
2391,39,2692101,Delhi,2BHK,Buy,15,5,0,0
2392,56,13954450,Delhi,3BHK,Rent,1,1,0,0
2393,50,2099919,Pune,1BHK,Buy,11,8,1,0
2394,53,13909334,Bangalore,1BHK,Buy,24,9,1,1
2395,38,11653930,Pune,3BHK,Rent,6,5,1,0
2396,48,13728356,Bangalore,3BHK,Buy,28,5,1,1
2397,31,5731784,Bangalore,1BHK,Buy,29,6,1,1
2398,53,5544450,Mumbai,3BHK,Buy,16,9,0,1
2399,37,6739197,Bangalore,3BHK,Buy,26,5,1,1
2400,26,13088638,Mumbai,1BHK,Rent,21,2,1,0
2401,24,8581831,Pune,2BHK,Buy,12,3,1,0
2402,40,9417155,Pune,3BHK,Buy,22,3,1,0
2403,47,3848523,Delhi,2BHK,Buy,27,9,0,0
2404,35,3397931,Mumbai,2BHK,Rent,21,8,0,0
2405,26,10820446,Pune,2BHK,Buy,15,6,0,1
2406,34,3851608,Mumbai,3BHK,Buy,25,5,0,0
2407,31,3987881,Pune,1BHK,Rent,18,2,0,0
2408,59,8460223,Mumbai,1BHK,Buy,10,9,0,0
2409,29,12096973,Mumbai,1BHK,Rent,22,8,0,1
2410,46,11048574,Bangalore,1BHK,Rent,12,5,1,1
2411,36,9737726,Pune,1BHK,Rent,20,6,0,1
2412,25,5784396,Delhi,1BHK,Rent,19,9,0,1
2413,30,7719912,Bangalore,2BHK,Rent,28,1,0,0
2414,23,8754635,Delhi,2BHK,Buy,5,4,0,0
2415,33,8141092,Mumbai,2BHK,Buy,18,5,0,1
2416,50,14522737,Bangalore,3BHK,Rent,19,9,0,1
2417,26,6350851,Mumbai,3BHK,Buy,23,5,1,1
2418,37,9144065,Pune,3BHK,Buy,12,5,1,1
2419,39,11589369,Pune,1BHK,Rent,1,3,1,0
2420,55,14209707,Delhi,2BHK,Rent,2,8,1,0
2421,46,6250050,Pune,3BHK,Buy,3,7,1,0
2422,25,14443843,Delhi,2BHK,Buy,26,8,0,1
2423,49,5843941,Mumbai,1BHK,Rent,29,4,1,1
2424,57,8066130,Bangalore,2BHK,Buy,12,8,0,1
2425,40,4265545,Pune,1BHK,Rent,14,4,1,0
2426,41,8574909,Mumbai,3BHK,Rent,7,1,1,0
2427,30,10981775,Bangalore,1BHK,Rent,4,4,1,0
2428,25,7589752,Mumbai,1BHK,Buy,12,5,1,1
2429,56,9560116,Delhi,2BHK,Rent,24,8,1,1
2430,26,10297530,Mumbai,1BHK,Rent,8,6,1,0
2431,46,12158966,Delhi,3BHK,Rent,1,5,0,0
2432,24,11037451,Delhi,3BHK,Rent,5,3,1,0
2433,59,5501174,Pune,1BHK,Rent,1,4,1,0
2434,59,11297448,Delhi,2BHK,Buy,15,6,1,1
2435,55,9883150,Delhi,3BHK,Buy,13,6,1,1
2436,21,9556929,Mumbai,3BHK,Buy,29,6,0,1
2437,44,2790023,Delhi,1BHK,Rent,23,2,0,0
2438,56,7336758,Delhi,1BHK,Buy,13,8,1,1
2439,26,9465439,Mumbai,3BHK,Rent,4,8,1,0
2440,51,8549172,Bangalore,1BHK,Buy,15,6,0,1
2441,40,9099283,Pune,1BHK,Buy,12,4,1,1
2442,44,8214566,Mumbai,3BHK,Rent,8,2,1,0
2443,45,5162466,Delhi,2BHK,Buy,16,6,1,1
2444,56,3182279,Mumbai,2BHK,Buy,12,6,0,0
2445,41,3721841,Bangalore,3BHK,Buy,24,3,0,0
2446,50,11980528,Mumbai,1BHK,Rent,25,2,0,0
2447,44,14299370,Mumbai,3BHK,Buy,27,4,0,1
2448,50,9850273,Mumbai,3BHK,Rent,6,8,1,0
2449,42,8931060,Mumbai,1BHK,Rent,23,5,0,1
2450,48,8982263,Delhi,2BHK,Rent,15,3,1,0
2451,27,5724434,Mumbai,2BHK,Buy,7,5,0,0
2452,55,11212230,Bangalore,1BHK,Buy,5,9,0,0
2453,48,2026014,Mumbai,3BHK,Rent,23,8,1,0
2454,34,13532497,Mumbai,1BHK,Rent,15,7,1,1
2455,30,12165543,Delhi,3BHK,Buy,25,4,0,1
2456,36,14297613,Delhi,1BHK,Buy,28,2,0,0
2457,36,14764262,Mumbai,1BHK,Buy,12,9,1,1
2458,51,4885364,Delhi,2BHK,Buy,11,3,0,0
2459,45,2484859,Delhi,2BHK,Rent,4,6,0,0
2460,33,11103226,Mumbai,1BHK,Buy,13,7,0,1
2461,26,6684643,Delhi,1BHK,Rent,18,3,0,0
2462,29,10430800,Pune,2BHK,Rent,8,3,1,0
2463,56,11279915,Pune,3BHK,Buy,7,3,1,0
2464,40,11396616,Pune,2BHK,Buy,22,3,0,0
2465,38,3409849,Delhi,3BHK,Buy,23,3,0,0
2466,41,10432531,Pune,2BHK,Buy,28,7,1,1
2467,24,3662060,Bangalore,2BHK,Buy,16,5,1,0
2468,53,8289272,Pune,3BHK,Buy,3,4,0,0
2469,47,9704625,Bangalore,1BHK,Buy,22,6,1,1
2470,27,13918227,Delhi,2BHK,Rent,26,8,0,1
2471,26,13238504,Pune,2BHK,Rent,16,2,0,0
2472,35,13081076,Bangalore,2BHK,Buy,16,3,1,0
2473,38,2947226,Delhi,1BHK,Rent,7,2,1,0
2474,52,9740359,Pune,2BHK,Rent,23,7,0,1
2475,31,11155359,Mumbai,1BHK,Buy,13,2,0,0
2476,40,6859648,Pune,2BHK,Rent,13,5,0,1
2477,44,4063632,Pune,3BHK,Buy,21,9,0,0
2478,35,4976760,Pune,2BHK,Buy,19,8,1,0
2479,27,14262024,Mumbai,2BHK,Rent,18,8,1,1
2480,41,7498195,Bangalore,1BHK,Buy,29,3,1,0
2481,46,9629100,Bangalore,1BHK,Buy,7,1,1,0
2482,34,12931679,Mumbai,1BHK,Buy,20,2,0,0
2483,57,14721695,Pune,3BHK,Rent,18,7,0,1
2484,41,14144172,Pune,3BHK,Rent,29,4,1,1
2485,38,11930269,Pune,1BHK,Buy,24,5,0,1
2486,25,6689491,Bangalore,3BHK,Buy,18,1,0,0
2487,23,14183717,Bangalore,1BHK,Rent,22,2,1,0
2488,43,9575867,Mumbai,3BHK,Rent,4,9,0,0
2489,46,3901563,Delhi,1BHK,Buy,9,6,0,0
2490,57,5497720,Mumbai,1BHK,Rent,21,7,0,1
2491,44,4891838,Bangalore,3BHK,Buy,16,5,1,0
2492,39,14970466,Pune,2BHK,Rent,4,9,0,0
2493,45,4850467,Pune,1BHK,Rent,8,5,1,0
2494,41,12956096,Pune,1BHK,Rent,3,6,1,0
2495,32,13742408,Pune,2BHK,Rent,29,9,0,1
2496,53,5393757,Delhi,1BHK,Buy,9,5,1,0
2497,24,13743383,Mumbai,1BHK,Buy,8,4,1,0
2498,27,10315523,Mumbai,3BHK,Rent,12,5,0,1
2499,42,8656625,Bangalore,2BHK,Buy,14,5,1,1
2500,53,2130509,Mumbai,1BHK,Buy,28,5,0,0
2501,37,4859224,Delhi,1BHK,Rent,24,1,1,0
2502,44,7537987,Delhi,2BHK,Rent,10,5,1,0
2503,54,4624713,Delhi,2BHK,Buy,21,5,0,0
2504,48,2539618,Pune,3BHK,Rent,17,1,1,0
2505,59,4249718,Bangalore,3BHK,Buy,11,4,0,0
2506,42,13086470,Delhi,3BHK,Rent,10,8,0,0
2507,37,2908521,Mumbai,1BHK,Buy,13,4,1,0
2508,54,2003212,Mumbai,2BHK,Rent,25,7,0,0
2509,26,10620739,Mumbai,3BHK,Rent,2,6,0,0
2510,26,2476657,Delhi,2BHK,Buy,1,5,1,0
2511,54,12049066,Delhi,1BHK,Rent,22,9,1,1
2512,21,9472184,Mumbai,1BHK,Buy,1,8,0,0
2513,30,7264887,Delhi,2BHK,Buy,16,5,0,1
2514,41,2638093,Mumbai,2BHK,Rent,10,7,0,0
2515,25,5490513,Pune,3BHK,Rent,26,9,0,1
2516,22,9960135,Delhi,2BHK,Rent,29,7,0,1
2517,42,7027551,Pune,3BHK,Rent,10,3,0,0
2518,22,3835647,Pune,2BHK,Buy,7,5,1,0
2519,30,2325737,Delhi,2BHK,Buy,7,9,0,0
2520,54,14046500,Mumbai,2BHK,Rent,29,9,0,1
2521,36,8369494,Bangalore,1BHK,Buy,1,8,1,0
2522,59,11793227,Pune,1BHK,Rent,26,6,0,1
2523,42,13275928,Delhi,1BHK,Buy,13,7,1,1
2524,32,9356505,Pune,3BHK,Rent,5,7,1,0
2525,44,6847363,Mumbai,3BHK,Rent,3,1,0,0
2526,58,7368681,Delhi,1BHK,Buy,29,8,0,1
2527,30,8194403,Bangalore,1BHK,Rent,13,6,0,1
2528,55,2894030,Delhi,2BHK,Buy,27,7,1,0
2529,52,14042588,Pune,2BHK,Rent,12,2,1,0
2530,27,7467977,Delhi,3BHK,Buy,18,7,1,1
2531,41,13750269,Delhi,3BHK,Buy,27,8,0,1
2532,40,13854069,Pune,2BHK,Buy,5,5,1,0
2533,46,11717742,Bangalore,3BHK,Buy,5,1,1,0
2534,24,9729554,Mumbai,1BHK,Rent,2,6,0,0
2535,42,13070579,Delhi,2BHK,Rent,6,3,1,0
2536,35,4794937,Bangalore,2BHK,Rent,7,5,1,0
2537,41,8300843,Mumbai,3BHK,Buy,1,9,1,0
2538,35,8892559,Pune,2BHK,Rent,3,7,1,0
2539,42,6746176,Bangalore,2BHK,Rent,20,8,0,1
2540,48,6763375,Bangalore,1BHK,Rent,2,6,1,0
2541,34,3743745,Delhi,2BHK,Rent,10,9,1,0
2542,47,5785830,Pune,2BHK,Buy,11,3,0,0
2543,48,2250139,Delhi,2BHK,Rent,21,1,1,0
2544,46,12354368,Pune,2BHK,Rent,13,4,0,1
2545,22,10888836,Mumbai,1BHK,Buy,16,8,0,1
2546,45,12134805,Delhi,2BHK,Rent,20,6,1,1
2547,23,9151476,Pune,1BHK,Buy,11,7,1,1
2548,28,14596492,Pune,1BHK,Rent,18,9,1,1
2549,53,2778639,Bangalore,1BHK,Buy,11,2,0,0
2550,55,13879926,Delhi,3BHK,Buy,1,7,1,0
2551,26,6972863,Delhi,3BHK,Rent,24,4,1,1
2552,59,12400799,Mumbai,2BHK,Rent,18,7,0,1
2553,43,3532239,Pune,1BHK,Rent,20,8,1,0
2554,45,10993870,Bangalore,3BHK,Rent,28,2,0,0
2555,39,12698925,Pune,2BHK,Rent,26,7,0,1
2556,25,6599731,Pune,3BHK,Rent,5,8,0,0
2557,31,5935806,Pune,1BHK,Buy,2,1,1,0
2558,32,11099339,Delhi,2BHK,Buy,26,5,0,1
2559,30,5918139,Pune,1BHK,Buy,25,9,1,1
2560,28,4402112,Mumbai,1BHK,Buy,18,2,1,0
2561,44,13623796,Bangalore,3BHK,Rent,22,6,1,1
2562,48,3354832,Bangalore,2BHK,Buy,7,2,0,0
2563,56,13585384,Pune,2BHK,Buy,22,3,0,0
2564,57,4020991,Bangalore,2BHK,Buy,11,6,0,0
2565,41,10070838,Pune,3BHK,Rent,11,5,0,1
2566,28,7375730,Delhi,2BHK,Rent,28,4,1,1
2567,29,14366520,Bangalore,3BHK,Rent,13,7,0,1
2568,35,4093787,Delhi,2BHK,Buy,4,3,0,0
2569,38,8100038,Delhi,3BHK,Rent,1,7,0,0
2570,40,9027656,Mumbai,2BHK,Buy,18,9,0,1
2571,26,3022805,Mumbai,3BHK,Buy,12,2,1,0
2572,32,2944793,Bangalore,1BHK,Buy,26,5,1,0
2573,22,6501236,Pune,1BHK,Rent,28,1,0,0
2574,27,8558347,Pune,1BHK,Rent,10,7,1,0
2575,36,13010093,Pune,2BHK,Rent,28,2,0,0
2576,23,3580622,Pune,3BHK,Buy,22,5,0,0
2577,23,5925413,Mumbai,1BHK,Rent,8,1,0,0
2578,47,11300116,Pune,2BHK,Rent,3,1,0,0
2579,58,3727373,Pune,3BHK,Rent,7,4,1,0
2580,53,14209281,Delhi,1BHK,Buy,25,7,0,1
2581,48,10356295,Pune,1BHK,Buy,20,7,0,1
2582,21,2140926,Pune,2BHK,Buy,11,8,1,0
2583,28,2183148,Mumbai,3BHK,Buy,7,9,0,0
2584,57,11231990,Bangalore,2BHK,Rent,7,4,0,0
2585,52,13158469,Delhi,1BHK,Rent,29,2,1,0
2586,57,10091620,Delhi,2BHK,Buy,28,3,1,0
2587,24,7919588,Bangalore,2BHK,Rent,26,9,1,1
2588,50,10883104,Delhi,1BHK,Buy,9,8,1,0
2589,26,6213759,Pune,1BHK,Rent,3,6,0,0
2590,39,8214405,Pune,3BHK,Rent,11,3,0,0
2591,52,7708019,Bangalore,3BHK,Rent,17,8,0,1
2592,29,9571929,Mumbai,1BHK,Buy,8,2,0,0
2593,32,8723965,Mumbai,1BHK,Rent,20,4,1,1
2594,31,9832678,Delhi,3BHK,Rent,2,4,1,0
2595,36,6807144,Mumbai,2BHK,Rent,21,9,0,1
2596,21,10771213,Mumbai,1BHK,Rent,20,8,1,1
2597,41,11336327,Mumbai,1BHK,Buy,1,7,1,0
2598,50,4755916,Mumbai,2BHK,Buy,16,4,0,0
2599,33,14751244,Mumbai,3BHK,Buy,28,7,0,1
2600,54,13634983,Mumbai,3BHK,Rent,23,1,1,0
2601,24,14124266,Mumbai,2BHK,Rent,4,8,1,0
2602,48,5881819,Delhi,1BHK,Rent,24,8,1,1
2603,58,11221049,Pune,2BHK,Buy,9,9,0,0
2604,51,7204497,Mumbai,1BHK,Buy,8,9,0,0
2605,47,7371704,Pune,3BHK,Rent,1,1,1,0
2606,25,9064658,Bangalore,1BHK,Buy,8,7,1,0
2607,45,9107493,Pune,1BHK,Buy,5,1,0,0
2608,23,14169503,Bangalore,1BHK,Rent,1,6,1,0
2609,53,8197953,Delhi,1BHK,Buy,25,5,1,1
2610,24,14850636,Pune,1BHK,Rent,25,2,1,0
2611,45,2901334,Bangalore,3BHK,Buy,7,3,1,0
2612,40,3743579,Pune,2BHK,Buy,15,8,0,0
2613,54,6945849,Delhi,3BHK,Buy,7,2,0,0
2614,46,7240266,Pune,1BHK,Buy,27,4,1,1
2615,25,10222496,Bangalore,2BHK,Rent,1,3,0,0
2616,55,2127319,Mumbai,1BHK,Rent,9,7,0,0
2617,48,2512193,Mumbai,3BHK,Buy,1,8,1,0
2618,49,3527965,Mumbai,3BHK,Rent,29,4,0,0
2619,29,6301264,Delhi,1BHK,Buy,12,6,1,1
2620,58,10427623,Mumbai,1BHK,Rent,7,3,1,0
2621,26,2728165,Delhi,2BHK,Buy,25,7,0,0
2622,39,11321086,Mumbai,2BHK,Rent,9,8,1,0
2623,31,12963268,Delhi,1BHK,Buy,5,7,0,0
2624,22,12223535,Delhi,2BHK,Buy,12,4,1,1
2625,29,2933671,Pune,1BHK,Rent,29,9,1,0
2626,41,8513231,Mumbai,1BHK,Buy,22,8,1,1
2627,44,13839628,Pune,1BHK,Buy,2,6,0,0
2628,54,4824665,Bangalore,3BHK,Buy,18,2,1,0
2629,42,8968350,Mumbai,1BHK,Buy,26,7,0,1
2630,23,5006374,Mumbai,1BHK,Rent,9,9,1,0
2631,32,3921086,Mumbai,1BHK,Rent,29,9,1,0
2632,48,9396911,Mumbai,2BHK,Buy,1,9,1,0
2633,50,14702806,Pune,1BHK,Buy,10,9,1,0
2634,46,4687279,Pune,3BHK,Rent,28,6,1,0
2635,41,11466940,Delhi,3BHK,Rent,28,1,0,0
2636,48,6862347,Pune,1BHK,Buy,14,6,1,1
2637,46,11617741,Delhi,1BHK,Buy,21,5,1,1
2638,53,11666487,Bangalore,1BHK,Rent,14,7,0,1
2639,41,6149658,Pune,3BHK,Buy,7,8,1,0
2640,55,2674075,Delhi,2BHK,Rent,12,1,0,0
2641,54,11376209,Mumbai,2BHK,Rent,26,4,0,1
2642,38,6689587,Bangalore,1BHK,Rent,22,4,0,1
2643,31,13102991,Delhi,2BHK,Buy,22,1,0,0
2644,43,2742476,Bangalore,3BHK,Rent,6,4,0,0
2645,42,14527545,Mumbai,1BHK,Rent,13,7,0,1
2646,37,14731100,Mumbai,2BHK,Buy,8,6,0,0
2647,25,2561032,Delhi,1BHK,Rent,23,4,0,0
2648,31,8416153,Delhi,1BHK,Rent,21,2,0,0
2649,50,14015131,Mumbai,3BHK,Rent,26,7,0,1
2650,35,14174696,Delhi,3BHK,Rent,2,8,0,0
2651,47,12881100,Mumbai,2BHK,Rent,10,9,0,0
2652,55,4333180,Pune,3BHK,Rent,6,9,1,0
2653,53,3055752,Delhi,1BHK,Buy,16,4,1,0
2654,40,10217774,Bangalore,3BHK,Buy,10,3,1,0
2655,36,5922381,Mumbai,2BHK,Buy,15,5,0,1
2656,54,3506610,Pune,2BHK,Rent,21,6,0,0
2657,22,6707915,Delhi,2BHK,Rent,20,8,1,1
2658,55,3093753,Mumbai,3BHK,Rent,10,3,0,0
2659,48,5671013,Pune,3BHK,Buy,11,6,0,1
2660,59,12938306,Delhi,3BHK,Buy,21,5,1,1
2661,26,7155577,Mumbai,3BHK,Rent,25,7,0,1
2662,29,2496184,Mumbai,3BHK,Buy,28,9,1,0
2663,40,3034549,Mumbai,2BHK,Buy,29,7,1,0
2664,21,8935923,Delhi,2BHK,Rent,2,6,0,0
2665,28,4344591,Pune,3BHK,Buy,22,9,0,0
2666,43,9287613,Mumbai,1BHK,Buy,27,4,0,1
2667,23,14463071,Pune,2BHK,Buy,25,1,1,0
2668,24,2095287,Pune,1BHK,Buy,28,8,0,0
2669,45,13653910,Bangalore,1BHK,Rent,10,6,0,0
2670,58,10330512,Pune,2BHK,Rent,29,6,0,1
2671,35,13266511,Pune,1BHK,Buy,21,5,1,1
2672,41,3396167,Pune,1BHK,Buy,12,3,0,0
2673,55,6041682,Pune,2BHK,Buy,11,6,0,1
2674,34,13983517,Pune,2BHK,Buy,22,1,1,0
2675,56,11780472,Delhi,3BHK,Rent,15,7,0,1
2676,32,8015673,Bangalore,2BHK,Rent,26,6,0,1
2677,37,6158433,Mumbai,1BHK,Buy,28,5,1,1
2678,59,11629773,Bangalore,2BHK,Buy,4,3,0,0
2679,29,8122005,Bangalore,3BHK,Buy,5,8,0,0
2680,55,12842219,Mumbai,2BHK,Buy,24,4,0,1
2681,33,6683024,Pune,1BHK,Rent,28,9,1,1
2682,35,11441274,Mumbai,2BHK,Buy,1,9,1,0
2683,38,8150158,Pune,1BHK,Buy,1,5,1,0
2684,53,3466737,Mumbai,2BHK,Rent,10,7,1,0
2685,26,4100895,Delhi,3BHK,Buy,4,6,0,0
2686,47,3079500,Bangalore,3BHK,Rent,13,6,1,0
2687,43,13675604,Pune,2BHK,Rent,14,4,0,1
2688,47,6062320,Bangalore,1BHK,Buy,26,8,0,1
2689,54,12066784,Pune,3BHK,Rent,19,3,0,0
2690,58,5476732,Mumbai,1BHK,Buy,5,5,0,0
2691,34,2958904,Mumbai,2BHK,Buy,11,1,1,0
2692,56,4837689,Mumbai,3BHK,Rent,26,1,0,0
2693,28,10618210,Delhi,3BHK,Rent,8,9,1,0
2694,55,5488271,Mumbai,1BHK,Rent,1,4,1,0
2695,39,13323745,Mumbai,3BHK,Buy,5,9,1,0
2696,50,14738095,Delhi,1BHK,Buy,21,7,0,1
2697,34,14172190,Bangalore,1BHK,Buy,18,8,1,1
2698,40,13791779,Bangalore,2BHK,Buy,13,9,0,1
2699,45,14514923,Pune,1BHK,Buy,5,1,0,0
2700,44,7887136,Bangalore,3BHK,Rent,24,7,1,1
2701,34,8353056,Pune,1BHK,Rent,26,8,0,1
2702,46,6768614,Pune,3BHK,Rent,7,2,1,0
2703,58,5804287,Bangalore,1BHK,Buy,12,9,0,1
2704,43,13720446,Bangalore,2BHK,Buy,2,1,0,0
2705,42,9610073,Delhi,2BHK,Buy,13,3,0,0
2706,39,2588829,Pune,1BHK,Buy,14,9,0,0
2707,23,13641304,Bangalore,1BHK,Buy,6,1,1,0
2708,39,7782060,Bangalore,1BHK,Rent,16,4,1,1
2709,29,5022927,Delhi,2BHK,Buy,10,6,1,0
2710,48,7669453,Bangalore,1BHK,Rent,29,6,0,1
2711,40,6662608,Mumbai,1BHK,Buy,27,4,0,1
2712,27,8930207,Mumbai,3BHK,Rent,11,1,0,0
2713,34,3980343,Pune,2BHK,Buy,1,5,1,0
2714,29,6658455,Delhi,2BHK,Buy,15,5,1,1
2715,39,7076083,Bangalore,1BHK,Rent,16,3,1,0
2716,34,5336460,Pune,1BHK,Buy,10,3,1,0
2717,58,3245175,Bangalore,3BHK,Buy,10,4,1,0
2718,56,8485907,Mumbai,1BHK,Buy,3,3,0,0
2719,37,8988087,Bangalore,2BHK,Rent,11,3,1,0
2720,50,13863092,Bangalore,3BHK,Rent,11,3,0,0
2721,29,10526915,Bangalore,2BHK,Buy,16,7,1,1
2722,53,3137333,Mumbai,1BHK,Rent,6,9,0,0
2723,45,8588209,Mumbai,3BHK,Rent,9,1,0,0
2724,34,13374977,Delhi,2BHK,Rent,1,8,1,0
2725,31,13788536,Mumbai,2BHK,Rent,28,1,0,0
2726,55,5048558,Pune,2BHK,Rent,6,9,0,0
2727,34,11985117,Bangalore,1BHK,Buy,18,8,0,1
2728,50,5601817,Mumbai,1BHK,Buy,25,6,0,1
2729,24,14539058,Pune,1BHK,Buy,13,6,0,1
2730,24,3768494,Mumbai,1BHK,Rent,2,7,0,0
2731,48,10712985,Bangalore,2BHK,Rent,28,8,0,1
2732,28,7616467,Pune,3BHK,Rent,19,7,0,1
2733,22,3203049,Mumbai,1BHK,Buy,28,1,0,0
2734,42,11182811,Mumbai,3BHK,Buy,2,4,1,0
2735,36,8201719,Pune,2BHK,Buy,27,4,1,1
2736,49,9807699,Delhi,1BHK,Buy,4,9,0,0
2737,50,10861258,Pune,2BHK,Buy,4,9,1,0
2738,32,4461897,Pune,1BHK,Buy,10,3,0,0
2739,55,14020156,Pune,1BHK,Buy,17,9,1,1
2740,31,5540886,Pune,3BHK,Buy,24,5,1,1
2741,41,14210084,Mumbai,2BHK,Rent,16,6,1,1
2742,41,13397416,Pune,2BHK,Rent,21,7,1,1
2743,25,6775634,Pune,2BHK,Rent,28,3,1,0
2744,40,11228780,Bangalore,3BHK,Buy,8,4,0,0
2745,57,8488401,Mumbai,3BHK,Buy,29,5,0,1
2746,23,3619888,Bangalore,2BHK,Buy,6,1,0,0
2747,53,3727386,Mumbai,2BHK,Rent,2,8,0,0
2748,29,10660809,Delhi,1BHK,Buy,23,7,0,1
2749,29,2795415,Delhi,1BHK,Rent,26,2,0,0
2750,24,14697499,Mumbai,3BHK,Rent,15,7,1,1
2751,55,4844140,Delhi,1BHK,Buy,25,9,0,0
2752,37,10859505,Delhi,2BHK,Rent,23,5,0,1
2753,54,3087462,Mumbai,2BHK,Buy,11,6,1,0
2754,44,9691201,Pune,1BHK,Rent,21,5,1,1
2755,52,14678061,Bangalore,1BHK,Buy,16,1,1,0
2756,21,5672689,Mumbai,3BHK,Buy,4,6,1,0
2757,28,2952394,Mumbai,1BHK,Buy,11,7,0,0
2758,43,8106825,Mumbai,3BHK,Rent,14,5,0,1
2759,32,14044302,Bangalore,1BHK,Buy,8,3,1,0
2760,32,9914726,Mumbai,1BHK,Buy,6,6,0,0
2761,35,2396904,Bangalore,1BHK,Buy,29,7,0,0
2762,39,9933604,Bangalore,1BHK,Buy,21,9,0,1
2763,46,13386771,Delhi,2BHK,Buy,23,7,1,1
2764,49,7780833,Pune,2BHK,Rent,27,3,1,0
2765,42,6165666,Delhi,2BHK,Rent,19,1,1,0
2766,41,10814324,Mumbai,1BHK,Rent,25,7,0,1
2767,58,10948693,Mumbai,3BHK,Buy,4,8,1,0
2768,40,7983006,Bangalore,1BHK,Buy,28,1,1,0
2769,49,13842430,Delhi,2BHK,Buy,4,5,1,0
2770,24,8185430,Bangalore,3BHK,Rent,24,8,0,1
2771,27,12063811,Delhi,3BHK,Rent,6,7,1,0
2772,48,7880599,Delhi,2BHK,Buy,11,2,1,0
2773,48,9572307,Delhi,1BHK,Rent,1,4,0,0
2774,24,6597158,Delhi,3BHK,Rent,2,6,0,0
2775,42,8050485,Delhi,3BHK,Buy,9,7,0,0
2776,32,2181136,Pune,2BHK,Rent,16,7,0,0
2777,23,13787637,Mumbai,3BHK,Buy,6,3,0,0
2778,42,7366434,Delhi,3BHK,Rent,23,8,1,1
2779,22,4491807,Delhi,3BHK,Rent,27,7,1,0
2780,44,13397806,Bangalore,1BHK,Rent,9,4,1,0
2781,54,3807853,Mumbai,1BHK,Buy,19,4,0,0
2782,47,11311487,Mumbai,2BHK,Rent,5,4,0,0
2783,21,8513766,Mumbai,1BHK,Buy,21,5,0,1
2784,28,7001336,Delhi,3BHK,Rent,10,2,0,0
2785,43,8031778,Bangalore,1BHK,Buy,7,9,0,0
2786,58,5926365,Mumbai,3BHK,Buy,29,6,1,1
2787,26,12985104,Bangalore,3BHK,Buy,2,8,1,0
2788,42,12137641,Pune,1BHK,Rent,20,1,1,0
2789,45,4993518,Pune,1BHK,Buy,27,6,0,0
2790,38,12014748,Bangalore,1BHK,Rent,4,6,1,0
2791,37,14851984,Delhi,1BHK,Buy,28,8,0,1
2792,32,11394128,Mumbai,2BHK,Buy,8,1,0,0
2793,26,14376077,Pune,1BHK,Buy,26,5,1,1
2794,46,14788631,Pune,2BHK,Buy,3,3,0,0
2795,47,6890552,Bangalore,3BHK,Rent,2,6,1,0
2796,28,7993265,Delhi,2BHK,Rent,9,9,0,0
2797,39,10039224,Bangalore,3BHK,Buy,28,3,0,0
2798,21,14699108,Bangalore,2BHK,Rent,11,9,1,1
2799,49,3057980,Bangalore,2BHK,Rent,4,9,0,0
2800,55,11864039,Bangalore,3BHK,Buy,9,1,1,0
2801,34,12939574,Bangalore,2BHK,Rent,6,2,1,0
2802,55,4032479,Delhi,3BHK,Rent,1,4,1,0
2803,40,5783203,Bangalore,1BHK,Buy,27,7,1,1
2804,33,2896881,Delhi,3BHK,Rent,3,2,1,0
2805,58,3600548,Mumbai,2BHK,Buy,7,7,1,0
2806,28,3641455,Mumbai,1BHK,Rent,9,5,1,0
2807,40,9721997,Mumbai,2BHK,Buy,8,7,1,0
2808,53,6927386,Mumbai,1BHK,Rent,28,9,1,1
2809,46,2264826,Pune,3BHK,Rent,21,9,0,0
2810,59,12392734,Delhi,1BHK,Rent,28,3,0,0
2811,41,4864621,Mumbai,1BHK,Rent,13,3,0,0
2812,29,5691848,Pune,1BHK,Rent,24,7,1,1
2813,44,9881317,Delhi,2BHK,Buy,18,5,0,1
2814,57,7712978,Pune,1BHK,Rent,19,5,0,1
2815,37,7283371,Pune,3BHK,Buy,24,5,0,1
2816,44,9190063,Bangalore,3BHK,Buy,9,9,1,0
2817,41,7371448,Pune,3BHK,Rent,26,4,0,1
2818,59,3645589,Pune,1BHK,Buy,24,6,1,0
2819,59,12613891,Delhi,3BHK,Rent,20,6,0,1
2820,33,3094096,Pune,2BHK,Rent,29,7,1,0
2821,31,10713671,Bangalore,3BHK,Rent,6,2,1,0
2822,39,8925613,Mumbai,1BHK,Rent,27,6,0,1
2823,31,4685882,Mumbai,3BHK,Buy,21,9,1,0
2824,33,5931041,Delhi,1BHK,Rent,12,3,1,0
2825,21,12140042,Delhi,1BHK,Rent,4,2,0,0
2826,39,13906167,Pune,3BHK,Rent,9,8,0,0
2827,32,8939191,Delhi,2BHK,Buy,10,1,1,0
2828,28,9925797,Pune,2BHK,Buy,3,8,1,0
2829,28,7207149,Delhi,3BHK,Buy,17,5,0,1
2830,32,12303069,Mumbai,1BHK,Buy,29,9,1,1
2831,53,12936713,Mumbai,3BHK,Rent,7,9,0,0
2832,46,7420441,Mumbai,1BHK,Buy,26,4,1,1
2833,59,7052039,Mumbai,1BHK,Buy,8,1,1,0
2834,48,13824870,Pune,1BHK,Buy,11,5,0,1
2835,25,9540155,Pune,2BHK,Buy,13,7,0,1
2836,28,3763655,Pune,2BHK,Rent,3,9,1,0
2837,45,3476470,Mumbai,3BHK,Rent,19,9,1,0
2838,47,9332129,Bangalore,2BHK,Buy,14,9,0,1
2839,43,10905064,Mumbai,1BHK,Buy,22,6,1,1
2840,50,9479180,Mumbai,1BHK,Rent,16,2,0,0
2841,43,11324118,Bangalore,3BHK,Rent,15,5,0,1
2842,40,7389003,Bangalore,1BHK,Rent,2,3,0,0
2843,38,8688986,Delhi,3BHK,Rent,6,6,0,0
2844,38,3542549,Mumbai,3BHK,Buy,21,5,0,0
2845,22,5082207,Bangalore,1BHK,Buy,7,1,0,0
2846,24,8154232,Delhi,2BHK,Rent,9,2,1,0
2847,50,5155964,Bangalore,1BHK,Buy,9,5,0,0
2848,53,4132720,Bangalore,1BHK,Buy,17,6,1,0
2849,56,14512154,Delhi,3BHK,Buy,23,1,1,0
2850,38,14165951,Mumbai,2BHK,Rent,3,7,0,0
2851,57,14838657,Delhi,3BHK,Rent,4,3,0,0
2852,39,4469484,Mumbai,1BHK,Rent,2,1,1,0
2853,48,12970879,Bangalore,3BHK,Rent,1,7,1,0
2854,40,14861408,Delhi,3BHK,Buy,10,7,0,0
2855,53,12087193,Pune,1BHK,Rent,3,3,1,0
2856,32,6453595,Bangalore,3BHK,Rent,10,6,1,0
2857,35,6633170,Delhi,1BHK,Buy,9,4,0,0
2858,59,14986474,Bangalore,3BHK,Rent,17,4,0,1
2859,22,13166276,Delhi,2BHK,Buy,15,9,1,1
2860,49,12541664,Mumbai,1BHK,Rent,3,7,1,0
2861,30,3980115,Pune,2BHK,Buy,27,6,0,0
2862,22,2908573,Bangalore,3BHK,Buy,21,9,0,0
2863,31,10910855,Pune,2BHK,Buy,3,3,0,0
2864,33,2346300,Mumbai,2BHK,Buy,4,4,1,0
2865,30,6460624,Delhi,2BHK,Rent,4,9,1,0
2866,34,2624747,Pune,3BHK,Buy,17,4,0,0
2867,38,11623106,Delhi,1BHK,Buy,6,7,1,0
2868,29,13672237,Mumbai,3BHK,Rent,11,9,1,1
2869,59,10882014,Bangalore,3BHK,Buy,12,4,1,1
2870,48,12197319,Mumbai,3BHK,Buy,23,9,0,1
2871,23,4318890,Pune,1BHK,Rent,28,7,1,0
2872,40,11293498,Pune,3BHK,Rent,7,4,0,0
2873,26,9151815,Pune,3BHK,Rent,13,3,1,0
2874,47,4575228,Delhi,1BHK,Buy,6,6,0,0
2875,22,6050338,Bangalore,1BHK,Buy,23,3,0,0
2876,49,10631334,Pune,1BHK,Rent,3,7,0,0
2877,58,11109810,Pune,2BHK,Rent,21,1,1,0
2878,23,5574787,Pune,1BHK,Rent,14,7,0,1
2879,36,11094776,Mumbai,2BHK,Buy,14,3,1,0
2880,50,7666639,Pune,2BHK,Buy,23,9,1,1
2881,22,10854604,Mumbai,3BHK,Rent,10,6,1,0
2882,37,3398962,Pune,2BHK,Buy,5,7,1,0
2883,32,8113924,Mumbai,3BHK,Buy,26,9,1,1
2884,55,5979062,Delhi,2BHK,Buy,2,6,0,0
2885,21,3343763,Delhi,1BHK,Rent,6,2,0,0
2886,35,8427799,Mumbai,3BHK,Rent,23,6,1,1
2887,46,2859299,Bangalore,2BHK,Buy,11,6,0,0
2888,57,4436385,Bangalore,3BHK,Rent,18,2,1,0
2889,41,7039481,Mumbai,1BHK,Buy,26,7,0,1
2890,51,11927276,Delhi,2BHK,Buy,24,9,1,1
2891,45,2979581,Mumbai,2BHK,Rent,21,4,0,0
2892,43,9530223,Bangalore,1BHK,Rent,11,5,1,1
2893,44,5812661,Mumbai,2BHK,Rent,24,6,1,1
2894,58,4969554,Delhi,2BHK,Buy,15,1,0,0
2895,48,3335184,Bangalore,3BHK,Rent,3,8,1,0
2896,41,9589252,Bangalore,2BHK,Buy,2,9,0,0
2897,38,3484632,Pune,1BHK,Buy,7,1,0,0
2898,56,7160593,Pune,2BHK,Buy,5,4,0,0
2899,55,13128571,Bangalore,3BHK,Buy,21,6,0,1
2900,29,3593526,Bangalore,2BHK,Buy,13,1,1,0
2901,58,6998964,Mumbai,3BHK,Rent,8,3,1,0
2902,50,8383244,Delhi,2BHK,Buy,29,7,1,1
2903,54,6662543,Bangalore,3BHK,Buy,9,8,1,0
2904,52,8535893,Delhi,3BHK,Rent,8,8,1,0
2905,23,12198483,Bangalore,2BHK,Buy,10,5,0,0
2906,23,11255180,Delhi,1BHK,Rent,2,1,0,0
2907,48,5097619,Pune,1BHK,Buy,10,1,1,0
2908,35,8097890,Bangalore,2BHK,Rent,11,8,1,1
2909,43,10574454,Mumbai,2BHK,Rent,23,5,0,1
2910,31,13806866,Delhi,2BHK,Rent,11,9,1,1
2911,52,10990124,Bangalore,2BHK,Rent,5,1,1,0
2912,56,13525284,Pune,2BHK,Rent,14,2,0,0
2913,53,5292025,Pune,1BHK,Buy,23,4,1,1
2914,44,13944245,Pune,3BHK,Rent,3,7,0,0
2915,59,5480069,Pune,3BHK,Rent,20,4,0,1
2916,54,14625933,Bangalore,1BHK,Rent,23,8,0,1
2917,48,6575363,Mumbai,1BHK,Buy,2,7,1,0
2918,57,12635093,Delhi,3BHK,Rent,18,5,1,1
2919,27,2420594,Mumbai,1BHK,Buy,1,7,1,0
2920,24,5000758,Delhi,2BHK,Buy,1,8,1,0
2921,57,2929441,Mumbai,1BHK,Rent,28,3,0,0
2922,21,5212058,Bangalore,1BHK,Buy,17,3,1,0
2923,21,2702726,Bangalore,1BHK,Buy,6,2,1,0
2924,40,11247362,Delhi,1BHK,Buy,13,4,1,1
2925,39,8131630,Bangalore,3BHK,Buy,21,4,0,1
2926,49,10297696,Delhi,3BHK,Buy,26,4,0,1
2927,30,13055361,Mumbai,3BHK,Rent,24,2,0,0
2928,38,12720489,Bangalore,3BHK,Buy,21,7,0,1
2929,48,9048527,Bangalore,2BHK,Buy,1,3,1,0
2930,55,11726360,Delhi,2BHK,Buy,28,1,0,0
2931,51,3533755,Delhi,3BHK,Buy,24,2,0,0
2932,47,3041431,Delhi,3BHK,Buy,6,5,1,0
2933,31,5993870,Delhi,3BHK,Rent,8,9,0,0
2934,58,7600350,Pune,1BHK,Buy,13,4,0,1
2935,25,5494029,Delhi,2BHK,Buy,2,6,1,0
2936,28,10830645,Pune,2BHK,Buy,26,3,0,0
2937,54,14611277,Mumbai,1BHK,Rent,8,9,1,0
2938,32,7518213,Delhi,1BHK,Rent,22,2,0,0
2939,58,7712845,Pune,1BHK,Rent,1,8,1,0
2940,21,5677264,Pune,2BHK,Buy,13,3,1,0
2941,51,13538705,Pune,1BHK,Buy,1,8,1,0
2942,24,4554131,Bangalore,1BHK,Buy,10,3,0,0
2943,25,12252221,Pune,1BHK,Buy,28,4,1,1
2944,50,3884624,Delhi,3BHK,Buy,5,8,1,0
2945,44,9787727,Delhi,1BHK,Buy,23,4,0,1
2946,23,12851623,Delhi,3BHK,Buy,20,9,1,1
2947,31,7414835,Pune,2BHK,Buy,13,9,1,1
2948,24,3605919,Pune,2BHK,Buy,26,6,1,0
2949,46,5869819,Bangalore,2BHK,Buy,5,1,1,0
2950,47,12445675,Mumbai,3BHK,Buy,10,9,0,0
2951,47,10658202,Bangalore,1BHK,Rent,3,9,1,0
2952,26,4570419,Delhi,2BHK,Rent,2,7,1,0
2953,35,2050272,Delhi,1BHK,Rent,2,9,1,0
2954,50,11442494,Delhi,3BHK,Rent,5,8,0,0
2955,57,10874768,Bangalore,2BHK,Buy,4,9,0,0
2956,57,9777776,Delhi,1BHK,Rent,2,9,1,0
2957,57,14565040,Delhi,1BHK,Rent,21,7,1,1
2958,55,2740176,Delhi,2BHK,Rent,26,6,0,0
2959,43,6276945,Pune,1BHK,Rent,9,2,1,0
2960,26,7974550,Mumbai,3BHK,Rent,24,7,0,1
2961,24,3588321,Pune,2BHK,Buy,9,1,1,0
2962,38,4139463,Pune,2BHK,Rent,9,6,0,0
2963,29,6067212,Mumbai,2BHK,Rent,24,6,1,1
2964,49,9491990,Mumbai,2BHK,Buy,25,7,1,1
2965,33,9810360,Bangalore,3BHK,Rent,4,2,0,0
2966,37,3492669,Mumbai,3BHK,Buy,8,4,1,0
2967,52,10748179,Bangalore,1BHK,Buy,18,2,0,0
2968,42,7407214,Bangalore,3BHK,Buy,9,4,1,0
2969,24,12878998,Pune,1BHK,Buy,29,3,1,0
2970,25,2787560,Delhi,1BHK,Rent,25,2,0,0
2971,57,4146081,Pune,2BHK,Rent,27,2,0,0
2972,33,8668845,Pune,1BHK,Buy,3,3,0,0
2973,54,6990544,Mumbai,2BHK,Rent,6,4,1,0
2974,42,7862316,Mumbai,1BHK,Buy,28,7,1,1
2975,43,4543250,Bangalore,3BHK,Rent,23,4,1,0
2976,23,7577558,Bangalore,2BHK,Rent,19,7,1,1
2977,54,5447822,Bangalore,1BHK,Buy,5,4,1,0
2978,52,2083576,Mumbai,3BHK,Rent,17,3,1,0
2979,41,4117709,Bangalore,3BHK,Buy,27,8,0,0
2980,41,13031873,Bangalore,2BHK,Buy,19,3,1,0
2981,31,6230384,Mumbai,2BHK,Rent,28,8,0,1
2982,59,6174865,Delhi,2BHK,Rent,24,2,1,0
2983,24,5928831,Pune,1BHK,Buy,3,3,0,0
2984,21,10011194,Mumbai,2BHK,Buy,8,4,0,0
2985,48,3977247,Bangalore,3BHK,Rent,9,3,1,0
2986,44,6688148,Pune,3BHK,Rent,22,6,0,1
2987,55,3615271,Mumbai,2BHK,Rent,23,9,1,0
2988,33,13654619,Pune,2BHK,Rent,22,8,0,1
2989,54,6207642,Pune,3BHK,Buy,8,4,0,0
2990,31,10989185,Delhi,1BHK,Rent,14,2,0,0
2991,56,2178982,Bangalore,3BHK,Rent,23,1,0,0
2992,37,14451797,Mumbai,3BHK,Buy,10,4,0,0
2993,55,13406718,Bangalore,3BHK,Rent,17,5,0,1
2994,38,9981806,Delhi,2BHK,Buy,3,2,0,0
2995,42,5494412,Delhi,1BHK,Buy,3,3,1,0
2996,44,6124029,Mumbai,1BHK,Rent,3,4,1,0
2997,39,5640503,Mumbai,2BHK,Rent,4,3,1,0
2998,57,7981377,Delhi,3BHK,Buy,29,8,1,1
2999,59,8154728,Mumbai,2BHK,Buy,17,2,0,0
3000,41,11215003,Pune,2BHK,Rent,14,9,0,1
3001,28,7187391,Pune,1BHK,Buy,27,6,1,1
3002,48,7643846,Delhi,1BHK,Buy,2,1,1,0
3003,25,8648529,Bangalore,2BHK,Buy,12,8,0,1
3004,37,10017855,Mumbai,2BHK,Buy,5,6,1,0
3005,57,10987831,Mumbai,1BHK,Buy,27,4,0,1
3006,56,14248488,Pune,1BHK,Buy,22,6,1,1
3007,39,13285878,Mumbai,3BHK,Buy,25,2,0,0
3008,47,11500712,Bangalore,2BHK,Rent,2,1,1,0
3009,54,3672675,Mumbai,3BHK,Buy,12,6,1,0
3010,31,10897515,Mumbai,3BHK,Rent,9,8,1,0
3011,32,13819267,Pune,3BHK,Buy,23,5,0,1
3012,41,2932280,Mumbai,1BHK,Rent,9,8,1,0
3013,31,10766365,Delhi,3BHK,Buy,20,3,1,0
3014,59,4809939,Delhi,1BHK,Rent,23,6,0,0
3015,48,14318765,Bangalore,1BHK,Rent,1,1,0,0
3016,25,5250615,Bangalore,1BHK,Rent,24,3,1,0
3017,37,13595422,Bangalore,2BHK,Rent,7,4,0,0
3018,40,13374423,Bangalore,3BHK,Buy,23,5,0,1
3019,32,13789830,Pune,1BHK,Buy,18,3,0,0
3020,26,4606041,Mumbai,2BHK,Buy,10,8,1,0
3021,37,14121932,Pune,2BHK,Buy,15,5,0,1
3022,39,4375093,Bangalore,2BHK,Rent,9,7,1,0
3023,46,6165767,Mumbai,1BHK,Buy,11,5,0,1
3024,52,13801782,Delhi,1BHK,Buy,24,8,1,1
3025,26,4553540,Pune,1BHK,Buy,1,1,0,0
3026,56,14714892,Mumbai,2BHK,Buy,11,3,0,0
3027,58,5619603,Delhi,1BHK,Rent,1,3,1,0
3028,31,12629709,Delhi,3BHK,Buy,5,3,1,0
3029,53,13490235,Bangalore,1BHK,Buy,18,6,1,1
3030,44,8318769,Delhi,1BHK,Rent,1,9,1,0
3031,43,12665240,Delhi,3BHK,Rent,10,6,1,0
3032,35,7719347,Bangalore,1BHK,Buy,28,5,1,1
3033,47,5234499,Mumbai,1BHK,Rent,13,1,1,0
3034,31,10480273,Mumbai,1BHK,Buy,27,2,1,0
3035,37,9088422,Bangalore,1BHK,Buy,8,1,0,0
3036,34,10357646,Pune,2BHK,Buy,28,6,1,1
3037,47,5975220,Bangalore,1BHK,Buy,13,3,1,0
3038,38,14337957,Mumbai,3BHK,Rent,20,5,1,1
3039,48,12352047,Pune,3BHK,Rent,2,6,0,0
3040,24,12047539,Bangalore,2BHK,Rent,21,5,1,1
3041,27,9088855,Mumbai,1BHK,Rent,12,3,0,0
3042,55,13223111,Mumbai,3BHK,Buy,27,2,0,0
3043,29,14853716,Mumbai,2BHK,Rent,29,2,0,0
3044,28,12969851,Delhi,1BHK,Rent,13,2,0,0
3045,37,14712821,Delhi,2BHK,Buy,28,4,0,1
3046,37,7675919,Pune,1BHK,Buy,22,4,0,1
3047,53,4546210,Pune,2BHK,Rent,8,3,0,0
3048,52,14723600,Pune,2BHK,Buy,15,8,0,1
3049,28,11513160,Delhi,3BHK,Buy,7,4,1,0
3050,39,10097528,Pune,3BHK,Buy,7,8,0,0
3051,58,11616994,Mumbai,2BHK,Rent,17,3,0,0
3052,23,13809587,Mumbai,1BHK,Rent,19,2,1,0
3053,25,10056796,Pune,1BHK,Rent,3,8,1,0
3054,33,14152806,Pune,1BHK,Buy,7,6,1,0
3055,51,9169675,Delhi,1BHK,Rent,12,2,1,0
3056,36,8045266,Mumbai,1BHK,Buy,14,7,1,1
3057,52,6473391,Bangalore,3BHK,Rent,2,7,1,0
3058,42,8074746,Bangalore,2BHK,Buy,26,4,1,1
3059,49,12309367,Delhi,3BHK,Buy,7,8,1,0
3060,42,4631550,Delhi,1BHK,Rent,16,3,1,0
3061,23,12984624,Delhi,2BHK,Rent,9,9,0,0
3062,30,4053171,Mumbai,1BHK,Rent,1,5,1,0
3063,41,11715790,Pune,1BHK,Rent,12,3,0,0
3064,36,5487104,Pune,2BHK,Buy,2,9,1,0
3065,32,2709441,Delhi,1BHK,Rent,27,2,1,0
3066,22,10834623,Mumbai,3BHK,Buy,22,2,0,0
3067,44,13076615,Bangalore,3BHK,Buy,18,3,0,0
3068,55,4579669,Delhi,3BHK,Rent,14,9,1,0
3069,50,5852312,Mumbai,1BHK,Buy,12,3,0,0
3070,50,9133951,Delhi,3BHK,Rent,18,5,0,1
3071,55,5987400,Mumbai,1BHK,Rent,5,9,0,0
3072,39,8110664,Mumbai,1BHK,Rent,7,6,1,0
3073,28,14731852,Delhi,3BHK,Buy,4,6,0,0
3074,46,2993477,Pune,3BHK,Rent,13,1,0,0
3075,27,12828893,Delhi,1BHK,Rent,16,2,0,0
3076,50,5167950,Pune,1BHK,Buy,22,9,1,1
3077,27,6274098,Pune,1BHK,Rent,28,8,1,1
3078,23,12025396,Bangalore,1BHK,Rent,16,2,0,0
3079,21,6010673,Mumbai,3BHK,Buy,19,5,0,1
3080,56,11172934,Delhi,1BHK,Rent,4,5,0,0
3081,45,9132537,Mumbai,1BHK,Buy,20,6,1,1
3082,57,4462282,Bangalore,1BHK,Buy,20,4,0,0
3083,21,9059559,Pune,1BHK,Buy,28,9,0,1
3084,35,11258789,Delhi,1BHK,Buy,1,5,0,0
3085,57,6427431,Mumbai,2BHK,Buy,13,4,0,1
3086,33,6184001,Bangalore,2BHK,Buy,20,9,0,1
3087,28,5287023,Pune,2BHK,Buy,20,2,0,0
3088,25,9519270,Pune,3BHK,Buy,22,2,1,0
3089,29,7067115,Mumbai,1BHK,Buy,9,3,1,0
3090,21,3904400,Pune,3BHK,Rent,10,4,1,0
3091,56,6122758,Bangalore,1BHK,Rent,6,9,0,0
3092,55,3847669,Pune,2BHK,Rent,22,5,1,0
3093,22,6528166,Delhi,1BHK,Buy,7,2,1,0
3094,43,13196355,Delhi,3BHK,Buy,23,3,0,0
3095,29,14853026,Mumbai,3BHK,Buy,16,8,0,1
3096,54,8339378,Bangalore,1BHK,Rent,17,6,0,1
3097,34,14027950,Pune,3BHK,Rent,24,5,0,1
3098,24,9319359,Pune,2BHK,Rent,1,4,1,0
3099,50,13130974,Pune,1BHK,Buy,9,4,0,0
3100,51,6213720,Delhi,2BHK,Buy,14,8,1,1
3101,58,2476684,Bangalore,2BHK,Rent,15,6,0,0
3102,31,8419601,Pune,3BHK,Rent,4,5,0,0
3103,55,11090964,Mumbai,1BHK,Buy,25,5,1,1
3104,28,3909103,Bangalore,2BHK,Rent,8,6,1,0
3105,23,4097216,Bangalore,2BHK,Rent,25,3,1,0
3106,34,14651747,Pune,1BHK,Buy,15,7,1,1
3107,33,3250033,Delhi,3BHK,Rent,22,1,1,0
3108,52,10263175,Bangalore,2BHK,Buy,25,5,0,1
3109,54,3452847,Mumbai,1BHK,Buy,4,6,0,0
3110,39,8189811,Bangalore,1BHK,Buy,19,2,1,0
3111,58,13126964,Delhi,2BHK,Rent,3,2,0,0
3112,36,8149620,Mumbai,2BHK,Buy,8,9,0,0
3113,22,6014676,Delhi,2BHK,Buy,2,2,0,0
3114,37,11632530,Pune,3BHK,Buy,28,3,0,0
3115,54,13390486,Bangalore,3BHK,Rent,22,1,1,0
3116,36,9343921,Mumbai,1BHK,Rent,25,9,0,1
3117,58,9458226,Delhi,1BHK,Rent,25,1,1,0
3118,22,3173290,Pune,2BHK,Buy,8,4,1,0
3119,22,2965730,Mumbai,1BHK,Rent,8,7,1,0
3120,46,5701351,Bangalore,3BHK,Rent,17,2,1,0
3121,33,5196275,Bangalore,1BHK,Rent,16,8,1,1
3122,51,6939113,Delhi,1BHK,Rent,16,8,1,1
3123,54,8971503,Mumbai,2BHK,Buy,16,3,0,0
3124,59,6467443,Pune,2BHK,Buy,27,4,0,1
3125,23,10838312,Pune,3BHK,Buy,7,7,1,0
3126,28,3051207,Pune,1BHK,Buy,15,5,1,0
3127,43,2137039,Delhi,1BHK,Buy,17,5,1,0
3128,34,9689454,Pune,1BHK,Buy,25,2,1,0
3129,47,6783063,Mumbai,2BHK,Rent,3,6,1,0
3130,49,8590716,Delhi,3BHK,Rent,1,4,1,0
3131,59,3927124,Bangalore,1BHK,Rent,8,5,0,0
3132,59,7670323,Delhi,1BHK,Rent,7,5,0,0
3133,21,7330222,Delhi,1BHK,Buy,18,2,0,0
3134,37,8305863,Delhi,1BHK,Buy,23,8,0,1
3135,50,13648262,Mumbai,3BHK,Rent,5,1,0,0
3136,33,2321345,Bangalore,3BHK,Rent,15,2,1,0
3137,41,2866525,Bangalore,3BHK,Buy,7,7,0,0
3138,39,2447564,Delhi,2BHK,Rent,10,7,1,0
3139,39,14076502,Delhi,1BHK,Rent,16,2,0,0
3140,45,6277404,Delhi,1BHK,Rent,28,1,0,0
3141,42,8107941,Mumbai,1BHK,Buy,23,1,1,0
3142,51,11885820,Mumbai,1BHK,Buy,2,1,1,0
3143,37,12980068,Pune,3BHK,Buy,18,6,0,1
3144,43,11660243,Bangalore,2BHK,Rent,15,7,0,1
3145,52,14101792,Pune,2BHK,Buy,23,2,1,0
3146,30,11687580,Pune,1BHK,Rent,19,6,0,1
3147,30,8017649,Delhi,3BHK,Rent,20,4,1,1
3148,56,12802766,Mumbai,2BHK,Buy,14,9,0,1
3149,28,9290985,Pune,2BHK,Buy,23,8,1,1
3150,40,12478722,Pune,1BHK,Buy,2,8,1,0
3151,52,2028004,Pune,2BHK,Buy,29,2,1,0
3152,34,2806903,Delhi,1BHK,Buy,18,5,0,0
3153,48,2524252,Delhi,3BHK,Buy,9,2,1,0
3154,44,13101868,Mumbai,1BHK,Buy,27,3,0,0
3155,35,5336967,Pune,2BHK,Rent,1,8,0,0
3156,42,14160853,Pune,1BHK,Buy,16,5,0,1
3157,50,10865652,Mumbai,1BHK,Rent,12,4,1,1
3158,24,13337500,Mumbai,1BHK,Buy,12,5,0,1
3159,33,3394689,Mumbai,1BHK,Rent,19,8,1,0
3160,43,3028464,Bangalore,1BHK,Rent,10,7,1,0
3161,28,7776634,Mumbai,1BHK,Buy,20,6,0,1
3162,38,9562161,Delhi,2BHK,Buy,5,2,1,0
3163,32,12018796,Bangalore,1BHK,Buy,3,5,1,0
3164,51,9180096,Mumbai,2BHK,Rent,9,9,1,0
3165,34,2146539,Delhi,1BHK,Buy,21,9,0,0
3166,54,5112211,Mumbai,3BHK,Buy,23,9,1,1
3167,38,5745971,Mumbai,1BHK,Rent,15,3,1,0
3168,54,12633508,Bangalore,2BHK,Rent,14,9,0,1
3169,31,6881178,Delhi,2BHK,Rent,11,9,1,1
3170,32,6741242,Pune,3BHK,Rent,13,5,1,1
3171,35,12836194,Mumbai,1BHK,Rent,7,6,1,0
3172,51,13612037,Bangalore,3BHK,Rent,27,7,0,1
3173,49,12714924,Delhi,1BHK,Rent,25,6,1,1
3174,46,9793067,Mumbai,1BHK,Rent,2,5,1,0
3175,38,4756241,Pune,2BHK,Buy,3,1,0,0
3176,52,6749943,Delhi,3BHK,Buy,20,4,1,1
3177,42,7567768,Delhi,3BHK,Rent,8,8,1,0
3178,58,6874010,Bangalore,2BHK,Rent,1,8,1,0
3179,37,9198086,Mumbai,2BHK,Rent,25,6,1,1
3180,43,3170025,Mumbai,3BHK,Rent,21,3,0,0
3181,44,11148382,Delhi,2BHK,Rent,4,8,0,0
3182,28,14327723,Mumbai,1BHK,Buy,13,7,0,1
3183,26,4031722,Delhi,3BHK,Rent,24,9,1,0
3184,25,9597603,Pune,3BHK,Rent,14,3,1,0
3185,49,6631813,Bangalore,2BHK,Buy,9,6,1,0
3186,48,11105304,Mumbai,1BHK,Rent,3,1,1,0
3187,31,11196702,Mumbai,3BHK,Rent,14,8,0,1
3188,21,5676424,Bangalore,3BHK,Buy,4,2,0,0
3189,39,2263369,Pune,1BHK,Rent,17,5,1,0
3190,29,11318308,Pune,2BHK,Rent,15,6,0,1
3191,47,8754458,Pune,2BHK,Rent,12,4,0,1
3192,54,3590143,Pune,2BHK,Buy,14,9,0,0
3193,24,9450433,Pune,2BHK,Rent,19,3,0,0
3194,56,11160276,Delhi,1BHK,Rent,10,2,0,0
3195,38,14506080,Mumbai,1BHK,Buy,5,3,1,0
3196,35,3552151,Mumbai,3BHK,Buy,29,5,1,0
3197,33,8121716,Mumbai,3BHK,Rent,24,1,0,0
3198,39,2169259,Delhi,1BHK,Rent,17,4,0,0
3199,26,4344297,Bangalore,3BHK,Rent,17,1,0,0
3200,32,4407777,Pune,1BHK,Rent,3,9,0,0
3201,57,8975291,Bangalore,2BHK,Rent,16,3,1,0
3202,37,11481736,Pune,1BHK,Rent,25,2,0,0
3203,43,2199041,Pune,1BHK,Rent,9,5,0,0
3204,46,7450486,Bangalore,3BHK,Buy,17,1,0,0
3205,49,10367415,Mumbai,1BHK,Buy,20,7,1,1
3206,53,7997845,Delhi,2BHK,Rent,12,9,0,1
3207,47,4883309,Bangalore,2BHK,Buy,24,1,0,0
3208,45,11837258,Mumbai,3BHK,Rent,2,8,0,0
3209,30,11118454,Pune,3BHK,Rent,20,8,0,1
3210,43,10463082,Mumbai,1BHK,Rent,16,7,0,1
3211,41,8578768,Pune,3BHK,Rent,23,4,0,1
3212,41,9896419,Pune,2BHK,Buy,23,7,1,1
3213,33,3813318,Mumbai,3BHK,Rent,21,2,1,0
3214,57,13857935,Pune,3BHK,Rent,23,6,0,1
3215,53,6772832,Delhi,2BHK,Rent,6,5,1,0
3216,44,12822700,Mumbai,1BHK,Rent,2,5,0,0
3217,31,5986752,Bangalore,1BHK,Buy,9,8,1,0
3218,37,3833610,Pune,3BHK,Rent,5,1,0,0
3219,24,13918661,Pune,2BHK,Buy,18,8,0,1
3220,45,12737811,Delhi,2BHK,Buy,22,4,1,1
3221,50,14499298,Delhi,2BHK,Rent,26,6,1,1
3222,29,7344491,Bangalore,1BHK,Rent,21,6,0,1
3223,41,12019518,Pune,2BHK,Rent,18,1,0,0
3224,40,8672121,Bangalore,2BHK,Buy,29,8,0,1
3225,39,6063627,Bangalore,1BHK,Buy,10,4,1,0
3226,39,11096637,Pune,2BHK,Rent,10,9,1,0
3227,32,4763357,Bangalore,1BHK,Rent,23,7,1,0
3228,57,7934299,Bangalore,3BHK,Buy,10,4,0,0
3229,37,11455578,Delhi,3BHK,Rent,29,1,1,0
3230,57,13366185,Delhi,3BHK,Buy,18,9,1,1
3231,59,9517010,Bangalore,3BHK,Buy,16,6,0,1
3232,48,13593668,Pune,3BHK,Buy,23,6,1,1
3233,55,3216953,Delhi,1BHK,Buy,6,1,1,0
3234,38,13576964,Bangalore,1BHK,Rent,12,5,0,1
3235,34,4904936,Mumbai,1BHK,Rent,28,4,1,0
3236,55,3528474,Mumbai,2BHK,Buy,4,1,0,0
3237,27,11258011,Bangalore,3BHK,Rent,20,7,1,1
3238,33,11607642,Mumbai,2BHK,Buy,16,4,0,1
3239,38,13375219,Delhi,2BHK,Rent,28,3,0,0
3240,57,9265584,Pune,2BHK,Buy,22,2,0,0
3241,33,10838889,Bangalore,3BHK,Rent,25,8,0,1
3242,56,11295252,Delhi,2BHK,Rent,26,5,1,1
3243,51,6673024,Pune,3BHK,Buy,22,9,0,1
3244,22,5154267,Mumbai,3BHK,Rent,22,5,0,1
3245,36,14715247,Mumbai,3BHK,Buy,11,1,0,0
3246,29,5985977,Mumbai,2BHK,Rent,1,5,1,0
3247,29,13774646,Mumbai,3BHK,Buy,5,5,0,0
3248,58,13741209,Delhi,3BHK,Rent,17,8,0,1
3249,31,5456979,Delhi,1BHK,Rent,11,6,1,1
3250,42,13401432,Pune,2BHK,Buy,14,5,1,1
3251,53,11798983,Bangalore,1BHK,Buy,9,8,0,0
3252,56,10969028,Pune,1BHK,Rent,10,1,1,0
3253,43,6299798,Bangalore,2BHK,Rent,4,5,0,0
3254,54,12276595,Mumbai,1BHK,Buy,2,3,0,0
3255,29,10184477,Mumbai,3BHK,Buy,25,5,1,1
3256,44,5197526,Mumbai,1BHK,Buy,6,3,0,0
3257,28,14206346,Mumbai,1BHK,Buy,27,4,1,1
3258,27,7662110,Delhi,3BHK,Rent,29,9,0,1
3259,56,3318154,Pune,1BHK,Rent,26,2,0,0
3260,38,2816460,Bangalore,3BHK,Rent,3,1,1,0
3261,23,14125182,Bangalore,2BHK,Rent,13,4,0,1
3262,48,8053643,Delhi,1BHK,Rent,12,8,1,1
3263,26,12553333,Mumbai,2BHK,Rent,18,5,0,1
3264,41,4564660,Pune,1BHK,Buy,6,9,0,0
3265,48,9331426,Mumbai,3BHK,Rent,10,3,1,0
3266,21,7420278,Delhi,1BHK,Buy,6,9,0,0
3267,56,14928035,Bangalore,2BHK,Buy,28,1,1,0
3268,41,7211536,Delhi,3BHK,Buy,28,2,1,0
3269,55,10667355,Bangalore,3BHK,Buy,25,9,1,1
3270,33,12813845,Pune,2BHK,Rent,5,9,1,0
3271,30,6236901,Bangalore,2BHK,Buy,27,5,1,1
3272,30,10058630,Pune,1BHK,Buy,15,4,1,1
3273,33,2870670,Mumbai,1BHK,Rent,15,9,1,0
3274,57,6630239,Mumbai,3BHK,Buy,12,2,1,0
3275,58,7990026,Delhi,2BHK,Buy,9,3,1,0
3276,44,3352471,Pune,2BHK,Rent,13,8,1,0
3277,22,10252926,Mumbai,1BHK,Buy,16,1,0,0
3278,42,14669890,Pune,1BHK,Rent,21,2,1,0
3279,37,5425565,Mumbai,3BHK,Rent,2,5,1,0
3280,56,9822789,Mumbai,2BHK,Rent,17,7,0,1
3281,34,5314497,Bangalore,2BHK,Rent,9,9,1,0
3282,30,12842428,Delhi,2BHK,Rent,26,3,1,0
3283,55,8651469,Bangalore,2BHK,Buy,23,4,1,1
3284,45,9666001,Pune,1BHK,Rent,19,1,1,0
3285,23,7635499,Mumbai,1BHK,Rent,28,1,0,0
3286,58,3880414,Delhi,1BHK,Rent,6,1,0,0
3287,37,10626686,Mumbai,3BHK,Rent,26,4,1,1
3288,32,5385868,Mumbai,2BHK,Rent,4,9,1,0
3289,44,5813209,Bangalore,1BHK,Buy,25,8,1,1
3290,49,4885201,Pune,2BHK,Buy,15,4,1,0
3291,45,2043016,Delhi,1BHK,Rent,18,8,0,0
3292,56,12929648,Delhi,3BHK,Buy,27,7,1,1
3293,46,3334996,Delhi,1BHK,Rent,12,6,1,0
3294,58,7998127,Pune,3BHK,Rent,12,2,0,0
3295,21,13868720,Delhi,2BHK,Rent,20,3,0,0
3296,40,13378484,Pune,1BHK,Buy,17,4,0,1
3297,48,11623991,Delhi,1BHK,Rent,7,7,1,0
3298,36,14076583,Mumbai,1BHK,Rent,20,8,1,1
3299,37,5698538,Pune,2BHK,Buy,5,8,0,0
3300,48,7692183,Bangalore,3BHK,Rent,12,4,1,1
3301,32,7646049,Delhi,3BHK,Buy,17,9,1,1
3302,47,2026567,Bangalore,1BHK,Buy,2,8,0,0
3303,50,5599467,Pune,2BHK,Rent,28,5,0,1
3304,54,11499892,Mumbai,3BHK,Buy,4,3,1,0
3305,57,12611966,Bangalore,3BHK,Rent,2,2,1,0
3306,26,6741152,Bangalore,3BHK,Buy,14,9,0,1
3307,27,5795788,Mumbai,3BHK,Buy,14,1,1,0
3308,52,10849973,Mumbai,3BHK,Buy,13,7,1,1
3309,52,12721869,Pune,1BHK,Rent,17,7,1,1
3310,45,4593103,Delhi,1BHK,Buy,26,1,1,0
3311,53,7529520,Bangalore,1BHK,Rent,17,7,1,1
3312,27,7981541,Bangalore,3BHK,Rent,22,1,0,0
3313,32,4188409,Pune,3BHK,Rent,18,2,1,0
3314,36,7246395,Delhi,3BHK,Buy,3,9,1,0
3315,36,2528742,Pune,1BHK,Buy,21,8,1,0
3316,56,6431449,Bangalore,3BHK,Rent,16,9,0,1
3317,33,2022873,Bangalore,1BHK,Rent,19,9,1,0
3318,27,11713055,Mumbai,3BHK,Rent,6,4,1,0
3319,56,7891732,Mumbai,1BHK,Rent,23,5,0,1
3320,29,6422801,Delhi,2BHK,Rent,26,7,1,1
3321,52,6835805,Bangalore,3BHK,Rent,6,6,1,0
3322,31,2705339,Bangalore,3BHK,Buy,18,9,1,0
3323,28,9889785,Mumbai,1BHK,Rent,9,2,0,0
3324,53,11622156,Pune,3BHK,Rent,18,8,0,1
3325,43,8801693,Pune,1BHK,Rent,6,2,0,0
3326,45,13106177,Bangalore,1BHK,Rent,9,2,1,0
3327,28,13948882,Bangalore,2BHK,Buy,25,3,1,0
3328,42,12100846,Delhi,2BHK,Buy,18,4,0,1
3329,24,12433131,Delhi,3BHK,Rent,25,6,0,1
3330,23,7201774,Mumbai,3BHK,Rent,16,6,1,1
3331,49,14952344,Bangalore,1BHK,Rent,24,2,0,0
3332,49,2243761,Pune,1BHK,Buy,23,6,0,0
3333,54,11378829,Delhi,1BHK,Buy,13,8,1,1
3334,54,14825733,Mumbai,1BHK,Buy,11,5,0,1
3335,48,14085843,Mumbai,3BHK,Rent,8,1,1,0
3336,33,9114070,Pune,2BHK,Buy,26,8,1,1
3337,35,2435485,Delhi,3BHK,Rent,24,6,0,0
3338,43,8633381,Pune,3BHK,Rent,17,2,0,0
3339,46,7249337,Mumbai,3BHK,Rent,9,7,1,0
3340,24,8170205,Bangalore,2BHK,Rent,6,8,0,0
3341,46,12076728,Pune,3BHK,Rent,1,2,0,0
3342,29,9176185,Mumbai,2BHK,Buy,1,1,0,0
3343,25,8001827,Bangalore,1BHK,Buy,13,6,0,1
3344,52,13744063,Bangalore,3BHK,Buy,7,6,0,0
3345,40,12362352,Delhi,1BHK,Rent,10,8,0,0
3346,31,6354657,Delhi,1BHK,Buy,18,7,1,1
3347,35,12219535,Mumbai,1BHK,Rent,6,8,1,0
3348,52,4522189,Pune,3BHK,Rent,13,5,1,0
3349,48,9050585,Bangalore,1BHK,Rent,5,2,0,0
3350,42,2942151,Delhi,3BHK,Buy,21,5,0,0
3351,37,8271245,Delhi,1BHK,Buy,26,2,1,0
3352,46,2476015,Pune,3BHK,Buy,15,9,0,0
3353,27,2876611,Delhi,3BHK,Buy,12,5,1,0
3354,46,10725696,Mumbai,3BHK,Rent,22,1,1,0
3355,45,9429174,Pune,1BHK,Rent,11,9,0,1
3356,30,8075770,Bangalore,3BHK,Rent,8,5,0,0
3357,39,5427495,Mumbai,1BHK,Rent,5,1,0,0
3358,31,8860184,Bangalore,2BHK,Rent,8,9,0,0
3359,33,10208891,Bangalore,1BHK,Buy,5,9,0,0
3360,28,6070936,Delhi,1BHK,Buy,10,9,0,0
3361,24,10744578,Mumbai,3BHK,Rent,15,6,0,1
3362,51,8581060,Mumbai,1BHK,Rent,6,2,0,0
3363,48,6408421,Pune,2BHK,Rent,24,7,0,1
3364,31,3786741,Mumbai,3BHK,Rent,18,2,0,0
3365,21,10375065,Pune,1BHK,Rent,23,4,1,1
3366,58,13644709,Mumbai,1BHK,Buy,3,4,0,0
3367,44,3972645,Bangalore,3BHK,Rent,9,7,1,0
3368,51,6151235,Pune,3BHK,Buy,10,6,1,0
3369,46,7261789,Mumbai,1BHK,Buy,7,7,1,0
3370,25,9611293,Pune,1BHK,Rent,19,6,0,1
3371,40,6444279,Delhi,3BHK,Rent,24,1,1,0
3372,31,14388242,Delhi,3BHK,Buy,26,4,1,1
3373,53,4715366,Pune,2BHK,Buy,2,3,0,0
3374,58,2437538,Pune,2BHK,Buy,26,7,0,0
3375,47,4224615,Bangalore,2BHK,Rent,28,7,0,0
3376,54,3150112,Mumbai,3BHK,Buy,8,4,0,0
3377,35,11195168,Delhi,3BHK,Rent,7,7,0,0
3378,52,11689165,Delhi,3BHK,Buy,28,4,0,1
3379,41,7733413,Mumbai,1BHK,Rent,5,9,1,0
3380,25,13865481,Delhi,3BHK,Rent,4,3,1,0
3381,26,11175480,Delhi,1BHK,Buy,11,2,1,0
3382,58,12415643,Pune,3BHK,Rent,26,5,0,1
3383,42,14763597,Delhi,3BHK,Rent,28,9,1,1
3384,38,12084963,Delhi,1BHK,Buy,10,3,0,0
3385,34,5643003,Delhi,3BHK,Rent,1,1,0,0
3386,30,9490651,Mumbai,3BHK,Buy,29,9,0,1
3387,33,9945982,Bangalore,3BHK,Buy,4,5,1,0
3388,51,11149024,Pune,2BHK,Buy,22,2,1,0
3389,50,3048581,Bangalore,3BHK,Rent,6,6,0,0
3390,23,11918059,Delhi,1BHK,Rent,18,3,1,0
3391,50,8098818,Delhi,1BHK,Buy,25,9,1,1
3392,26,9154474,Delhi,1BHK,Rent,13,3,1,0
3393,49,7638702,Bangalore,3BHK,Buy,13,2,1,0
3394,28,2802914,Mumbai,1BHK,Buy,1,3,0,0
3395,53,13239949,Mumbai,2BHK,Buy,4,6,0,0
3396,37,11640129,Pune,1BHK,Rent,4,3,1,0
3397,31,7801116,Bangalore,3BHK,Rent,18,9,1,1
3398,33,5497859,Mumbai,2BHK,Rent,24,9,0,1
3399,31,8514329,Pune,1BHK,Buy,27,9,0,1
3400,51,12708082,Delhi,2BHK,Buy,18,2,1,0
3401,48,13809537,Delhi,1BHK,Rent,18,7,0,1
3402,26,6262911,Pune,3BHK,Rent,15,2,1,0
3403,36,10214025,Mumbai,2BHK,Buy,18,1,1,0
3404,24,3338223,Bangalore,1BHK,Buy,15,5,0,0
3405,55,5562709,Pune,1BHK,Buy,17,8,0,1
3406,46,13635432,Mumbai,2BHK,Buy,29,3,1,0
3407,32,13522730,Pune,2BHK,Rent,5,7,1,0
3408,31,14105236,Mumbai,2BHK,Rent,11,6,0,1
3409,57,13795874,Delhi,2BHK,Buy,16,1,1,0
3410,45,6278639,Pune,1BHK,Buy,20,7,1,1
3411,38,8654589,Bangalore,1BHK,Rent,2,3,1,0
3412,39,11005908,Pune,1BHK,Buy,17,4,1,1
3413,43,14664660,Delhi,3BHK,Buy,1,2,1,0
3414,58,6072660,Delhi,2BHK,Rent,18,1,0,0
3415,38,6881083,Mumbai,1BHK,Rent,17,5,1,1
3416,46,13599531,Delhi,2BHK,Rent,25,6,1,1
3417,26,13214815,Mumbai,2BHK,Buy,18,2,1,0
3418,24,6495590,Delhi,1BHK,Buy,19,6,0,1
3419,49,13271368,Mumbai,2BHK,Rent,25,6,0,1
3420,54,5217268,Bangalore,2BHK,Rent,5,8,0,0
3421,37,10033681,Mumbai,2BHK,Buy,13,8,0,1
3422,36,9679124,Mumbai,2BHK,Buy,24,6,0,1
3423,22,12282567,Bangalore,2BHK,Buy,23,7,0,1
3424,54,3825779,Mumbai,1BHK,Rent,6,4,1,0
3425,28,6329266,Mumbai,1BHK,Rent,13,5,1,1
3426,33,8123688,Bangalore,2BHK,Buy,18,6,1,1
3427,28,8548216,Delhi,2BHK,Rent,29,6,0,1
3428,50,8235111,Pune,2BHK,Rent,4,3,0,0
3429,52,13337879,Mumbai,3BHK,Rent,9,9,0,0
3430,56,7065719,Delhi,2BHK,Buy,23,4,0,1
3431,50,9041527,Pune,3BHK,Buy,3,8,0,0
3432,21,4143781,Bangalore,3BHK,Rent,22,4,0,0
3433,59,7883947,Mumbai,3BHK,Buy,24,6,1,1
3434,37,13178487,Mumbai,1BHK,Rent,24,1,0,0
3435,40,6141042,Bangalore,3BHK,Rent,8,2,1,0
3436,44,3519546,Mumbai,2BHK,Buy,13,6,0,0
3437,42,4055408,Pune,2BHK,Rent,24,3,0,0
3438,49,3379233,Pune,1BHK,Rent,26,7,0,0
3439,42,5752778,Bangalore,1BHK,Rent,22,1,1,0
3440,29,5305822,Mumbai,2BHK,Rent,11,3,1,0
3441,57,7967569,Delhi,1BHK,Rent,10,3,1,0
3442,30,8162043,Mumbai,1BHK,Rent,11,1,1,0
3443,56,5203669,Bangalore,3BHK,Buy,3,4,0,0
3444,57,14489770,Delhi,3BHK,Rent,25,8,1,1
3445,48,5451345,Pune,1BHK,Buy,14,7,1,1
3446,48,6190247,Pune,2BHK,Buy,14,7,0,1
3447,41,9002414,Delhi,3BHK,Buy,19,5,0,1
3448,44,9356072,Delhi,2BHK,Buy,28,4,0,1
3449,22,5215534,Bangalore,1BHK,Buy,28,6,1,1
3450,28,3717222,Mumbai,2BHK,Rent,4,2,1,0
3451,47,2200211,Pune,2BHK,Rent,26,1,1,0
3452,42,6830668,Mumbai,2BHK,Buy,1,7,0,0
3453,57,14638828,Pune,2BHK,Rent,2,4,0,0
3454,47,11061568,Mumbai,1BHK,Buy,6,7,0,0
3455,49,11843523,Pune,1BHK,Rent,13,6,0,1
3456,23,4095383,Mumbai,3BHK,Buy,14,9,1,0
3457,33,11178851,Bangalore,3BHK,Buy,28,6,0,1
3458,30,8239267,Pune,3BHK,Buy,1,3,0,0
3459,56,12670977,Bangalore,3BHK,Rent,28,7,0,1
3460,29,2867481,Pune,2BHK,Rent,25,9,0,0
3461,47,6396054,Pune,3BHK,Buy,8,6,1,0
3462,54,3268430,Pune,3BHK,Buy,18,7,0,0
3463,21,11135011,Mumbai,2BHK,Rent,14,8,0,1
3464,52,5041370,Pune,1BHK,Rent,2,4,1,0
3465,45,6905349,Bangalore,3BHK,Buy,24,5,0,1
3466,49,7578086,Mumbai,1BHK,Buy,12,4,1,1
3467,27,14515877,Mumbai,3BHK,Buy,27,1,0,0
3468,23,11219892,Pune,1BHK,Rent,24,6,0,1
3469,40,4602021,Delhi,3BHK,Buy,1,7,1,0
3470,40,12140380,Mumbai,1BHK,Rent,21,2,0,0
3471,50,4717370,Pune,1BHK,Rent,15,6,1,0
3472,55,13680810,Bangalore,3BHK,Buy,11,2,0,0
3473,55,10650353,Delhi,1BHK,Rent,18,5,1,1
3474,59,7963523,Mumbai,3BHK,Buy,17,1,1,0
3475,47,9694852,Delhi,3BHK,Buy,3,3,1,0
3476,46,3746659,Mumbai,2BHK,Rent,15,4,1,0
3477,34,13716730,Delhi,3BHK,Buy,13,4,0,1
3478,37,5847852,Delhi,3BHK,Rent,3,2,1,0
3479,38,6940952,Bangalore,3BHK,Rent,13,8,0,1
3480,49,12243021,Delhi,3BHK,Buy,26,6,0,1
3481,40,9298716,Bangalore,2BHK,Rent,9,9,0,0
3482,47,9046305,Pune,2BHK,Rent,10,6,0,0
3483,38,14848503,Mumbai,2BHK,Buy,1,3,1,0
3484,24,10572823,Bangalore,2BHK,Rent,27,2,1,0
3485,21,10320442,Mumbai,1BHK,Buy,2,9,0,0
3486,21,5156390,Bangalore,3BHK,Buy,25,3,1,0
3487,46,14116906,Mumbai,2BHK,Rent,14,6,1,1
3488,40,4912166,Bangalore,3BHK,Rent,5,2,0,0
3489,43,12469052,Mumbai,2BHK,Buy,25,7,0,1
3490,30,12028943,Pune,3BHK,Rent,22,1,0,0
3491,31,7890681,Mumbai,1BHK,Buy,10,9,1,0
3492,25,9513317,Pune,2BHK,Rent,26,1,0,0
3493,21,12069050,Pune,1BHK,Buy,19,9,1,1
3494,37,8105183,Pune,1BHK,Buy,8,1,0,0
3495,42,2860513,Delhi,3BHK,Rent,13,1,1,0
3496,54,9183671,Mumbai,2BHK,Rent,9,8,1,0
3497,49,6428935,Delhi,1BHK,Rent,18,1,1,0
3498,24,7367578,Delhi,3BHK,Buy,25,8,0,1
3499,25,8460358,Mumbai,3BHK,Buy,4,3,0,0
3500,31,3059288,Pune,3BHK,Rent,8,4,1,0
3501,41,7586551,Delhi,1BHK,Rent,5,2,0,0
3502,55,7999566,Delhi,3BHK,Buy,29,6,1,1
3503,32,8810136,Bangalore,3BHK,Rent,6,7,1,0
3504,46,6390741,Mumbai,3BHK,Rent,20,3,1,0
3505,39,12048657,Delhi,1BHK,Buy,5,9,1,0
3506,27,12847755,Mumbai,3BHK,Rent,28,3,1,0
3507,27,14070834,Mumbai,1BHK,Buy,1,7,1,0
3508,46,14619884,Delhi,3BHK,Buy,28,4,1,1
3509,25,9052710,Mumbai,1BHK,Rent,19,5,1,1
3510,41,4393432,Pune,1BHK,Rent,4,9,0,0
3511,34,10242909,Delhi,2BHK,Rent,1,3,0,0
3512,24,4899529,Delhi,2BHK,Buy,29,3,0,0
3513,43,11139169,Delhi,2BHK,Buy,19,9,1,1
3514,40,9681356,Bangalore,1BHK,Buy,4,9,0,0
3515,35,3381173,Bangalore,3BHK,Rent,14,4,1,0
3516,49,5027880,Bangalore,3BHK,Buy,14,1,1,0
3517,28,3051628,Bangalore,1BHK,Buy,9,1,0,0
3518,39,4386568,Delhi,3BHK,Buy,19,9,1,0
3519,59,13837630,Pune,1BHK,Rent,11,6,0,1
3520,48,6945868,Mumbai,3BHK,Buy,16,5,0,1
3521,47,2148388,Mumbai,1BHK,Rent,19,3,0,0
3522,24,9786637,Delhi,2BHK,Rent,4,3,1,0
3523,35,6126564,Pune,2BHK,Buy,9,2,0,0
3524,55,7905480,Mumbai,3BHK,Buy,25,7,1,1
3525,57,7077831,Pune,3BHK,Buy,17,9,1,1
3526,21,7573798,Delhi,3BHK,Rent,15,6,1,1
3527,23,4926759,Bangalore,3BHK,Rent,8,1,1,0
3528,44,8685237,Pune,2BHK,Rent,26,6,1,1
3529,47,5101954,Mumbai,2BHK,Rent,13,8,1,1
3530,56,9280054,Mumbai,1BHK,Buy,1,8,0,0
3531,54,5162103,Mumbai,3BHK,Buy,2,3,0,0
3532,49,10938606,Bangalore,2BHK,Rent,10,1,1,0
3533,44,6973216,Pune,1BHK,Rent,27,5,0,1
3534,44,9285599,Pune,1BHK,Rent,21,6,1,1
3535,24,8961990,Mumbai,1BHK,Rent,27,9,0,1
3536,23,7612050,Pune,2BHK,Rent,13,2,0,0
3537,54,4577697,Mumbai,1BHK,Rent,11,1,0,0
3538,43,12513357,Pune,3BHK,Rent,14,7,0,1
3539,43,9676465,Bangalore,1BHK,Rent,16,2,1,0
3540,25,10820221,Bangalore,1BHK,Buy,28,2,0,0
3541,51,8232238,Delhi,2BHK,Buy,29,3,0,0
3542,26,5047725,Delhi,1BHK,Rent,6,4,1,0
3543,57,7328567,Delhi,2BHK,Buy,2,7,1,0
3544,30,14701880,Pune,2BHK,Buy,26,1,0,0
3545,27,7710333,Bangalore,3BHK,Buy,5,6,0,0
3546,59,14786482,Bangalore,1BHK,Rent,19,7,1,1
3547,58,5577141,Bangalore,3BHK,Rent,7,3,0,0
3548,41,9912954,Mumbai,3BHK,Rent,28,3,0,0
3549,40,2816473,Pune,1BHK,Buy,28,2,1,0
3550,23,9216208,Pune,1BHK,Rent,17,5,0,1
3551,42,12833269,Delhi,2BHK,Buy,5,7,1,0
3552,24,13324178,Mumbai,1BHK,Rent,12,3,1,0
3553,48,14346138,Mumbai,2BHK,Rent,19,7,0,1
3554,32,8588847,Bangalore,3BHK,Buy,27,8,1,1
3555,58,3430264,Delhi,3BHK,Rent,18,3,0,0
3556,56,8498450,Pune,2BHK,Buy,28,1,0,0
3557,25,9072224,Mumbai,1BHK,Rent,12,3,0,0
3558,33,12024454,Bangalore,1BHK,Rent,3,6,0,0
3559,43,4729974,Pune,2BHK,Rent,26,1,0,0
3560,50,13175594,Bangalore,3BHK,Buy,4,9,1,0
3561,57,3335364,Pune,2BHK,Rent,15,3,1,0
3562,45,13048541,Bangalore,1BHK,Buy,15,3,1,0
3563,47,6540272,Pune,1BHK,Buy,11,7,0,1
3564,34,6709226,Delhi,2BHK,Buy,2,7,1,0
3565,56,11310071,Pune,1BHK,Rent,18,6,0,1
3566,59,11222329,Pune,3BHK,Rent,3,7,0,0
3567,36,10820939,Pune,2BHK,Rent,18,5,1,1
3568,42,13252265,Bangalore,3BHK,Rent,14,8,1,1
3569,41,12115084,Mumbai,3BHK,Rent,6,2,1,0
3570,41,8589081,Pune,2BHK,Buy,2,5,0,0
3571,28,4323729,Pune,2BHK,Buy,1,9,0,0
3572,36,3649961,Delhi,1BHK,Buy,8,4,1,0
3573,51,11197618,Pune,1BHK,Buy,10,8,1,0
3574,30,7124595,Delhi,2BHK,Buy,20,3,0,0
3575,52,6709075,Pune,2BHK,Buy,18,6,1,1
3576,54,12669711,Bangalore,1BHK,Rent,20,8,0,1
3577,29,6335972,Mumbai,1BHK,Buy,11,9,0,1
3578,37,13988221,Mumbai,1BHK,Buy,18,7,0,1
3579,31,14996058,Mumbai,2BHK,Buy,27,6,0,1
3580,52,12664782,Bangalore,2BHK,Buy,16,6,0,1
3581,30,9173625,Delhi,1BHK,Rent,5,6,1,0
3582,42,7523711,Mumbai,3BHK,Buy,7,9,1,0
3583,37,6640353,Bangalore,3BHK,Rent,22,3,1,0
3584,24,3171116,Bangalore,1BHK,Rent,2,4,0,0
3585,45,8982805,Pune,2BHK,Buy,11,3,1,0
3586,41,7010919,Delhi,2BHK,Buy,13,9,1,1
3587,57,4859453,Bangalore,3BHK,Rent,20,5,1,0
3588,58,11009264,Delhi,1BHK,Buy,24,8,0,1
3589,21,3618755,Mumbai,3BHK,Buy,28,8,1,0
3590,45,14497650,Mumbai,3BHK,Buy,16,9,1,1
3591,56,5622456,Mumbai,1BHK,Rent,14,7,0,1
3592,37,4463208,Pune,3BHK,Buy,7,3,1,0
3593,44,8886806,Pune,2BHK,Rent,7,5,1,0
3594,22,6004168,Delhi,3BHK,Rent,12,3,0,0
3595,35,10784599,Delhi,1BHK,Rent,12,2,1,0
3596,52,3981908,Pune,2BHK,Buy,20,3,0,0
3597,59,14053485,Bangalore,2BHK,Rent,1,9,1,0
3598,26,6998710,Delhi,3BHK,Buy,23,9,0,1
3599,21,14212084,Delhi,2BHK,Rent,6,8,0,0
3600,43,10993487,Mumbai,1BHK,Buy,8,7,0,0
3601,59,5398718,Delhi,3BHK,Buy,27,1,0,0
3602,37,2280759,Delhi,2BHK,Rent,13,9,1,0
3603,54,4119990,Bangalore,1BHK,Rent,5,2,0,0
3604,49,7883417,Delhi,3BHK,Rent,24,6,0,1
3605,29,13849278,Bangalore,1BHK,Buy,10,5,1,0
3606,33,6660296,Mumbai,2BHK,Buy,27,6,1,1
3607,26,14522318,Pune,3BHK,Buy,14,8,1,1
3608,26,12374310,Mumbai,3BHK,Rent,24,8,0,1
3609,40,10533216,Bangalore,2BHK,Buy,9,2,1,0
3610,23,10324672,Bangalore,1BHK,Buy,17,7,0,1
3611,37,10525380,Delhi,2BHK,Buy,3,2,1,0
3612,32,7288171,Delhi,3BHK,Rent,12,1,1,0
3613,21,10209093,Pune,3BHK,Rent,12,8,1,1
3614,37,8507419,Bangalore,2BHK,Buy,11,9,0,1
3615,23,7368492,Bangalore,1BHK,Rent,22,7,0,1
3616,46,14075801,Mumbai,2BHK,Rent,29,4,0,1
3617,35,14626727,Pune,1BHK,Rent,4,7,0,0
3618,56,8281102,Mumbai,1BHK,Rent,8,4,0,0
3619,52,12590757,Delhi,3BHK,Rent,10,7,0,0
3620,52,13097290,Delhi,1BHK,Rent,14,4,0,1
3621,24,8709332,Mumbai,3BHK,Rent,1,9,0,0
3622,38,13196223,Delhi,1BHK,Rent,12,5,0,1
3623,39,12406941,Mumbai,1BHK,Rent,5,7,0,0
3624,55,12852817,Bangalore,3BHK,Buy,14,8,0,1
3625,34,8333538,Bangalore,1BHK,Buy,4,5,0,0
3626,53,4244482,Delhi,2BHK,Rent,28,1,1,0
3627,34,2627901,Pune,1BHK,Rent,17,4,1,0
3628,54,4981899,Bangalore,3BHK,Rent,26,3,1,0
3629,24,8386676,Delhi,3BHK,Rent,22,7,1,1
3630,44,3588253,Pune,2BHK,Buy,26,6,0,0
3631,49,2683045,Delhi,1BHK,Rent,13,6,1,0
3632,39,11889620,Mumbai,2BHK,Buy,3,2,1,0
3633,26,6216101,Delhi,1BHK,Buy,11,6,0,1
3634,53,10238439,Mumbai,2BHK,Buy,11,8,0,1
3635,39,8882076,Bangalore,3BHK,Buy,5,5,1,0
3636,21,13759333,Bangalore,3BHK,Buy,6,9,1,0
3637,25,10844731,Delhi,2BHK,Buy,4,2,0,0
3638,47,12771600,Pune,1BHK,Rent,10,7,1,0
3639,36,4039282,Delhi,1BHK,Rent,10,6,0,0
3640,26,12914961,Delhi,3BHK,Buy,12,6,1,1
3641,33,2661944,Bangalore,1BHK,Rent,22,4,0,0
3642,55,11790326,Bangalore,2BHK,Buy,23,9,0,1
3643,39,12643876,Delhi,2BHK,Rent,18,6,1,1
3644,32,14850341,Bangalore,1BHK,Buy,15,8,1,1
3645,36,6650635,Mumbai,3BHK,Buy,23,8,1,1
3646,30,2017903,Delhi,3BHK,Rent,23,4,0,0
3647,45,14418672,Bangalore,3BHK,Buy,18,5,1,1
3648,40,9100883,Delhi,3BHK,Rent,3,2,0,0
3649,51,12853064,Bangalore,3BHK,Buy,3,4,0,0
3650,24,3661241,Mumbai,2BHK,Rent,1,6,1,0
3651,43,12892542,Mumbai,1BHK,Rent,17,2,1,0
3652,22,10758164,Delhi,2BHK,Rent,10,2,0,0
3653,42,11226262,Mumbai,3BHK,Rent,27,7,1,1
3654,57,12317704,Mumbai,3BHK,Rent,6,5,0,0
3655,28,3401170,Bangalore,1BHK,Buy,25,3,0,0
3656,27,9712254,Delhi,1BHK,Buy,25,3,1,0
3657,34,4685293,Bangalore,1BHK,Rent,11,7,0,0
3658,23,8444861,Bangalore,2BHK,Buy,14,3,0,0
3659,36,11846358,Pune,1BHK,Buy,17,5,1,1
3660,39,7819610,Mumbai,2BHK,Rent,28,2,0,0
3661,38,6608474,Bangalore,3BHK,Rent,7,3,0,0
3662,36,13765091,Bangalore,2BHK,Buy,22,4,0,1
3663,28,10922571,Bangalore,1BHK,Rent,4,1,1,0
3664,53,14876717,Mumbai,2BHK,Rent,11,4,1,1
3665,32,14122913,Mumbai,2BHK,Rent,19,4,0,1
3666,31,4114336,Mumbai,2BHK,Buy,9,3,1,0
3667,25,7028699,Delhi,1BHK,Rent,26,9,1,1
3668,47,12941279,Bangalore,2BHK,Buy,21,3,1,0
3669,32,12693297,Mumbai,1BHK,Rent,8,2,1,0
3670,37,4888851,Bangalore,2BHK,Buy,20,7,0,0
3671,26,6378023,Delhi,2BHK,Rent,4,9,1,0
3672,53,7239522,Pune,2BHK,Rent,16,6,1,1
3673,25,14383582,Delhi,1BHK,Rent,6,5,0,0
3674,48,7016761,Mumbai,1BHK,Buy,6,1,0,0
3675,34,4436901,Mumbai,1BHK,Buy,19,3,1,0
3676,25,8947797,Delhi,3BHK,Buy,2,9,0,0
3677,53,6868136,Bangalore,1BHK,Buy,11,8,1,1
3678,39,10539016,Mumbai,2BHK,Rent,25,9,0,1
3679,42,7923827,Mumbai,3BHK,Rent,18,8,0,1
3680,25,13349384,Delhi,1BHK,Buy,9,1,1,0
3681,22,6156094,Bangalore,1BHK,Buy,28,8,1,1
3682,50,4050126,Delhi,3BHK,Buy,16,8,1,0
3683,59,7231308,Delhi,3BHK,Buy,11,5,0,1
3684,24,13771775,Bangalore,1BHK,Buy,14,6,1,1
3685,53,8213397,Bangalore,3BHK,Buy,8,2,0,0
3686,33,3955599,Pune,2BHK,Rent,27,1,0,0
3687,40,8638111,Delhi,2BHK,Buy,13,8,0,1
3688,27,6728257,Bangalore,2BHK,Buy,10,7,1,0
3689,35,9169165,Mumbai,1BHK,Buy,23,4,0,1
3690,43,14111098,Pune,2BHK,Rent,12,7,1,1
3691,34,4515553,Delhi,3BHK,Buy,21,2,0,0
3692,43,13610247,Bangalore,2BHK,Rent,29,2,0,0
3693,39,11529827,Pune,3BHK,Rent,3,7,0,0
3694,49,10647991,Pune,2BHK,Buy,2,3,0,0
3695,40,12849069,Mumbai,3BHK,Rent,11,6,0,1
3696,49,2176682,Pune,2BHK,Buy,24,7,1,0
3697,44,4016987,Delhi,2BHK,Rent,18,7,0,0
3698,38,4909419,Bangalore,2BHK,Buy,24,4,1,0
3699,30,12187823,Pune,3BHK,Buy,21,3,1,0
3700,28,10485061,Pune,3BHK,Rent,25,1,1,0
3701,46,2578078,Delhi,2BHK,Buy,4,7,0,0
3702,49,12823750,Mumbai,3BHK,Buy,8,9,1,0
3703,30,10797057,Mumbai,3BHK,Rent,29,1,0,0
3704,37,10965171,Bangalore,1BHK,Rent,11,5,0,1
3705,22,12441772,Delhi,2BHK,Buy,15,4,1,1
3706,26,4566436,Mumbai,3BHK,Rent,23,2,0,0
3707,25,8118313,Bangalore,3BHK,Buy,28,7,0,1
3708,48,5822379,Bangalore,3BHK,Rent,24,7,0,1
3709,25,5450320,Mumbai,3BHK,Rent,21,8,0,1
3710,38,5045236,Delhi,1BHK,Rent,2,3,0,0
3711,46,6810277,Pune,3BHK,Buy,23,6,1,1
3712,40,11851746,Mumbai,3BHK,Buy,19,4,1,1
3713,47,10137083,Pune,1BHK,Buy,15,3,0,0
3714,32,14164078,Pune,2BHK,Buy,29,4,0,1
3715,27,14060390,Delhi,2BHK,Buy,26,1,1,0
3716,23,8032861,Delhi,1BHK,Rent,26,7,1,1
3717,30,4552387,Bangalore,2BHK,Buy,26,7,1,0
3718,54,5636402,Delhi,2BHK,Rent,28,7,0,1
3719,45,14428706,Bangalore,1BHK,Rent,27,2,1,0
3720,55,14448441,Mumbai,3BHK,Rent,26,1,1,0
3721,36,2493496,Pune,1BHK,Buy,13,9,1,0
3722,22,3519493,Delhi,1BHK,Rent,2,2,0,0
3723,44,11657356,Mumbai,1BHK,Buy,3,5,1,0
3724,30,6164026,Bangalore,1BHK,Buy,14,5,0,1
3725,58,13559637,Delhi,1BHK,Buy,20,8,0,1
3726,42,5714779,Pune,3BHK,Buy,26,1,0,0
3727,46,3200413,Mumbai,2BHK,Rent,13,7,0,0
3728,59,2831219,Delhi,1BHK,Buy,27,3,0,0
3729,47,3955683,Delhi,3BHK,Rent,23,2,1,0
3730,49,7250305,Mumbai,1BHK,Rent,26,5,0,1
3731,58,10663609,Bangalore,3BHK,Buy,16,4,0,1
3732,40,7426723,Bangalore,2BHK,Rent,12,9,1,1
3733,47,7598023,Delhi,3BHK,Rent,1,1,1,0
3734,40,11852844,Bangalore,3BHK,Rent,6,3,0,0
3735,39,7808625,Bangalore,2BHK,Buy,13,3,1,0
3736,40,6929405,Mumbai,2BHK,Rent,22,4,1,1
3737,55,6724044,Bangalore,3BHK,Buy,24,7,0,1
3738,22,6305457,Bangalore,1BHK,Buy,2,5,0,0
3739,50,8068174,Mumbai,1BHK,Buy,18,6,1,1
3740,54,8483999,Delhi,2BHK,Buy,17,3,1,0
3741,42,5083873,Delhi,1BHK,Rent,19,5,0,1
3742,23,3329020,Mumbai,2BHK,Rent,23,2,1,0
3743,26,10267102,Pune,3BHK,Rent,15,4,1,1
3744,35,2400717,Mumbai,3BHK,Buy,8,3,0,0
3745,47,5147573,Pune,1BHK,Rent,23,3,0,0
3746,30,11556526,Bangalore,2BHK,Buy,9,4,0,0
3747,29,9117069,Delhi,1BHK,Rent,8,8,1,0
3748,53,8741935,Pune,1BHK,Buy,8,8,1,0
3749,52,11150262,Pune,3BHK,Buy,11,1,0,0
3750,26,8006172,Bangalore,1BHK,Buy,18,5,1,1
3751,56,2996270,Delhi,3BHK,Buy,17,2,1,0
3752,22,10058430,Bangalore,2BHK,Rent,22,6,0,1
3753,49,12734610,Delhi,1BHK,Buy,23,3,1,0
3754,24,5393416,Delhi,3BHK,Rent,6,9,0,0
3755,21,4655844,Bangalore,1BHK,Rent,23,9,0,0
3756,39,3595428,Pune,2BHK,Rent,24,8,1,0
3757,46,14156522,Mumbai,1BHK,Buy,2,2,1,0
3758,45,2974939,Delhi,1BHK,Buy,1,2,1,0
3759,30,13493560,Delhi,3BHK,Buy,10,2,0,0
3760,35,7338139,Mumbai,2BHK,Rent,8,5,0,0
3761,42,6634995,Mumbai,2BHK,Buy,16,9,1,1
3762,41,9357247,Bangalore,2BHK,Buy,24,7,0,1
3763,42,5928408,Delhi,1BHK,Rent,14,7,1,1
3764,56,8362530,Bangalore,3BHK,Buy,24,3,1,0
3765,54,11327811,Mumbai,1BHK,Rent,16,3,1,0
3766,50,13118669,Bangalore,1BHK,Rent,14,3,1,0
3767,45,9221414,Delhi,1BHK,Rent,26,1,0,0
3768,48,3752153,Pune,2BHK,Buy,7,8,1,0
3769,21,8398215,Pune,3BHK,Buy,18,2,0,0
3770,24,13662807,Delhi,2BHK,Rent,20,7,1,1
3771,27,3856719,Bangalore,1BHK,Rent,9,9,0,0
3772,29,3456851,Mumbai,1BHK,Buy,24,2,1,0
3773,56,7815566,Mumbai,3BHK,Buy,4,1,0,0
3774,39,12224902,Pune,2BHK,Rent,24,5,0,1
3775,21,7408249,Bangalore,1BHK,Rent,26,5,1,1
3776,30,13118352,Mumbai,1BHK,Rent,29,1,1,0
3777,56,11542143,Mumbai,3BHK,Buy,16,9,0,1
3778,29,9579349,Delhi,1BHK,Rent,22,3,1,0
3779,52,5827573,Bangalore,2BHK,Buy,11,2,0,0
3780,52,7564991,Bangalore,2BHK,Rent,9,7,0,0
3781,26,3932811,Mumbai,1BHK,Buy,17,5,0,0
3782,58,7372625,Bangalore,1BHK,Rent,22,4,1,1
3783,37,6248887,Bangalore,1BHK,Buy,11,4,0,1
3784,30,3696941,Bangalore,3BHK,Buy,20,9,0,0
3785,47,2444846,Delhi,3BHK,Buy,3,9,0,0
3786,55,3159935,Mumbai,2BHK,Buy,21,1,1,0
3787,41,14085710,Pune,2BHK,Buy,26,7,0,1
3788,45,6866148,Bangalore,1BHK,Buy,11,8,1,1
3789,48,6822724,Mumbai,1BHK,Rent,8,5,0,0
3790,35,14049665,Pune,1BHK,Rent,27,7,1,1
3791,24,5204991,Delhi,3BHK,Rent,10,8,0,0
3792,49,12343771,Mumbai,3BHK,Buy,6,8,1,0
3793,29,11497848,Delhi,1BHK,Buy,17,9,1,1
3794,47,12903656,Mumbai,1BHK,Rent,6,5,1,0
3795,46,12371765,Delhi,2BHK,Buy,7,2,1,0
3796,39,7101210,Mumbai,3BHK,Buy,13,6,1,1
3797,48,12392862,Delhi,1BHK,Rent,6,1,1,0
3798,37,5484840,Pune,3BHK,Rent,3,6,0,0
3799,40,14455331,Mumbai,1BHK,Rent,27,3,1,0
3800,59,8688064,Pune,1BHK,Rent,25,3,0,0
3801,43,8746929,Bangalore,2BHK,Rent,13,7,0,1
3802,52,4921984,Pune,2BHK,Rent,10,4,1,0
3803,53,12915527,Mumbai,2BHK,Rent,26,5,0,1
3804,25,12251704,Pune,1BHK,Buy,4,6,1,0
3805,54,7137273,Mumbai,2BHK,Buy,5,6,0,0
3806,31,9427925,Delhi,1BHK,Buy,21,2,1,0
3807,23,2008981,Bangalore,3BHK,Buy,19,3,0,0
3808,53,5559976,Pune,3BHK,Rent,28,1,1,0
3809,31,8607691,Bangalore,1BHK,Buy,18,3,1,0
3810,36,2107154,Pune,2BHK,Buy,24,8,1,0
3811,38,9626584,Mumbai,2BHK,Buy,7,4,0,0
3812,50,3728177,Pune,3BHK,Buy,21,2,0,0
3813,30,9816186,Bangalore,1BHK,Rent,29,4,1,1
3814,38,14543142,Pune,1BHK,Buy,1,7,1,0
3815,58,13726458,Bangalore,1BHK,Rent,26,9,0,1
3816,39,11440841,Bangalore,3BHK,Rent,17,5,0,1
3817,56,4904814,Mumbai,3BHK,Buy,24,5,0,0
3818,33,2936184,Delhi,2BHK,Rent,20,5,0,0
3819,23,13748102,Delhi,1BHK,Buy,29,9,0,1
3820,30,4706171,Pune,1BHK,Rent,20,7,1,0
3821,58,12128494,Bangalore,1BHK,Rent,25,3,1,0
3822,21,6141747,Mumbai,1BHK,Rent,18,2,0,0
3823,47,6857531,Delhi,3BHK,Buy,5,9,0,0
3824,28,12435379,Mumbai,2BHK,Buy,22,3,1,0
3825,37,10073934,Mumbai,3BHK,Buy,6,8,1,0
3826,29,7199895,Bangalore,2BHK,Buy,10,4,0,0
3827,26,5443737,Pune,1BHK,Rent,28,5,0,1
3828,45,2722300,Bangalore,1BHK,Buy,19,8,0,0
3829,59,11957081,Delhi,1BHK,Rent,10,5,1,0
3830,48,4135021,Delhi,1BHK,Rent,6,2,0,0
3831,53,9538009,Mumbai,1BHK,Rent,10,6,1,0
3832,57,6692489,Bangalore,3BHK,Rent,10,7,0,0
3833,29,5246797,Bangalore,2BHK,Rent,21,1,0,0
3834,38,14831489,Mumbai,3BHK,Rent,12,9,1,1
3835,41,7070447,Pune,1BHK,Rent,24,6,0,1
3836,22,14911308,Mumbai,2BHK,Rent,4,4,1,0
3837,58,5487258,Mumbai,2BHK,Rent,13,2,0,0
3838,56,12604488,Delhi,1BHK,Rent,26,9,1,1
3839,57,7268681,Bangalore,2BHK,Rent,10,6,1,0
3840,35,8275080,Delhi,3BHK,Buy,16,9,0,1
3841,48,8606870,Mumbai,3BHK,Rent,19,2,0,0
3842,38,5610566,Bangalore,3BHK,Buy,6,5,1,0
3843,54,13327727,Mumbai,3BHK,Buy,26,6,0,1
3844,42,12741320,Mumbai,2BHK,Rent,9,5,1,0
3845,31,2768026,Pune,3BHK,Rent,14,6,1,0
3846,33,6926423,Delhi,2BHK,Rent,24,3,0,0
3847,24,8307676,Delhi,1BHK,Rent,10,9,1,0
3848,42,9818835,Mumbai,3BHK,Buy,8,2,0,0
3849,27,2395462,Pune,1BHK,Buy,3,2,0,0
3850,44,11719338,Mumbai,3BHK,Rent,17,5,1,1
3851,24,12612711,Mumbai,1BHK,Buy,19,3,1,0
3852,48,11767686,Mumbai,1BHK,Rent,3,2,0,0
3853,35,2148306,Pune,1BHK,Rent,14,6,1,0
3854,21,11271230,Bangalore,1BHK,Rent,28,6,1,1
3855,23,5785811,Pune,1BHK,Buy,6,7,0,0
3856,34,6636971,Mumbai,2BHK,Buy,29,4,0,1
3857,58,5006374,Bangalore,2BHK,Buy,19,8,0,1
3858,21,8416679,Mumbai,3BHK,Rent,18,3,1,0
3859,58,2522886,Pune,2BHK,Buy,12,1,1,0
3860,58,2599493,Pune,1BHK,Rent,15,5,0,0
3861,41,7243962,Bangalore,2BHK,Rent,25,6,0,1
3862,49,7647244,Pune,2BHK,Buy,6,3,0,0
3863,25,7401446,Mumbai,1BHK,Rent,21,2,0,0
3864,30,12461159,Bangalore,2BHK,Rent,12,3,1,0
3865,48,7055829,Delhi,1BHK,Rent,19,3,1,0
3866,41,13848432,Mumbai,2BHK,Rent,7,7,0,0
3867,27,10367568,Delhi,1BHK,Buy,23,1,1,0
3868,23,12522479,Bangalore,3BHK,Rent,20,4,1,1
3869,40,6176213,Bangalore,2BHK,Rent,10,3,1,0
3870,39,6243041,Mumbai,3BHK,Rent,18,7,0,1
3871,55,13987005,Pune,1BHK,Buy,2,1,0,0
3872,24,5840624,Mumbai,1BHK,Rent,13,8,1,1
3873,25,14764588,Pune,3BHK,Rent,15,7,0,1
3874,21,9784081,Pune,1BHK,Buy,28,8,0,1
3875,24,6786431,Mumbai,1BHK,Rent,24,8,1,1
3876,32,13836405,Bangalore,1BHK,Buy,4,9,1,0
3877,47,10341353,Mumbai,1BHK,Rent,7,1,0,0
3878,43,10476353,Delhi,1BHK,Buy,3,9,1,0
3879,45,10514906,Bangalore,1BHK,Rent,25,1,1,0
3880,41,8909453,Pune,1BHK,Buy,16,3,1,0
3881,44,12790191,Bangalore,1BHK,Buy,26,7,0,1
3882,45,5777268,Mumbai,3BHK,Rent,9,8,1,0
3883,52,6891447,Bangalore,2BHK,Rent,23,5,1,1
3884,52,14954379,Pune,1BHK,Buy,23,1,0,0
3885,25,7197535,Pune,3BHK,Rent,17,3,0,0
3886,56,7704411,Bangalore,1BHK,Rent,26,7,0,1
3887,59,12176310,Delhi,2BHK,Buy,8,2,0,0
3888,36,5585435,Pune,1BHK,Buy,18,2,1,0
3889,53,4317165,Delhi,3BHK,Rent,24,9,0,0
3890,41,2799235,Pune,3BHK,Rent,27,6,0,0
3891,29,5326425,Bangalore,2BHK,Rent,13,4,0,1
3892,26,14177443,Pune,1BHK,Rent,2,9,1,0
3893,55,9171249,Delhi,3BHK,Buy,1,7,0,0
3894,59,14596610,Delhi,2BHK,Buy,16,7,0,1
3895,42,9243520,Bangalore,2BHK,Buy,16,8,1,1
3896,25,10403984,Delhi,1BHK,Buy,11,3,1,0
3897,43,8768326,Delhi,3BHK,Rent,24,2,1,0
3898,37,12761021,Bangalore,1BHK,Buy,4,1,1,0
3899,32,12722351,Pune,1BHK,Buy,11,2,1,0
3900,43,9265341,Bangalore,1BHK,Rent,26,3,1,0
3901,36,5194514,Pune,3BHK,Rent,6,5,1,0
3902,23,8287206,Pune,2BHK,Buy,26,8,0,1
3903,50,11025901,Pune,1BHK,Rent,29,3,0,0
3904,42,14555425,Mumbai,1BHK,Buy,11,7,0,1
3905,29,7461730,Pune,3BHK,Rent,26,5,1,1
3906,49,10717232,Bangalore,1BHK,Rent,1,5,1,0
3907,57,2687055,Bangalore,2BHK,Buy,9,8,0,0
3908,43,14453351,Bangalore,1BHK,Rent,27,5,1,1
3909,33,3421742,Mumbai,2BHK,Buy,7,7,0,0
3910,52,3464294,Delhi,1BHK,Buy,21,8,0,0
3911,43,10831834,Mumbai,1BHK,Buy,22,8,0,1
3912,37,13493605,Bangalore,1BHK,Rent,3,3,1,0
3913,41,3515697,Bangalore,2BHK,Buy,29,4,0,0
3914,22,3673783,Delhi,1BHK,Buy,9,8,1,0
3915,57,12307149,Mumbai,1BHK,Buy,2,5,0,0
3916,26,8765837,Bangalore,1BHK,Buy,28,1,0,0
3917,38,6131608,Pune,2BHK,Buy,10,7,0,0
3918,50,2472803,Pune,1BHK,Buy,17,3,1,0
3919,42,3534851,Bangalore,3BHK,Rent,1,2,0,0
3920,53,12695630,Pune,2BHK,Buy,26,5,0,1
3921,50,2593695,Delhi,3BHK,Rent,18,1,1,0
3922,37,3646673,Bangalore,1BHK,Rent,6,9,0,0
3923,52,14862285,Mumbai,2BHK,Buy,6,5,0,0
3924,34,6090617,Bangalore,2BHK,Rent,9,6,0,0
3925,30,4663616,Delhi,1BHK,Rent,10,7,0,0
3926,56,6813417,Mumbai,3BHK,Buy,15,9,1,1
3927,54,7115068,Delhi,2BHK,Rent,4,5,0,0
3928,29,5243283,Pune,2BHK,Buy,8,4,0,0
3929,48,6721737,Pune,2BHK,Rent,4,3,1,0
3930,31,11534473,Pune,2BHK,Buy,3,5,1,0
3931,34,12100346,Delhi,2BHK,Rent,4,3,0,0
3932,59,2420129,Delhi,1BHK,Buy,1,5,0,0
3933,39,8349244,Bangalore,2BHK,Buy,9,8,0,0
3934,35,7906395,Mumbai,3BHK,Rent,11,2,1,0
3935,48,5802010,Mumbai,2BHK,Buy,21,4,1,1
3936,44,13213351,Delhi,1BHK,Buy,23,8,1,1
3937,28,6346048,Delhi,1BHK,Rent,19,5,0,1
3938,29,7412478,Pune,3BHK,Buy,21,8,0,1
3939,53,3880352,Delhi,2BHK,Buy,29,6,1,0
3940,53,7103555,Pune,3BHK,Rent,26,1,1,0
3941,39,10800838,Delhi,3BHK,Rent,20,5,0,1
3942,23,5743368,Mumbai,3BHK,Rent,7,2,1,0
3943,30,8775951,Bangalore,3BHK,Rent,5,7,0,0
3944,21,5448196,Delhi,2BHK,Rent,2,4,1,0
3945,49,11944929,Pune,1BHK,Rent,19,2,0,0
3946,54,13366267,Bangalore,1BHK,Buy,24,1,1,0
3947,33,5372438,Pune,2BHK,Rent,3,5,0,0
3948,21,6888362,Pune,3BHK,Rent,15,8,1,1
3949,54,9155057,Bangalore,2BHK,Rent,7,8,1,0
3950,49,5955544,Bangalore,3BHK,Buy,5,2,1,0
3951,33,6722104,Bangalore,3BHK,Buy,23,6,1,1
3952,49,14457906,Delhi,2BHK,Buy,10,7,1,0
3953,59,8978316,Bangalore,2BHK,Rent,9,1,1,0
3954,44,13658111,Delhi,3BHK,Buy,23,5,0,1
3955,46,10467351,Mumbai,3BHK,Buy,14,6,1,1
3956,37,10736394,Mumbai,3BHK,Buy,22,7,0,1
3957,27,4488883,Pune,3BHK,Buy,28,9,1,0
3958,33,10992754,Pune,2BHK,Rent,13,3,1,0
3959,25,7748413,Delhi,1BHK,Rent,1,8,0,0
3960,46,10342490,Pune,1BHK,Rent,16,3,0,0
3961,23,8478688,Mumbai,3BHK,Rent,20,9,0,1
3962,27,12413929,Delhi,1BHK,Rent,8,8,1,0
3963,59,11117535,Delhi,1BHK,Rent,17,9,1,1
3964,21,6313399,Bangalore,1BHK,Buy,6,5,0,0
3965,37,11997020,Delhi,1BHK,Rent,2,9,0,0
3966,45,2951399,Pune,1BHK,Rent,13,3,0,0
3967,23,8381906,Mumbai,1BHK,Rent,25,7,1,1
3968,35,14164293,Pune,3BHK,Rent,8,3,0,0
3969,49,11255211,Mumbai,3BHK,Rent,25,6,0,1
3970,52,4404710,Bangalore,3BHK,Buy,9,8,1,0
3971,46,14131695,Mumbai,2BHK,Buy,13,2,0,0
3972,36,9977128,Bangalore,1BHK,Buy,18,8,1,1
3973,45,4845653,Pune,1BHK,Buy,18,1,0,0
3974,48,5112959,Bangalore,2BHK,Buy,9,4,0,0
3975,29,6460745,Delhi,1BHK,Rent,2,7,0,0
3976,21,10387827,Delhi,3BHK,Buy,4,1,0,0
3977,49,14449436,Mumbai,3BHK,Buy,18,6,0,1
3978,42,9438784,Pune,2BHK,Rent,17,6,1,1
3979,36,12621840,Pune,3BHK,Buy,12,7,0,1
3980,27,10606493,Mumbai,2BHK,Buy,16,9,0,1
3981,34,14730804,Delhi,3BHK,Rent,13,7,0,1
3982,49,10853372,Bangalore,1BHK,Rent,11,3,0,0
3983,39,4250477,Mumbai,3BHK,Rent,14,4,1,0
3984,39,12908178,Bangalore,2BHK,Buy,10,1,0,0
3985,22,10980052,Bangalore,1BHK,Buy,23,5,1,1
3986,35,14301584,Pune,2BHK,Buy,28,7,1,1
3987,23,12481069,Delhi,1BHK,Rent,27,3,1,0
3988,31,6254567,Bangalore,1BHK,Buy,21,6,1,1
3989,50,6051156,Delhi,3BHK,Buy,19,3,0,0
3990,38,8914996,Pune,3BHK,Buy,24,4,1,1
3991,22,3167208,Mumbai,1BHK,Buy,21,5,0,0
3992,52,10201319,Mumbai,3BHK,Rent,17,6,1,1
3993,28,8308031,Pune,3BHK,Rent,9,6,1,0
3994,42,3322924,Pune,2BHK,Rent,14,1,1,0
3995,26,11449136,Bangalore,3BHK,Rent,5,8,1,0
3996,32,11957010,Pune,1BHK,Buy,3,3,1,0
3997,56,13617659,Mumbai,3BHK,Rent,22,4,0,1
3998,35,10046534,Delhi,1BHK,Buy,8,8,0,0
3999,48,7407824,Delhi,1BHK,Rent,18,5,0,1
4000,38,8976192,Delhi,2BHK,Rent,27,6,1,1
4001,22,3770020,Delhi,1BHK,Buy,3,1,1,0
4002,33,10531320,Pune,1BHK,Buy,23,8,0,1
4003,35,14871493,Pune,2BHK,Rent,2,5,1,0
4004,40,10515737,Delhi,1BHK,Buy,27,1,1,0
4005,49,11262721,Pune,2BHK,Rent,11,7,1,1
4006,49,14888437,Bangalore,1BHK,Buy,28,2,0,0
4007,23,10155012,Pune,3BHK,Rent,5,6,0,0
4008,39,2443172,Bangalore,2BHK,Rent,25,3,1,0
4009,23,11380638,Bangalore,2BHK,Rent,7,6,0,0
4010,34,10708706,Pune,1BHK,Rent,14,9,1,1
4011,24,14868957,Delhi,2BHK,Buy,29,6,0,1
4012,31,4022063,Bangalore,1BHK,Buy,19,1,0,0
4013,51,10149765,Pune,2BHK,Rent,2,6,0,0
4014,52,2757902,Mumbai,2BHK,Rent,26,3,0,0
4015,47,9163068,Delhi,3BHK,Rent,9,4,1,0
4016,50,14128527,Mumbai,1BHK,Buy,25,4,0,1
4017,22,2366099,Bangalore,3BHK,Rent,25,9,0,0
4018,29,7128012,Mumbai,2BHK,Buy,10,8,1,0
4019,48,6738347,Pune,1BHK,Buy,19,7,1,1
4020,51,9079981,Delhi,3BHK,Rent,17,5,0,1
4021,54,10644702,Bangalore,2BHK,Buy,25,4,1,1
4022,35,12319935,Pune,3BHK,Rent,7,3,0,0
4023,45,7527964,Delhi,2BHK,Rent,18,1,0,0
4024,56,14525186,Bangalore,2BHK,Buy,6,9,0,0
4025,28,6893704,Bangalore,1BHK,Buy,27,8,0,1
4026,29,7895882,Bangalore,1BHK,Rent,9,1,1,0
4027,57,7851605,Bangalore,1BHK,Buy,8,2,1,0
4028,59,14938025,Mumbai,2BHK,Buy,27,1,0,0
4029,52,7330605,Mumbai,3BHK,Buy,28,1,1,0
4030,37,9717960,Mumbai,1BHK,Rent,22,9,1,1
4031,55,6304979,Bangalore,1BHK,Rent,22,5,0,1
4032,57,14677178,Mumbai,1BHK,Buy,24,3,0,0
4033,39,7514260,Delhi,1BHK,Rent,9,2,0,0
4034,49,4956181,Bangalore,2BHK,Rent,24,8,0,0
4035,27,7458076,Delhi,3BHK,Buy,1,8,1,0
4036,48,8426430,Delhi,2BHK,Buy,2,6,0,0
4037,29,14879420,Mumbai,2BHK,Buy,22,2,0,0
4038,48,9971391,Bangalore,2BHK,Rent,24,1,1,0
4039,26,14573508,Mumbai,1BHK,Rent,4,6,0,0
4040,49,3016487,Mumbai,3BHK,Buy,28,1,0,0
4041,37,9696586,Mumbai,2BHK,Rent,20,6,1,1
4042,36,8434548,Bangalore,2BHK,Rent,29,2,1,0
4043,43,5728489,Bangalore,2BHK,Rent,18,7,0,1
4044,51,6435776,Mumbai,1BHK,Buy,10,2,0,0
4045,23,11609533,Delhi,1BHK,Rent,1,2,1,0
4046,41,12441909,Delhi,2BHK,Rent,10,6,0,0
4047,46,6494950,Bangalore,1BHK,Buy,9,4,1,0
4048,56,14598587,Pune,3BHK,Rent,23,6,1,1
4049,57,10281901,Mumbai,1BHK,Rent,25,8,0,1
4050,42,3126805,Mumbai,2BHK,Buy,13,3,1,0
4051,32,4804660,Pune,3BHK,Rent,15,5,0,0
4052,33,7594181,Bangalore,1BHK,Buy,18,5,1,1
4053,31,11657503,Delhi,2BHK,Rent,26,9,1,1
4054,36,3678575,Bangalore,3BHK,Rent,13,7,0,0
4055,28,9974410,Delhi,3BHK,Buy,5,9,0,0
4056,22,6025481,Delhi,3BHK,Buy,2,8,1,0
4057,50,8228462,Bangalore,1BHK,Buy,26,3,0,0
4058,50,10340134,Mumbai,3BHK,Rent,7,2,1,0
4059,32,9017718,Mumbai,1BHK,Rent,9,3,0,0
4060,30,13298657,Mumbai,2BHK,Buy,19,6,0,1
4061,31,8061598,Delhi,1BHK,Buy,14,4,0,1
4062,35,11491979,Mumbai,1BHK,Buy,17,1,0,0
4063,36,10297714,Delhi,2BHK,Rent,20,9,1,1
4064,37,7613163,Mumbai,1BHK,Rent,20,6,0,1
4065,46,2734543,Bangalore,1BHK,Buy,11,1,0,0
4066,22,14686757,Pune,2BHK,Rent,22,3,0,0
4067,32,3360706,Delhi,3BHK,Rent,5,1,0,0
4068,46,11349313,Bangalore,2BHK,Rent,12,9,0,1
4069,43,5987338,Delhi,3BHK,Buy,29,4,0,1
4070,38,5924248,Delhi,1BHK,Rent,21,2,0,0
4071,52,5399458,Bangalore,2BHK,Buy,9,4,1,0
4072,58,11640610,Mumbai,3BHK,Buy,29,2,1,0
4073,23,7060373,Delhi,1BHK,Buy,27,6,0,1
4074,58,5019684,Pune,1BHK,Buy,17,6,1,1
4075,23,12715093,Pune,1BHK,Buy,8,7,0,0
4076,50,13358815,Bangalore,3BHK,Buy,24,9,1,1
4077,21,14956130,Pune,3BHK,Rent,27,9,0,1
4078,50,6671212,Bangalore,3BHK,Buy,8,4,0,0
4079,52,12656711,Bangalore,1BHK,Rent,29,9,0,1
4080,48,2248595,Delhi,3BHK,Rent,12,8,1,0
4081,41,12340969,Bangalore,2BHK,Rent,29,1,0,0
4082,33,9968737,Bangalore,3BHK,Rent,19,7,0,1
4083,47,10194563,Mumbai,3BHK,Buy,10,7,0,0
4084,56,4276881,Delhi,1BHK,Rent,24,4,0,0
4085,27,9479602,Pune,2BHK,Buy,2,7,0,0
4086,42,8496195,Mumbai,2BHK,Buy,24,5,1,1
4087,30,7530131,Mumbai,2BHK,Rent,28,5,1,1
4088,59,2920200,Delhi,3BHK,Buy,8,5,1,0
4089,35,11228879,Delhi,1BHK,Rent,14,6,0,1
4090,35,14147865,Mumbai,3BHK,Buy,19,7,0,1
4091,24,11984869,Delhi,1BHK,Buy,4,5,0,0
4092,52,11426371,Delhi,2BHK,Buy,9,9,1,0
4093,43,14337210,Bangalore,3BHK,Rent,13,9,0,1
4094,26,4816300,Delhi,1BHK,Rent,9,7,1,0
4095,44,3178152,Bangalore,3BHK,Buy,26,3,0,0
4096,40,6204069,Mumbai,1BHK,Buy,13,4,0,1
4097,57,5523700,Mumbai,2BHK,Rent,25,4,1,1
4098,40,4107154,Pune,3BHK,Buy,16,7,0,0
4099,32,12221325,Delhi,2BHK,Rent,26,2,0,0
4100,53,3846398,Mumbai,3BHK,Rent,22,5,1,0
4101,48,4272660,Bangalore,3BHK,Rent,1,4,1,0
4102,28,7501326,Mumbai,1BHK,Rent,8,9,1,0
4103,21,2477698,Delhi,1BHK,Buy,29,1,0,0
4104,57,5132196,Pune,1BHK,Rent,9,3,0,0
4105,42,8537076,Pune,2BHK,Rent,24,6,1,1
4106,26,10919537,Mumbai,2BHK,Rent,13,4,1,1
4107,41,13961261,Pune,3BHK,Rent,17,3,0,0
4108,52,8723981,Delhi,1BHK,Buy,28,6,0,1
4109,55,5423496,Delhi,2BHK,Rent,22,3,0,0
4110,35,5155694,Pune,3BHK,Buy,25,7,0,1
4111,25,4317574,Bangalore,2BHK,Rent,9,1,0,0
4112,26,12485460,Pune,3BHK,Rent,7,9,1,0
4113,45,12450446,Pune,1BHK,Buy,23,2,0,0
4114,49,13125171,Mumbai,3BHK,Rent,20,4,0,1
4115,27,13244672,Bangalore,3BHK,Buy,23,6,1,1
4116,33,11442143,Pune,1BHK,Rent,10,6,1,0
4117,58,8187641,Mumbai,1BHK,Buy,21,8,0,1
4118,38,12798706,Mumbai,3BHK,Buy,27,8,0,1
4119,22,8346502,Mumbai,2BHK,Buy,26,4,0,1
4120,28,7232774,Delhi,1BHK,Buy,5,6,1,0
4121,31,12194737,Mumbai,3BHK,Buy,17,9,0,1
4122,53,3405313,Mumbai,1BHK,Rent,2,7,0,0
4123,58,12913070,Delhi,1BHK,Buy,9,8,0,0
4124,47,14228365,Delhi,2BHK,Buy,2,8,1,0
4125,40,6361502,Mumbai,1BHK,Rent,10,2,0,0
4126,32,6163121,Pune,3BHK,Buy,27,7,0,1
4127,51,6535484,Bangalore,3BHK,Rent,12,3,0,0
4128,47,9984653,Delhi,1BHK,Rent,2,7,0,0
4129,52,5686788,Bangalore,1BHK,Buy,15,2,1,0
4130,30,14500426,Delhi,2BHK,Buy,25,1,0,0
4131,23,4673383,Mumbai,2BHK,Buy,3,9,1,0
4132,47,2331012,Delhi,2BHK,Buy,2,1,1,0
4133,55,10387484,Mumbai,3BHK,Buy,7,1,1,0
4134,51,11066186,Bangalore,2BHK,Buy,28,3,0,0
4135,35,9289968,Pune,3BHK,Rent,9,1,0,0
4136,36,9659381,Mumbai,2BHK,Rent,11,7,0,1
4137,33,8951775,Bangalore,3BHK,Rent,29,7,1,1
4138,55,14796963,Bangalore,1BHK,Rent,22,8,0,1
4139,31,8729806,Delhi,3BHK,Buy,28,2,1,0
4140,41,10938770,Mumbai,1BHK,Buy,16,7,1,1
4141,31,4752447,Bangalore,3BHK,Rent,7,9,1,0
4142,50,6719893,Pune,3BHK,Buy,29,5,0,1
4143,55,3368737,Delhi,1BHK,Buy,13,3,0,0
4144,42,13751627,Delhi,3BHK,Rent,3,9,1,0
4145,58,13498456,Bangalore,3BHK,Rent,11,1,1,0
4146,51,6478903,Mumbai,2BHK,Rent,3,3,1,0
4147,34,13145232,Delhi,1BHK,Rent,15,2,0,0
4148,44,13853513,Mumbai,1BHK,Buy,8,2,1,0
4149,52,3551870,Bangalore,2BHK,Rent,7,3,0,0
4150,56,5335160,Bangalore,2BHK,Buy,5,7,0,0
4151,52,6186321,Mumbai,1BHK,Rent,6,6,1,0
4152,35,10289681,Pune,1BHK,Rent,25,9,0,1
4153,55,7275615,Delhi,1BHK,Rent,19,3,0,0
4154,23,9150669,Bangalore,2BHK,Buy,28,5,1,1
4155,36,11678391,Pune,2BHK,Buy,3,9,0,0
4156,25,8155343,Pune,3BHK,Buy,11,3,0,0
4157,41,3680913,Mumbai,2BHK,Buy,6,8,0,0
4158,30,6609231,Mumbai,3BHK,Rent,27,9,0,1
4159,39,10522886,Mumbai,3BHK,Rent,24,7,0,1
4160,45,11231329,Pune,2BHK,Rent,21,6,0,1
4161,24,2281097,Delhi,2BHK,Rent,14,6,0,0
4162,49,7605956,Mumbai,2BHK,Buy,17,6,1,1
4163,39,8550402,Delhi,2BHK,Rent,3,5,1,0
4164,22,4176082,Mumbai,1BHK,Rent,29,7,0,0
4165,30,8478444,Pune,2BHK,Rent,24,7,0,1
4166,45,5408939,Delhi,3BHK,Buy,4,7,1,0
4167,40,13847138,Delhi,3BHK,Buy,9,3,0,0
4168,39,13062213,Pune,1BHK,Buy,13,6,0,1
4169,43,6537229,Delhi,1BHK,Rent,6,9,0,0
4170,44,12626691,Pune,2BHK,Buy,10,9,0,0
4171,31,11649169,Pune,1BHK,Buy,20,4,1,1
4172,54,13399772,Bangalore,2BHK,Rent,20,9,1,1
4173,48,6952034,Mumbai,2BHK,Buy,26,2,0,0
4174,25,4458547,Bangalore,1BHK,Rent,21,8,1,0
4175,25,14079397,Pune,1BHK,Rent,13,2,0,0
4176,41,12936271,Pune,3BHK,Buy,23,5,1,1
4177,32,10306135,Delhi,1BHK,Rent,14,6,0,1
4178,24,10640050,Pune,1BHK,Rent,12,2,1,0
4179,40,5420690,Pune,1BHK,Rent,23,9,0,1
4180,58,3320055,Pune,3BHK,Rent,13,6,0,0
4181,45,2317152,Mumbai,2BHK,Buy,10,8,1,0
4182,34,14130369,Bangalore,3BHK,Rent,7,4,1,0
4183,31,6892812,Bangalore,1BHK,Buy,5,3,0,0
4184,52,9596477,Mumbai,1BHK,Rent,12,4,1,1
4185,31,14848633,Mumbai,1BHK,Rent,29,1,1,0
4186,38,2073916,Mumbai,2BHK,Rent,25,1,0,0
4187,47,10814749,Bangalore,3BHK,Rent,2,8,1,0
4188,38,12406557,Bangalore,3BHK,Rent,8,1,0,0
4189,43,14642226,Pune,2BHK,Rent,26,5,1,1
4190,31,8070517,Bangalore,3BHK,Rent,8,9,0,0
4191,41,6598615,Delhi,2BHK,Buy,19,3,0,0
4192,25,14172207,Bangalore,2BHK,Buy,5,2,1,0
4193,43,2609003,Mumbai,3BHK,Buy,8,5,0,0
4194,45,4333728,Bangalore,3BHK,Rent,10,2,0,0
4195,30,10445288,Pune,2BHK,Buy,13,1,1,0
4196,42,12438985,Bangalore,3BHK,Rent,9,9,0,0
4197,39,6700671,Mumbai,2BHK,Buy,7,9,1,0
4198,21,14257042,Delhi,3BHK,Buy,20,1,1,0
4199,27,13621446,Mumbai,3BHK,Rent,20,4,0,1
4200,24,13443927,Delhi,3BHK,Rent,19,5,1,1
4201,21,2018510,Pune,3BHK,Rent,11,2,1,0
4202,35,14120232,Pune,3BHK,Rent,8,9,0,0
4203,32,5460054,Bangalore,1BHK,Rent,22,9,1,1
4204,42,13036931,Pune,1BHK,Buy,16,9,0,1
4205,42,8982660,Pune,3BHK,Rent,10,8,1,0
4206,37,2936232,Mumbai,3BHK,Rent,6,6,0,0
4207,49,6948587,Mumbai,3BHK,Rent,10,1,1,0
4208,34,3968487,Bangalore,2BHK,Buy,10,5,0,0
4209,40,11974116,Bangalore,1BHK,Rent,25,8,0,1
4210,53,7475260,Bangalore,2BHK,Buy,27,4,1,1
4211,35,3419702,Bangalore,1BHK,Buy,19,8,0,0
4212,32,9793994,Mumbai,1BHK,Buy,4,6,0,0
4213,40,2052748,Bangalore,3BHK,Buy,19,1,0,0
4214,50,14379789,Bangalore,3BHK,Rent,3,1,1,0
4215,58,11499835,Pune,2BHK,Rent,17,3,0,0
4216,23,6097304,Bangalore,2BHK,Rent,14,1,1,0
4217,48,2028669,Delhi,3BHK,Rent,10,4,1,0
4218,46,13934834,Pune,3BHK,Buy,6,3,1,0
4219,50,12774443,Mumbai,1BHK,Buy,16,7,0,1
4220,33,3969387,Delhi,1BHK,Rent,9,9,1,0
4221,33,5949905,Bangalore,3BHK,Rent,21,7,0,1
4222,22,8986249,Pune,1BHK,Rent,12,5,1,1
4223,57,14816582,Bangalore,2BHK,Buy,12,1,1,0
4224,58,12256299,Pune,1BHK,Buy,28,5,1,1
4225,22,8317197,Bangalore,3BHK,Buy,14,1,0,0
4226,56,3201934,Delhi,1BHK,Rent,26,6,1,0
4227,46,10392207,Mumbai,3BHK,Buy,2,8,0,0
4228,31,11565697,Delhi,1BHK,Buy,10,7,0,0
4229,28,7008029,Delhi,2BHK,Buy,4,1,1,0
4230,42,13811869,Mumbai,2BHK,Rent,28,8,1,1
4231,40,4600017,Pune,3BHK,Buy,6,9,1,0
4232,28,11711646,Pune,3BHK,Rent,23,2,0,0
4233,49,10306411,Mumbai,3BHK,Rent,28,1,0,0
4234,46,4362351,Bangalore,1BHK,Rent,29,6,0,0
4235,50,2645452,Pune,1BHK,Buy,13,4,1,0
4236,37,3655443,Delhi,1BHK,Rent,23,7,0,0
4237,40,7347697,Mumbai,2BHK,Buy,14,3,0,0
4238,36,12490402,Delhi,3BHK,Buy,4,3,0,0
4239,27,7728790,Pune,1BHK,Rent,10,8,0,0
4240,36,11970793,Mumbai,2BHK,Rent,10,7,1,0
4241,47,3390688,Mumbai,3BHK,Rent,5,5,1,0
4242,43,14277989,Pune,2BHK,Buy,29,3,1,0
4243,44,9967090,Pune,3BHK,Rent,4,1,0,0
4244,29,10909923,Mumbai,1BHK,Buy,12,3,0,0
4245,55,3467836,Bangalore,2BHK,Rent,26,9,1,0
4246,40,5298771,Mumbai,2BHK,Buy,22,1,1,0
4247,57,3828918,Bangalore,2BHK,Rent,27,5,0,0
4248,37,9978503,Delhi,3BHK,Rent,14,4,0,1
4249,51,13127207,Bangalore,3BHK,Buy,7,6,0,0
4250,28,9338298,Bangalore,2BHK,Rent,2,2,1,0
4251,35,14346495,Pune,3BHK,Rent,14,4,0,1
4252,51,4170972,Mumbai,2BHK,Rent,10,9,0,0
4253,50,4730502,Delhi,1BHK,Rent,28,5,1,0
4254,40,7981441,Mumbai,2BHK,Buy,16,8,0,1
4255,59,10940372,Bangalore,2BHK,Buy,3,2,0,0
4256,32,8813573,Bangalore,3BHK,Buy,27,9,1,1
4257,37,13990235,Bangalore,3BHK,Buy,8,7,0,0
4258,50,14200687,Mumbai,3BHK,Buy,23,7,0,1
4259,49,12177641,Bangalore,1BHK,Rent,28,2,0,0
4260,39,3168931,Mumbai,1BHK,Buy,17,8,1,0
4261,31,5215775,Delhi,1BHK,Rent,4,9,1,0
4262,54,14724780,Delhi,3BHK,Buy,21,5,0,1
4263,27,7246761,Mumbai,2BHK,Rent,19,3,0,0
4264,54,4637108,Delhi,2BHK,Buy,15,3,0,0
4265,40,8523245,Pune,2BHK,Rent,20,6,1,1
4266,58,12513866,Bangalore,3BHK,Buy,26,1,0,0
4267,44,6942422,Bangalore,3BHK,Rent,10,9,1,0
4268,30,8945098,Bangalore,1BHK,Rent,10,6,0,0
4269,52,4023106,Pune,3BHK,Rent,23,9,1,0
4270,35,8613002,Bangalore,2BHK,Rent,24,3,1,0
4271,57,2366074,Mumbai,1BHK,Rent,12,3,0,0
4272,40,7221610,Bangalore,1BHK,Buy,9,7,1,0
4273,23,12372638,Mumbai,3BHK,Rent,15,7,0,1
4274,57,13783101,Delhi,1BHK,Rent,29,4,1,1
4275,28,10655259,Mumbai,1BHK,Rent,18,8,0,1
4276,43,2177375,Mumbai,3BHK,Buy,20,2,1,0
4277,31,5248280,Mumbai,1BHK,Rent,1,1,1,0
4278,28,13690075,Bangalore,2BHK,Rent,3,1,1,0
4279,49,7902232,Pune,3BHK,Buy,8,2,1,0
4280,50,4227666,Pune,2BHK,Buy,7,6,0,0
4281,30,7268410,Mumbai,2BHK,Rent,15,8,1,1
4282,59,12727108,Bangalore,2BHK,Rent,8,3,1,0
4283,48,8400553,Pune,2BHK,Buy,15,6,1,1
4284,56,12215277,Delhi,1BHK,Rent,27,8,1,1
4285,33,14503969,Delhi,1BHK,Rent,22,9,1,1
4286,52,7985507,Bangalore,3BHK,Rent,5,8,0,0
4287,56,5625153,Delhi,3BHK,Buy,12,7,0,1
4288,57,12977809,Delhi,2BHK,Rent,12,4,0,1
4289,46,3100620,Delhi,2BHK,Rent,26,3,1,0
4290,42,3008882,Pune,3BHK,Buy,9,7,0,0
4291,24,10519044,Delhi,3BHK,Buy,21,1,0,0
4292,51,6283667,Mumbai,3BHK,Buy,9,7,1,0
4293,38,12806721,Mumbai,3BHK,Rent,15,6,0,1
4294,58,12064510,Delhi,2BHK,Rent,15,3,1,0
4295,44,3619530,Mumbai,3BHK,Buy,29,3,0,0
4296,43,5565117,Pune,1BHK,Rent,20,2,0,0
4297,42,9797215,Bangalore,2BHK,Buy,12,1,0,0
4298,22,9239967,Mumbai,1BHK,Rent,5,5,0,0
4299,51,6600505,Delhi,3BHK,Rent,1,7,1,0
4300,31,13521713,Bangalore,1BHK,Rent,22,7,0,1
4301,48,13556861,Bangalore,3BHK,Rent,19,6,1,1
4302,52,13646629,Delhi,1BHK,Rent,11,6,1,1
4303,25,7343926,Mumbai,2BHK,Rent,26,7,0,1
4304,58,14620315,Pune,1BHK,Buy,18,8,1,1
4305,30,2397046,Mumbai,2BHK,Rent,6,5,1,0
4306,44,13459408,Mumbai,1BHK,Buy,17,1,1,0
4307,55,7374485,Pune,1BHK,Rent,14,7,1,1
4308,43,8010794,Bangalore,2BHK,Buy,12,2,0,0
4309,37,4249170,Pune,2BHK,Buy,25,5,1,0
4310,21,12771408,Pune,3BHK,Rent,5,7,1,0
4311,51,3683415,Delhi,2BHK,Rent,7,7,0,0
4312,51,5463587,Delhi,2BHK,Rent,27,9,1,1
4313,54,10023647,Mumbai,3BHK,Buy,26,5,1,1
4314,29,13459705,Delhi,2BHK,Rent,16,6,1,1
4315,42,14095479,Pune,2BHK,Rent,25,6,1,1
4316,33,2111597,Pune,1BHK,Rent,9,1,0,0
4317,45,6367226,Delhi,3BHK,Rent,29,7,0,1
4318,38,11799987,Delhi,3BHK,Buy,23,7,0,1
4319,32,4394019,Delhi,1BHK,Rent,15,4,1,0
4320,37,5836827,Pune,3BHK,Buy,4,4,0,0
4321,35,6979021,Bangalore,1BHK,Buy,20,6,0,1
4322,35,14579769,Bangalore,2BHK,Rent,23,3,1,0
4323,35,14064163,Delhi,3BHK,Rent,24,6,1,1
4324,59,7184837,Mumbai,2BHK,Buy,7,4,1,0
4325,33,6127741,Mumbai,3BHK,Rent,27,8,1,1
4326,37,12077832,Bangalore,2BHK,Buy,14,5,1,1
4327,52,12849044,Delhi,3BHK,Buy,26,8,0,1
4328,29,8098492,Pune,3BHK,Rent,4,9,1,0
4329,40,9719161,Mumbai,2BHK,Rent,4,4,1,0
4330,46,14931037,Mumbai,1BHK,Rent,24,1,1,0
4331,47,12259550,Pune,3BHK,Buy,28,7,0,1
4332,41,14461351,Pune,1BHK,Buy,14,7,1,1
4333,38,13281667,Delhi,1BHK,Rent,25,5,0,1
4334,33,9818014,Pune,1BHK,Rent,7,5,0,0
4335,36,2194202,Pune,1BHK,Buy,15,1,1,0
4336,29,6516025,Pune,1BHK,Buy,12,3,0,0
4337,32,14316664,Bangalore,1BHK,Rent,14,1,1,0
4338,58,13217988,Pune,3BHK,Buy,13,7,0,1
4339,39,4538309,Mumbai,1BHK,Rent,19,5,1,0
4340,27,3615620,Delhi,3BHK,Buy,12,4,1,0
4341,55,7847898,Delhi,3BHK,Rent,16,7,1,1
4342,38,8252551,Delhi,3BHK,Rent,26,9,0,1
4343,36,8712584,Bangalore,2BHK,Buy,16,6,0,1
4344,59,13319032,Mumbai,1BHK,Buy,1,9,0,0
4345,24,2300767,Pune,2BHK,Rent,15,6,0,0
4346,45,7044039,Mumbai,1BHK,Rent,5,9,1,0
4347,52,5978222,Delhi,2BHK,Rent,6,6,0,0
4348,33,14639602,Pune,3BHK,Rent,27,9,0,1
4349,37,11536164,Delhi,2BHK,Buy,25,3,0,0
4350,57,2517926,Delhi,3BHK,Rent,21,5,0,0
4351,26,8807173,Delhi,2BHK,Buy,17,5,0,1
4352,39,11310202,Mumbai,1BHK,Buy,11,8,0,1
4353,33,9647442,Mumbai,1BHK,Rent,27,7,0,1
4354,46,7068379,Delhi,2BHK,Buy,4,2,0,0
4355,34,8009321,Delhi,2BHK,Buy,18,2,0,0
4356,51,10844690,Pune,1BHK,Rent,20,7,1,1
4357,24,11816702,Delhi,2BHK,Rent,14,4,1,1
4358,59,8732446,Delhi,2BHK,Rent,23,6,1,1
4359,28,9807818,Delhi,1BHK,Rent,9,9,0,0
4360,45,5716714,Delhi,3BHK,Rent,28,4,1,1
4361,33,12749014,Mumbai,1BHK,Buy,3,7,1,0
4362,52,10241730,Delhi,1BHK,Rent,3,9,1,0
4363,58,2475197,Bangalore,2BHK,Rent,11,1,1,0
4364,58,3180034,Delhi,1BHK,Buy,20,2,1,0
4365,48,8218897,Mumbai,1BHK,Rent,23,9,1,1
4366,50,8506648,Bangalore,2BHK,Rent,22,5,1,1
4367,23,11679466,Bangalore,2BHK,Rent,5,4,0,0
4368,48,6163219,Delhi,3BHK,Buy,4,7,0,0
4369,23,12271417,Delhi,1BHK,Rent,12,5,0,1
4370,54,11271125,Mumbai,3BHK,Rent,24,1,1,0
4371,36,5104632,Bangalore,3BHK,Rent,12,9,0,1
4372,42,8267366,Bangalore,3BHK,Rent,4,8,0,0
4373,52,7484180,Mumbai,3BHK,Rent,3,3,1,0
4374,58,11460982,Delhi,1BHK,Buy,23,3,1,0
4375,28,11843965,Pune,1BHK,Rent,2,3,1,0
4376,28,12508787,Pune,1BHK,Rent,4,7,1,0
4377,26,10888860,Bangalore,3BHK,Rent,24,2,0,0
4378,34,8782303,Bangalore,2BHK,Rent,4,9,0,0
4379,52,8034943,Delhi,1BHK,Rent,26,4,1,1
4380,55,5715222,Pune,3BHK,Buy,28,7,1,1
4381,30,14641246,Bangalore,3BHK,Buy,7,8,1,0
4382,23,9674499,Delhi,3BHK,Rent,2,5,0,0
4383,32,4675059,Pune,3BHK,Rent,11,8,1,0
4384,51,7870704,Mumbai,3BHK,Buy,5,4,0,0
4385,49,2420091,Bangalore,3BHK,Buy,28,2,1,0
4386,25,13687988,Mumbai,1BHK,Buy,13,3,0,0
4387,45,2259201,Pune,2BHK,Rent,4,6,0,0
4388,51,13226947,Delhi,1BHK,Buy,9,6,1,0
4389,41,6067520,Delhi,1BHK,Rent,7,7,1,0
4390,40,6725326,Pune,3BHK,Rent,25,4,1,1
4391,59,3786936,Mumbai,1BHK,Buy,27,8,0,0
4392,42,14894405,Delhi,2BHK,Rent,29,8,0,1
4393,24,6333227,Bangalore,2BHK,Rent,13,7,1,1
4394,33,12542374,Mumbai,3BHK,Buy,10,3,1,0
4395,40,2203474,Mumbai,2BHK,Rent,7,3,0,0
4396,33,9081580,Bangalore,3BHK,Buy,18,2,1,0
4397,37,2126745,Pune,2BHK,Buy,28,7,1,0
4398,56,9529131,Delhi,2BHK,Buy,18,6,0,1
4399,53,10146837,Mumbai,1BHK,Rent,2,7,0,0
4400,21,3802572,Delhi,2BHK,Buy,21,2,0,0
4401,35,9320973,Delhi,3BHK,Buy,1,4,0,0
4402,33,8666013,Mumbai,2BHK,Rent,13,1,0,0
4403,37,5095039,Pune,2BHK,Buy,23,2,1,0
4404,44,13024555,Mumbai,1BHK,Rent,2,7,0,0
4405,28,11762259,Pune,3BHK,Rent,4,5,0,0
4406,47,13085547,Bangalore,3BHK,Buy,9,3,1,0
4407,43,10067034,Pune,3BHK,Buy,8,2,1,0
4408,28,2900794,Pune,1BHK,Rent,26,3,0,0
4409,28,3932457,Mumbai,2BHK,Buy,18,4,0,0
4410,46,3407539,Delhi,3BHK,Rent,16,5,0,0
4411,33,8068735,Delhi,2BHK,Buy,4,8,0,0
4412,59,12485566,Pune,2BHK,Rent,4,9,1,0
4413,57,7346492,Pune,2BHK,Buy,18,2,1,0
4414,48,8255735,Mumbai,1BHK,Buy,2,3,0,0
4415,45,6280424,Pune,2BHK,Rent,21,4,1,1
4416,36,7098145,Mumbai,1BHK,Buy,11,7,1,1
4417,22,2877350,Bangalore,1BHK,Buy,20,6,0,0
4418,38,10979496,Pune,1BHK,Rent,24,6,1,1
4419,37,13051896,Bangalore,3BHK,Rent,4,7,0,0
4420,50,7221227,Pune,1BHK,Rent,24,1,1,0
4421,59,10919716,Pune,3BHK,Buy,14,8,0,1
4422,33,2313678,Bangalore,1BHK,Buy,21,9,0,0
4423,52,3789087,Bangalore,1BHK,Rent,17,2,0,0
4424,49,13921671,Mumbai,1BHK,Rent,25,1,1,0
4425,50,10035168,Mumbai,1BHK,Buy,8,4,1,0
4426,38,4442716,Bangalore,2BHK,Rent,1,2,1,0
4427,33,3227103,Pune,2BHK,Rent,28,6,0,0
4428,41,11782816,Mumbai,1BHK,Rent,19,3,1,0
4429,50,12999556,Pune,2BHK,Buy,19,9,1,1
4430,41,8474961,Delhi,3BHK,Buy,21,8,0,1
4431,37,9426041,Mumbai,2BHK,Rent,7,7,0,0
4432,39,13224905,Mumbai,2BHK,Buy,1,7,0,0
4433,35,2533885,Mumbai,2BHK,Buy,1,7,1,0
4434,29,9400099,Delhi,1BHK,Rent,10,5,0,0
4435,30,3791456,Bangalore,3BHK,Buy,13,8,0,0
4436,51,12999719,Pune,1BHK,Rent,22,4,1,1
4437,43,14795908,Delhi,3BHK,Buy,5,5,1,0
4438,50,7093409,Bangalore,1BHK,Rent,12,3,1,0
4439,53,14033815,Mumbai,2BHK,Rent,28,3,0,0
4440,29,13519120,Bangalore,3BHK,Rent,29,2,0,0
4441,21,6606302,Bangalore,2BHK,Buy,3,5,1,0
4442,55,8867526,Bangalore,3BHK,Rent,29,2,0,0
4443,31,12453339,Pune,3BHK,Buy,19,4,0,1
4444,54,10050405,Bangalore,1BHK,Rent,4,1,1,0
4445,36,10237180,Bangalore,1BHK,Buy,15,2,1,0
4446,29,4598677,Bangalore,2BHK,Rent,13,1,0,0
4447,52,9195918,Bangalore,2BHK,Rent,11,2,1,0
4448,35,11247076,Delhi,3BHK,Buy,26,4,0,1
4449,32,13831822,Delhi,3BHK,Rent,2,1,1,0
4450,53,7328625,Bangalore,1BHK,Rent,29,6,1,1
4451,34,13424241,Bangalore,1BHK,Buy,9,1,0,0
4452,28,11671832,Bangalore,1BHK,Buy,29,3,0,0
4453,28,13649172,Mumbai,1BHK,Rent,12,2,0,0
4454,47,2106998,Bangalore,1BHK,Rent,4,2,1,0
4455,32,8341477,Bangalore,3BHK,Buy,26,4,0,1
4456,21,9802305,Delhi,3BHK,Rent,19,9,1,1
4457,31,6714714,Delhi,2BHK,Rent,10,3,0,0
4458,59,7373552,Delhi,3BHK,Buy,11,6,0,1
4459,51,10769311,Pune,1BHK,Rent,7,3,0,0
4460,37,10193300,Mumbai,3BHK,Rent,13,5,0,1
4461,53,8187459,Bangalore,3BHK,Buy,9,9,0,0
4462,52,6939179,Delhi,3BHK,Rent,12,3,0,0
4463,49,6618322,Pune,2BHK,Rent,29,8,0,1
4464,41,13218881,Bangalore,2BHK,Rent,2,6,0,0
4465,41,13087065,Bangalore,3BHK,Rent,22,8,1,1
4466,43,11917153,Delhi,3BHK,Rent,21,2,1,0
4467,26,11099790,Bangalore,1BHK,Buy,1,9,1,0
4468,42,8656289,Bangalore,2BHK,Rent,27,1,0,0
4469,58,10468899,Bangalore,1BHK,Rent,7,3,1,0
4470,57,6022610,Delhi,1BHK,Buy,1,4,1,0
4471,28,3739528,Pune,3BHK,Rent,26,6,0,0
4472,55,6774598,Bangalore,3BHK,Rent,25,4,0,1
4473,31,12380957,Pune,3BHK,Rent,16,2,1,0
4474,44,11017164,Bangalore,1BHK,Buy,4,3,1,0
4475,41,13846618,Delhi,1BHK,Rent,8,3,1,0
4476,22,13072446,Pune,1BHK,Buy,17,6,1,1
4477,39,2221163,Delhi,3BHK,Buy,21,5,0,0
4478,59,8086540,Mumbai,3BHK,Rent,19,5,0,1
4479,48,3897678,Bangalore,3BHK,Buy,4,4,1,0
4480,37,13659949,Mumbai,1BHK,Buy,28,4,1,1
4481,26,12587831,Mumbai,1BHK,Buy,4,9,1,0
4482,39,5650824,Mumbai,2BHK,Buy,8,7,1,0
4483,58,10499180,Bangalore,3BHK,Rent,10,8,0,0
4484,48,12624757,Delhi,1BHK,Rent,26,4,0,1
4485,22,8032419,Mumbai,2BHK,Rent,29,3,1,0
4486,58,8377844,Pune,1BHK,Rent,16,1,0,0
4487,57,13105767,Bangalore,1BHK,Buy,19,9,1,1
4488,24,8056929,Delhi,3BHK,Rent,1,9,1,0
4489,42,7030811,Delhi,2BHK,Rent,5,2,1,0
4490,46,11197671,Mumbai,1BHK,Buy,2,4,0,0
4491,56,6841712,Bangalore,2BHK,Rent,29,4,0,1
4492,33,8801256,Mumbai,2BHK,Buy,27,1,1,0
4493,52,2401099,Pune,3BHK,Rent,16,2,1,0
4494,37,6082940,Delhi,2BHK,Rent,13,8,0,1
4495,56,9910541,Delhi,3BHK,Rent,6,6,0,0
4496,39,3196845,Bangalore,3BHK,Buy,4,1,1,0
4497,55,3987214,Delhi,3BHK,Rent,25,7,1,0
4498,48,9708098,Bangalore,2BHK,Rent,7,7,1,0
4499,21,8325006,Mumbai,1BHK,Buy,2,6,1,0
4500,38,10665394,Pune,3BHK,Rent,23,8,0,1
4501,53,6083671,Bangalore,1BHK,Rent,10,5,0,0
4502,32,6161011,Mumbai,2BHK,Buy,14,2,0,0
4503,28,13116141,Pune,1BHK,Buy,8,4,0,0
4504,44,10806407,Delhi,1BHK,Rent,3,8,0,0
4505,36,5763901,Pune,3BHK,Buy,3,8,0,0
4506,24,6798130,Pune,3BHK,Buy,27,5,1,1
4507,58,6518462,Pune,3BHK,Buy,2,6,0,0
4508,47,4903107,Delhi,2BHK,Rent,28,9,1,0
4509,29,14955341,Bangalore,1BHK,Rent,17,2,0,0
4510,36,9017359,Bangalore,2BHK,Buy,19,5,0,1
4511,32,6284933,Pune,2BHK,Buy,10,9,0,0
4512,51,8278262,Mumbai,2BHK,Rent,12,3,0,0
4513,44,14042040,Mumbai,2BHK,Buy,27,6,1,1
4514,34,4436126,Pune,3BHK,Buy,23,4,1,0
4515,45,11744866,Pune,1BHK,Rent,11,4,1,1
4516,54,12795214,Mumbai,3BHK,Rent,9,3,0,0
4517,23,3163842,Pune,3BHK,Rent,25,1,0,0
4518,44,7431242,Pune,2BHK,Buy,13,8,0,1
4519,29,6641154,Bangalore,3BHK,Buy,6,5,1,0
4520,46,4896283,Bangalore,1BHK,Buy,14,2,1,0
4521,40,6273487,Pune,2BHK,Rent,22,1,0,0
4522,30,10448890,Pune,3BHK,Buy,11,1,0,0
4523,39,12544009,Delhi,2BHK,Rent,5,4,1,0
4524,23,7805344,Bangalore,1BHK,Rent,2,4,0,0
4525,44,2123844,Pune,2BHK,Buy,7,6,1,0
4526,25,8658187,Delhi,3BHK,Rent,17,7,0,1
4527,23,4431275,Delhi,3BHK,Buy,6,1,1,0
4528,47,8894604,Delhi,1BHK,Buy,14,2,1,0
4529,36,12460587,Delhi,1BHK,Rent,4,3,1,0
4530,35,5937080,Bangalore,2BHK,Buy,3,9,1,0
4531,55,8276959,Delhi,3BHK,Rent,11,4,1,1
4532,32,10382863,Bangalore,1BHK,Rent,29,6,0,1
4533,46,4921580,Delhi,1BHK,Rent,1,2,0,0
4534,54,9744996,Delhi,3BHK,Buy,14,2,1,0
4535,43,8647671,Mumbai,1BHK,Buy,6,2,1,0
4536,51,9200622,Bangalore,1BHK,Buy,29,5,0,1
4537,40,6650699,Mumbai,3BHK,Rent,23,9,1,1
4538,32,9392788,Mumbai,1BHK,Rent,27,6,1,1
4539,43,8079547,Delhi,3BHK,Buy,17,9,1,1
4540,24,12878996,Bangalore,3BHK,Rent,27,6,1,1
4541,43,11300842,Pune,2BHK,Buy,17,9,0,1
4542,21,6176116,Delhi,3BHK,Buy,23,5,0,1
4543,45,14581960,Bangalore,1BHK,Buy,11,1,0,0
4544,22,5024320,Mumbai,2BHK,Buy,28,6,0,1
4545,50,13295417,Bangalore,2BHK,Rent,22,4,1,1
4546,23,4296397,Delhi,1BHK,Buy,7,9,0,0
4547,41,3547840,Bangalore,2BHK,Rent,13,6,0,0
4548,45,11522517,Mumbai,1BHK,Rent,8,1,0,0
4549,40,14229921,Bangalore,2BHK,Buy,8,6,1,0
4550,42,14855863,Bangalore,1BHK,Buy,9,3,1,0
4551,41,3000778,Mumbai,3BHK,Rent,29,3,0,0
4552,53,13260933,Delhi,3BHK,Buy,25,7,0,1
4553,58,4998277,Pune,2BHK,Rent,7,2,1,0
4554,35,10904851,Mumbai,2BHK,Rent,25,9,1,1
4555,35,9188884,Mumbai,3BHK,Rent,22,9,0,1
4556,45,7738753,Delhi,1BHK,Rent,9,7,0,0
4557,41,10927961,Delhi,2BHK,Buy,11,9,0,1
4558,44,8639070,Bangalore,3BHK,Buy,2,6,1,0
4559,25,4111577,Mumbai,2BHK,Buy,27,9,0,0
4560,26,4896695,Bangalore,3BHK,Rent,18,2,0,0
4561,43,7414751,Bangalore,3BHK,Buy,22,5,0,1
4562,24,8869001,Delhi,3BHK,Rent,3,6,0,0
4563,47,6056150,Delhi,1BHK,Rent,18,6,0,1
4564,38,7959417,Bangalore,2BHK,Rent,16,4,1,1
4565,41,3962821,Mumbai,1BHK,Buy,8,4,1,0
4566,48,4440342,Mumbai,1BHK,Buy,23,5,1,0
4567,55,7775984,Bangalore,3BHK,Rent,8,6,1,0
4568,42,7713949,Pune,1BHK,Buy,6,8,1,0
4569,43,10390783,Pune,2BHK,Rent,25,1,1,0
4570,23,11710669,Delhi,2BHK,Buy,25,8,1,1
4571,30,4947492,Mumbai,3BHK,Buy,2,2,1,0
4572,45,14215350,Bangalore,3BHK,Buy,16,7,1,1
4573,28,13988447,Bangalore,2BHK,Rent,26,4,0,1
4574,31,14118320,Mumbai,2BHK,Buy,21,8,0,1
4575,25,4286113,Delhi,3BHK,Buy,9,6,1,0
4576,57,14928171,Delhi,1BHK,Rent,19,5,1,1
4577,58,12778098,Pune,2BHK,Buy,21,5,0,1
4578,49,5607838,Mumbai,3BHK,Rent,15,4,0,1
4579,25,13618694,Mumbai,3BHK,Buy,24,3,0,0
4580,29,13899028,Bangalore,2BHK,Rent,2,3,1,0
4581,22,10015119,Mumbai,3BHK,Rent,15,3,0,0
4582,21,2558867,Pune,2BHK,Buy,22,7,1,0
4583,50,7339434,Mumbai,3BHK,Rent,11,8,1,1
4584,31,4769067,Bangalore,3BHK,Rent,20,8,0,0
4585,48,8865521,Pune,1BHK,Buy,12,2,1,0
4586,32,7642002,Bangalore,3BHK,Buy,15,3,0,0
4587,59,2040751,Mumbai,2BHK,Buy,16,2,0,0
4588,46,3249247,Delhi,2BHK,Buy,28,6,0,0
4589,33,7351630,Mumbai,1BHK,Rent,6,3,0,0
4590,28,13608516,Mumbai,2BHK,Rent,3,6,0,0
4591,48,9054730,Bangalore,3BHK,Buy,6,4,0,0
4592,50,14787662,Delhi,1BHK,Buy,23,6,0,1
4593,29,5179249,Mumbai,2BHK,Buy,26,3,0,0
4594,59,13021612,Pune,3BHK,Buy,3,5,1,0
4595,51,11018051,Pune,1BHK,Rent,21,8,0,1
4596,41,2988144,Bangalore,3BHK,Rent,13,3,1,0
4597,54,8711971,Bangalore,2BHK,Rent,12,9,0,1
4598,51,11428143,Delhi,2BHK,Rent,8,9,1,0
4599,45,7684054,Bangalore,2BHK,Rent,2,7,0,0
4600,32,4284302,Delhi,2BHK,Buy,7,8,1,0
4601,21,13885227,Mumbai,1BHK,Buy,29,9,1,1
4602,42,2797634,Pune,2BHK,Rent,17,1,1,0
4603,57,2371551,Pune,1BHK,Rent,7,7,1,0
4604,21,12396873,Pune,1BHK,Buy,1,3,0,0
4605,21,6169895,Bangalore,3BHK,Rent,4,6,1,0
4606,41,12096229,Bangalore,2BHK,Rent,15,9,1,1
4607,35,13624533,Mumbai,3BHK,Rent,4,8,0,0
4608,37,11479821,Bangalore,3BHK,Rent,12,2,1,0
4609,42,14030800,Delhi,3BHK,Buy,16,4,0,1
4610,58,9364308,Pune,3BHK,Rent,21,5,0,1
4611,55,12304562,Mumbai,3BHK,Rent,18,6,1,1
4612,36,8208623,Delhi,2BHK,Rent,14,7,0,1
4613,28,6007374,Delhi,3BHK,Rent,14,4,0,1
4614,37,2155647,Bangalore,1BHK,Rent,28,4,0,0
4615,37,13968953,Bangalore,1BHK,Buy,11,5,1,1
4616,46,7977664,Pune,2BHK,Buy,28,9,1,1
4617,33,11566710,Mumbai,1BHK,Buy,16,9,1,1
4618,37,14042059,Delhi,3BHK,Rent,15,1,1,0
4619,58,10850441,Bangalore,1BHK,Rent,22,5,1,1
4620,37,14461289,Bangalore,3BHK,Buy,6,5,0,0
4621,34,7244412,Mumbai,2BHK,Buy,24,7,0,1
4622,26,13005278,Mumbai,1BHK,Rent,13,8,1,1
4623,55,13637002,Bangalore,1BHK,Rent,26,3,1,0
4624,34,3754741,Bangalore,1BHK,Buy,28,1,0,0
4625,28,3130127,Pune,2BHK,Rent,17,2,0,0
4626,35,8460284,Mumbai,2BHK,Rent,4,6,0,0
4627,47,14130504,Delhi,1BHK,Buy,12,6,1,1
4628,33,7094733,Bangalore,2BHK,Rent,18,5,0,1
4629,51,6924306,Bangalore,3BHK,Rent,27,5,1,1
4630,55,2951710,Bangalore,2BHK,Rent,8,9,1,0
4631,26,6307427,Bangalore,1BHK,Buy,12,7,0,1
4632,25,13216308,Pune,3BHK,Rent,4,6,0,0
4633,42,13427814,Mumbai,1BHK,Rent,8,7,1,0
4634,43,9739637,Bangalore,1BHK,Buy,29,3,1,0
4635,45,8920343,Mumbai,1BHK,Rent,2,7,0,0
4636,54,10205703,Delhi,2BHK,Rent,29,3,0,0
4637,46,5514734,Delhi,1BHK,Rent,4,8,1,0
4638,25,3297327,Delhi,3BHK,Buy,12,9,0,0
4639,46,6011577,Delhi,3BHK,Buy,25,3,1,0
4640,40,11224277,Mumbai,3BHK,Rent,21,7,0,1
4641,26,11059382,Delhi,1BHK,Buy,22,8,0,1
4642,26,11565817,Delhi,3BHK,Buy,10,3,1,0
4643,38,11254905,Bangalore,3BHK,Buy,15,6,0,1
4644,24,12078653,Bangalore,3BHK,Buy,28,7,0,1
4645,37,6780651,Bangalore,3BHK,Buy,9,4,1,0
4646,34,2311294,Pune,2BHK,Buy,9,6,1,0
4647,34,3613955,Bangalore,1BHK,Buy,7,7,0,0
4648,33,4301348,Delhi,1BHK,Buy,27,7,1,0
4649,27,8292359,Mumbai,3BHK,Buy,2,1,0,0
4650,35,7034971,Delhi,1BHK,Rent,7,2,1,0
4651,39,13327534,Mumbai,3BHK,Buy,9,1,1,0
4652,55,7278452,Delhi,3BHK,Buy,18,9,1,1
4653,37,14338378,Pune,3BHK,Rent,23,7,0,1
4654,55,12257668,Bangalore,1BHK,Rent,12,7,0,1
4655,39,6543511,Delhi,2BHK,Rent,7,3,0,0
4656,40,5068689,Bangalore,1BHK,Rent,19,5,1,1
4657,56,4519379,Pune,1BHK,Buy,22,2,1,0
4658,55,14486604,Pune,2BHK,Buy,24,5,0,1
4659,52,6247837,Bangalore,1BHK,Buy,16,8,0,1
4660,44,8153301,Bangalore,2BHK,Rent,26,3,1,0
4661,37,3168964,Mumbai,3BHK,Buy,8,4,0,0
4662,27,8058014,Bangalore,2BHK,Buy,19,8,0,1
4663,21,11183671,Bangalore,3BHK,Rent,6,2,0,0
4664,55,9594968,Mumbai,2BHK,Rent,2,1,1,0
4665,52,13621724,Delhi,3BHK,Rent,2,3,0,0
4666,56,7891966,Mumbai,1BHK,Rent,29,2,1,0
4667,33,7837211,Delhi,2BHK,Rent,8,2,0,0
4668,26,6129295,Delhi,1BHK,Buy,27,4,0,1
4669,34,10024373,Delhi,3BHK,Rent,10,6,1,0
4670,57,5967924,Mumbai,2BHK,Rent,21,5,1,1
4671,35,5902859,Mumbai,2BHK,Buy,21,4,1,1
4672,24,6184737,Pune,2BHK,Buy,11,8,0,1
4673,36,8944758,Delhi,1BHK,Buy,20,5,0,1
4674,48,6307380,Mumbai,3BHK,Rent,27,2,0,0
4675,36,14157631,Pune,1BHK,Rent,26,4,0,1
4676,24,4818710,Delhi,2BHK,Buy,20,7,0,0
4677,46,5957100,Mumbai,3BHK,Buy,24,4,0,1
4678,48,13379610,Mumbai,3BHK,Rent,3,6,1,0
4679,52,11508976,Mumbai,1BHK,Buy,27,2,1,0
4680,22,12907408,Bangalore,1BHK,Buy,16,9,0,1
4681,51,9348399,Pune,2BHK,Buy,3,4,1,0
4682,23,9050417,Mumbai,2BHK,Buy,8,1,1,0
4683,28,11183613,Bangalore,2BHK,Rent,19,3,0,0
4684,44,5282178,Pune,2BHK,Rent,12,7,1,1
4685,35,7911740,Pune,3BHK,Rent,18,9,0,1
4686,51,14910897,Bangalore,2BHK,Buy,13,6,1,1
4687,29,3594745,Pune,2BHK,Rent,11,4,0,0
4688,59,7949782,Bangalore,2BHK,Rent,29,2,1,0
4689,22,6783877,Delhi,1BHK,Buy,13,9,1,1
4690,28,7302427,Mumbai,1BHK,Buy,21,8,0,1
4691,27,8954038,Bangalore,1BHK,Rent,27,7,0,1
4692,59,9347965,Pune,2BHK,Buy,3,2,1,0
4693,36,11153735,Pune,3BHK,Buy,6,2,0,0
4694,55,7865874,Delhi,2BHK,Rent,27,8,1,1
4695,50,12957413,Delhi,1BHK,Rent,23,9,0,1
4696,30,8167324,Delhi,1BHK,Rent,3,9,1,0
4697,58,13356782,Delhi,2BHK,Buy,25,8,1,1
4698,38,14904201,Delhi,3BHK,Buy,26,1,0,0
4699,25,8466138,Mumbai,3BHK,Buy,1,5,0,0
4700,49,3368240,Bangalore,3BHK,Buy,14,7,1,0
4701,59,7771712,Delhi,1BHK,Buy,23,6,0,1
4702,54,7202662,Delhi,1BHK,Buy,20,1,1,0
4703,43,13327004,Mumbai,3BHK,Rent,7,6,0,0
4704,25,13737018,Bangalore,2BHK,Rent,25,4,0,1
4705,50,12322670,Delhi,3BHK,Buy,9,3,0,0
4706,26,3991524,Bangalore,2BHK,Rent,1,4,0,0
4707,24,9557086,Bangalore,1BHK,Rent,10,8,1,0
4708,49,9827327,Mumbai,1BHK,Rent,13,6,0,1
4709,43,7168394,Mumbai,1BHK,Buy,12,9,1,1
4710,26,5563733,Delhi,3BHK,Rent,4,5,1,0
4711,52,8686289,Pune,3BHK,Rent,7,9,1,0
4712,38,14842623,Mumbai,1BHK,Buy,10,4,0,0
4713,35,11013730,Bangalore,1BHK,Buy,22,4,1,1
4714,52,4137154,Bangalore,1BHK,Buy,25,6,1,0
4715,29,10644157,Delhi,3BHK,Rent,29,7,0,1
4716,57,12180232,Delhi,3BHK,Rent,7,2,0,0
4717,30,2374994,Delhi,1BHK,Rent,15,4,1,0
4718,40,3702875,Bangalore,3BHK,Buy,19,8,0,0
4719,26,8937292,Mumbai,3BHK,Buy,7,9,1,0
4720,23,6149285,Pune,3BHK,Buy,26,5,1,1
4721,31,9371818,Mumbai,3BHK,Rent,14,6,1,1
4722,37,9807604,Pune,1BHK,Rent,21,7,1,1
4723,52,3778650,Mumbai,1BHK,Rent,14,7,0,0
4724,24,9407293,Delhi,3BHK,Buy,18,3,1,0
4725,24,13814957,Bangalore,1BHK,Buy,10,2,0,0
4726,37,4799045,Pune,1BHK,Rent,3,8,0,0
4727,39,10292005,Mumbai,1BHK,Rent,6,9,1,0
4728,25,14853552,Bangalore,2BHK,Rent,29,8,1,1
4729,52,11557706,Pune,1BHK,Buy,22,8,1,1
4730,42,14988398,Pune,1BHK,Rent,23,2,0,0
4731,26,13217128,Bangalore,3BHK,Buy,22,4,0,1
4732,55,12768628,Delhi,3BHK,Rent,9,6,0,0
4733,42,8584016,Bangalore,2BHK,Rent,14,8,1,1
4734,21,6668710,Delhi,2BHK,Rent,21,2,1,0
4735,40,3649478,Mumbai,1BHK,Rent,21,8,1,0
4736,42,11530750,Mumbai,1BHK,Rent,24,1,0,0
4737,31,8177792,Bangalore,3BHK,Rent,8,6,0,0
4738,33,13661528,Delhi,1BHK,Rent,1,8,1,0
4739,23,9883679,Mumbai,1BHK,Rent,3,8,1,0
4740,29,6596218,Delhi,1BHK,Rent,29,7,0,1
4741,32,7444344,Delhi,1BHK,Rent,22,7,1,1
4742,43,7991303,Delhi,1BHK,Buy,6,9,1,0
4743,34,7151300,Bangalore,1BHK,Buy,1,2,1,0
4744,53,14002333,Delhi,1BHK,Rent,18,1,0,0
4745,38,5262983,Bangalore,1BHK,Rent,10,2,0,0
4746,29,9907184,Mumbai,3BHK,Buy,23,3,1,0
4747,43,14415250,Mumbai,2BHK,Buy,17,9,0,1
4748,30,14620267,Pune,1BHK,Buy,26,7,0,1
4749,39,11474874,Pune,3BHK,Rent,21,5,1,1
4750,25,5576758,Mumbai,1BHK,Rent,1,5,1,0
4751,43,5832733,Delhi,1BHK,Rent,22,6,1,1
4752,50,2740174,Delhi,2BHK,Rent,23,2,1,0
4753,45,2203811,Mumbai,3BHK,Buy,8,1,1,0
4754,48,3629494,Mumbai,1BHK,Buy,29,1,0,0
4755,54,6373547,Pune,2BHK,Buy,12,3,0,0
4756,45,11983130,Delhi,2BHK,Buy,19,1,0,0
4757,30,7762637,Mumbai,1BHK,Rent,14,9,0,1
4758,34,14860853,Pune,1BHK,Buy,19,5,0,1
4759,50,13330991,Pune,3BHK,Buy,27,9,1,1
4760,45,13914781,Delhi,3BHK,Rent,17,5,1,1
4761,34,9045158,Pune,1BHK,Rent,28,1,1,0
4762,55,8256878,Pune,1BHK,Rent,16,7,1,1
4763,54,7557260,Bangalore,2BHK,Buy,19,7,0,1
4764,30,2530553,Mumbai,3BHK,Buy,5,4,1,0
4765,55,7763215,Delhi,1BHK,Rent,22,3,1,0
4766,31,5795627,Mumbai,1BHK,Rent,19,1,1,0
4767,31,3251782,Bangalore,3BHK,Rent,4,7,1,0
4768,41,4066799,Delhi,1BHK,Rent,5,5,1,0
4769,41,10835318,Mumbai,2BHK,Buy,5,1,0,0
4770,42,13518716,Pune,2BHK,Rent,25,1,1,0
4771,27,3730934,Delhi,1BHK,Buy,24,3,0,0
4772,37,7334306,Bangalore,3BHK,Rent,1,3,0,0
4773,22,13497678,Pune,2BHK,Rent,18,2,1,0
4774,32,12416027,Bangalore,3BHK,Buy,28,8,0,1
4775,38,3456098,Pune,3BHK,Rent,15,8,0,0
4776,31,13712753,Mumbai,3BHK,Rent,21,6,1,1
4777,36,5288685,Mumbai,2BHK,Rent,28,5,0,1
4778,38,14168305,Mumbai,2BHK,Buy,19,6,0,1
4779,55,14114221,Bangalore,1BHK,Buy,23,1,1,0
4780,46,6070675,Delhi,3BHK,Rent,14,2,1,0
4781,36,10485983,Mumbai,2BHK,Rent,27,7,1,1
4782,26,3819941,Bangalore,2BHK,Buy,6,1,0,0
4783,32,5949244,Pune,1BHK,Buy,18,8,0,1
4784,33,5497319,Mumbai,2BHK,Buy,8,3,0,0
4785,24,4189465,Pune,2BHK,Rent,5,4,0,0
4786,59,13306553,Mumbai,2BHK,Rent,22,7,1,1
4787,22,10468902,Pune,1BHK,Rent,8,7,1,0
4788,46,9925651,Bangalore,1BHK,Rent,29,2,0,0
4789,47,12580817,Mumbai,3BHK,Buy,6,5,0,0
4790,47,4248753,Bangalore,2BHK,Buy,10,8,0,0
4791,35,14248270,Bangalore,1BHK,Buy,3,9,0,0
4792,28,2383829,Pune,1BHK,Rent,13,5,1,0
4793,27,14557170,Mumbai,1BHK,Buy,7,2,0,0
4794,32,9436949,Delhi,3BHK,Rent,4,4,1,0
4795,33,11931316,Delhi,3BHK,Buy,13,5,1,1
4796,37,8584532,Bangalore,3BHK,Rent,6,6,1,0
4797,37,12464321,Pune,3BHK,Rent,16,6,0,1
4798,56,7506932,Pune,3BHK,Buy,22,1,1,0
4799,41,3022762,Pune,2BHK,Buy,27,6,1,0
4800,28,8798161,Mumbai,2BHK,Buy,21,1,0,0
4801,25,2554700,Mumbai,1BHK,Buy,29,5,0,0
4802,46,10210174,Pune,3BHK,Buy,1,7,1,0
4803,36,6448232,Delhi,3BHK,Buy,24,8,0,1
4804,56,11649288,Delhi,1BHK,Rent,13,5,0,1
4805,48,14585840,Mumbai,2BHK,Buy,26,2,0,0
4806,49,2851590,Pune,3BHK,Rent,2,3,0,0
4807,32,3210280,Delhi,3BHK,Rent,20,7,1,0
4808,57,2032309,Delhi,3BHK,Rent,29,4,1,0
4809,50,2040449,Mumbai,2BHK,Buy,28,1,0,0
4810,43,12129439,Mumbai,2BHK,Buy,19,3,1,0
4811,36,8908801,Delhi,3BHK,Buy,6,2,1,0
4812,34,10093543,Pune,3BHK,Buy,11,9,1,1
4813,30,13906545,Delhi,1BHK,Buy,17,1,1,0
4814,27,4602226,Delhi,1BHK,Buy,9,9,0,0
4815,57,6793485,Pune,2BHK,Rent,5,5,0,0
4816,49,3504915,Mumbai,1BHK,Rent,5,6,0,0
4817,23,13297368,Pune,3BHK,Rent,16,6,1,1
4818,35,6868073,Pune,2BHK,Rent,4,6,0,0
4819,56,9134855,Pune,1BHK,Rent,20,9,0,1
4820,39,8214846,Pune,2BHK,Buy,29,9,0,1
4821,33,5344301,Mumbai,3BHK,Buy,13,7,1,1
4822,41,8528148,Delhi,1BHK,Rent,17,3,1,0
4823,57,9174742,Bangalore,1BHK,Rent,9,7,1,0
4824,47,13560351,Mumbai,1BHK,Rent,25,5,1,1
4825,49,11925127,Pune,3BHK,Buy,13,9,1,1
4826,40,6568798,Delhi,2BHK,Buy,16,8,0,1
4827,45,3901412,Delhi,1BHK,Buy,20,6,0,0
4828,26,2116751,Pune,2BHK,Buy,10,5,1,0
4829,56,12142825,Mumbai,2BHK,Buy,10,2,0,0
4830,22,10294682,Pune,2BHK,Buy,20,3,0,0
4831,42,12121576,Delhi,3BHK,Buy,28,3,0,0
4832,52,11727633,Delhi,3BHK,Rent,16,4,0,1
4833,36,5200034,Mumbai,1BHK,Rent,23,3,1,0
4834,38,4316400,Bangalore,1BHK,Buy,20,7,0,0
4835,25,3169715,Pune,2BHK,Rent,1,6,1,0
4836,56,9882638,Bangalore,2BHK,Buy,11,8,1,1
4837,50,9484350,Delhi,2BHK,Rent,13,2,1,0
4838,39,5048500,Bangalore,3BHK,Buy,25,2,1,0
4839,43,9623760,Pune,3BHK,Buy,18,1,0,0
4840,54,13257447,Pune,1BHK,Rent,5,5,1,0
4841,33,7782337,Delhi,2BHK,Buy,4,7,0,0
4842,49,7268848,Mumbai,2BHK,Rent,24,9,0,1
4843,56,6069617,Mumbai,3BHK,Buy,6,5,1,0
4844,42,8496286,Delhi,1BHK,Rent,15,1,1,0
4845,56,8151996,Pune,2BHK,Buy,23,3,1,0
4846,29,5785407,Mumbai,2BHK,Rent,2,8,1,0
4847,59,7305377,Bangalore,1BHK,Buy,4,3,1,0
4848,39,14063986,Delhi,2BHK,Rent,14,7,0,1
4849,58,7079990,Bangalore,3BHK,Rent,4,3,0,0
4850,26,7835522,Pune,1BHK,Rent,28,2,1,0
4851,35,4133520,Mumbai,2BHK,Rent,29,6,1,0
4852,40,6238413,Pune,2BHK,Buy,18,2,1,0
4853,29,10338125,Bangalore,3BHK,Rent,26,5,1,1
4854,52,3237293,Pune,3BHK,Buy,20,5,1,0
4855,24,11363109,Pune,3BHK,Buy,16,5,1,1
4856,38,10416034,Delhi,2BHK,Buy,9,6,0,0
4857,25,2904064,Delhi,2BHK,Buy,8,3,0,0
4858,40,7806191,Pune,2BHK,Buy,11,5,1,1
4859,43,9792515,Delhi,1BHK,Buy,14,8,1,1
4860,31,4610320,Pune,3BHK,Buy,17,4,1,0
4861,57,14429979,Bangalore,1BHK,Buy,13,5,1,1
4862,42,11365337,Delhi,3BHK,Rent,8,1,0,0
4863,24,2671367,Pune,2BHK,Rent,14,1,0,0
4864,49,7846945,Delhi,1BHK,Buy,11,8,1,1
4865,54,12530618,Pune,1BHK,Rent,9,2,0,0
4866,33,4011153,Delhi,3BHK,Rent,8,7,1,0
4867,29,5497914,Mumbai,1BHK,Buy,14,7,0,1
4868,51,7063834,Pune,1BHK,Rent,15,9,0,1
4869,27,14078863,Mumbai,2BHK,Rent,26,1,1,0
4870,24,2456185,Pune,3BHK,Rent,1,2,1,0
4871,39,10237415,Mumbai,1BHK,Buy,24,1,0,0
4872,50,11478475,Pune,2BHK,Buy,12,1,0,0
4873,51,3087381,Delhi,1BHK,Rent,5,4,0,0
4874,55,3147407,Mumbai,2BHK,Buy,25,8,0,0
4875,41,4246667,Delhi,1BHK,Buy,14,8,0,0
4876,51,2009290,Pune,2BHK,Rent,25,9,1,0
4877,39,7588658,Delhi,2BHK,Rent,22,2,1,0
4878,51,12242688,Pune,3BHK,Rent,16,7,0,1
4879,52,11218330,Delhi,2BHK,Rent,19,4,0,1
4880,22,6279490,Mumbai,1BHK,Buy,28,3,0,0
4881,30,3850123,Pune,2BHK,Buy,16,4,1,0
4882,22,3578013,Delhi,2BHK,Buy,7,4,1,0
4883,22,13314184,Pune,1BHK,Buy,3,3,1,0
4884,44,8571316,Pune,1BHK,Buy,23,9,0,1
4885,37,14418492,Pune,2BHK,Buy,8,8,0,0
4886,52,9740068,Bangalore,1BHK,Buy,21,2,1,0
4887,36,11173696,Pune,2BHK,Buy,21,3,1,0
4888,36,9190953,Delhi,2BHK,Buy,14,7,1,1
4889,59,4008880,Bangalore,2BHK,Rent,20,5,1,0
4890,51,3865407,Delhi,1BHK,Buy,3,1,0,0
4891,44,9459406,Bangalore,3BHK,Buy,28,1,1,0
4892,21,7548122,Pune,3BHK,Buy,24,8,0,1
4893,31,12269127,Mumbai,2BHK,Rent,11,6,0,1
4894,41,4474427,Mumbai,2BHK,Rent,22,4,0,0
4895,24,11961174,Pune,1BHK,Buy,14,3,0,0
4896,27,7009486,Bangalore,3BHK,Buy,22,9,0,1
4897,46,5368410,Delhi,3BHK,Rent,2,9,0,0
4898,32,2934814,Mumbai,3BHK,Buy,4,4,0,0
4899,51,6932206,Pune,1BHK,Rent,21,8,1,1
4900,37,10695097,Pune,1BHK,Buy,27,4,1,1
4901,53,8406377,Bangalore,1BHK,Rent,26,8,1,1
4902,31,9916163,Mumbai,2BHK,Rent,5,7,1,0
4903,48,4762734,Pune,1BHK,Buy,19,6,0,0
4904,52,6152554,Mumbai,2BHK,Rent,10,7,0,0
4905,21,5046165,Delhi,2BHK,Rent,21,6,0,1
4906,48,12617218,Pune,2BHK,Rent,21,6,0,1
4907,27,10190798,Pune,2BHK,Buy,2,7,1,0
4908,22,12526638,Delhi,1BHK,Buy,21,4,0,1
4909,44,8492197,Pune,1BHK,Rent,3,5,1,0
4910,24,9316640,Bangalore,3BHK,Rent,15,9,0,1
4911,39,5901359,Delhi,3BHK,Buy,19,2,1,0
4912,46,9855220,Bangalore,2BHK,Buy,21,9,1,1
4913,31,12051824,Delhi,3BHK,Buy,25,5,1,1
4914,31,2988807,Delhi,3BHK,Rent,2,1,0,0
4915,23,13315081,Bangalore,3BHK,Buy,25,7,1,1
4916,32,7781801,Delhi,2BHK,Buy,3,5,1,0
4917,23,4683684,Mumbai,3BHK,Buy,29,3,0,0
4918,47,12373851,Bangalore,1BHK,Buy,12,3,0,0
4919,22,5889200,Delhi,2BHK,Rent,23,1,1,0
4920,36,11089069,Bangalore,1BHK,Rent,28,7,0,1
4921,22,2700066,Delhi,2BHK,Buy,14,2,1,0
4922,50,11121052,Delhi,1BHK,Rent,17,8,0,1
4923,40,6209419,Mumbai,3BHK,Buy,16,4,1,1
4924,58,7318259,Mumbai,2BHK,Rent,17,4,0,1
4925,48,7476433,Mumbai,1BHK,Buy,24,5,0,1
4926,45,2564267,Delhi,2BHK,Buy,9,9,1,0
4927,52,4793153,Mumbai,1BHK,Rent,3,7,1,0
4928,30,5922874,Bangalore,3BHK,Buy,22,3,0,0
4929,53,8822160,Delhi,2BHK,Buy,14,4,0,1
4930,33,9219593,Bangalore,2BHK,Rent,3,9,1,0
4931,57,14555029,Mumbai,1BHK,Buy,6,1,0,0
4932,36,6850258,Delhi,1BHK,Rent,23,8,0,1
4933,42,10796217,Bangalore,3BHK,Buy,21,8,1,1
4934,40,6622900,Pune,1BHK,Buy,19,7,0,1
4935,47,11089024,Bangalore,1BHK,Rent,24,6,0,1
4936,36,6151511,Delhi,1BHK,Rent,13,7,1,1
4937,54,5538236,Pune,3BHK,Buy,5,4,1,0
4938,52,8126819,Mumbai,3BHK,Buy,1,4,0,0
4939,46,4082264,Mumbai,2BHK,Rent,12,5,0,0
4940,45,6836835,Bangalore,3BHK,Rent,15,4,1,1
4941,22,13408125,Mumbai,1BHK,Buy,25,4,1,1
4942,32,8918814,Bangalore,2BHK,Buy,19,9,1,1
4943,29,3608990,Bangalore,3BHK,Buy,2,6,1,0
4944,32,4701822,Bangalore,3BHK,Rent,3,3,1,0
4945,46,5368513,Bangalore,1BHK,Buy,7,3,0,0
4946,29,4639668,Delhi,1BHK,Rent,28,8,0,0
4947,30,9833547,Delhi,3BHK,Buy,11,3,0,0
4948,52,2786526,Pune,2BHK,Rent,28,4,1,0
4949,54,11937388,Pune,1BHK,Buy,10,6,1,0
4950,40,13614972,Mumbai,3BHK,Rent,8,9,1,0
4951,59,13632789,Delhi,3BHK,Rent,2,6,0,0
4952,22,7653526,Pune,1BHK,Buy,14,3,0,0
4953,21,9394518,Delhi,2BHK,Rent,13,6,1,1
4954,56,10216974,Delhi,2BHK,Rent,7,4,0,0
4955,44,12975641,Mumbai,2BHK,Rent,27,5,1,1
4956,47,4078850,Mumbai,1BHK,Buy,21,5,0,0
4957,22,12746003,Bangalore,1BHK,Buy,9,3,0,0
4958,51,12820716,Delhi,1BHK,Buy,7,5,1,0
4959,34,3376807,Bangalore,2BHK,Buy,1,5,1,0
4960,22,13779192,Bangalore,2BHK,Rent,1,7,1,0
4961,49,9741734,Bangalore,1BHK,Rent,6,9,1,0
4962,35,13583943,Delhi,1BHK,Buy,25,5,1,1
4963,32,11840145,Delhi,1BHK,Rent,1,9,0,0
4964,57,13903144,Bangalore,2BHK,Rent,16,5,0,1
4965,48,13028378,Delhi,3BHK,Buy,3,4,0,0
4966,40,3759268,Bangalore,3BHK,Buy,13,6,1,0
4967,59,4594489,Pune,2BHK,Rent,21,8,1,0
4968,44,4020612,Delhi,1BHK,Buy,4,4,1,0
4969,41,3824998,Mumbai,1BHK,Rent,17,5,0,0
4970,30,14804349,Mumbai,1BHK,Rent,10,1,1,0
4971,34,10920966,Bangalore,1BHK,Buy,4,1,1,0
4972,57,8817064,Pune,2BHK,Buy,20,8,0,1
4973,38,2875475,Delhi,3BHK,Rent,27,7,0,0
4974,44,2301065,Bangalore,3BHK,Buy,12,5,1,0
4975,34,12492349,Pune,2BHK,Rent,26,9,0,1
4976,54,12419097,Pune,1BHK,Rent,13,1,0,0
4977,32,13365187,Delhi,3BHK,Buy,4,3,1,0
4978,42,9879909,Mumbai,2BHK,Buy,16,6,0,1
4979,26,12522135,Mumbai,1BHK,Buy,19,1,0,0
4980,56,12528845,Pune,3BHK,Buy,7,6,1,0
4981,56,6779432,Mumbai,2BHK,Rent,1,2,0,0
4982,42,9963024,Pune,3BHK,Buy,16,5,0,1
4983,34,10284268,Pune,3BHK,Buy,2,2,0,0
4984,36,4980631,Pune,2BHK,Buy,1,1,1,0
4985,56,12283336,Mumbai,2BHK,Rent,14,4,1,1
4986,45,5031402,Bangalore,3BHK,Buy,20,2,0,0
4987,52,5436386,Mumbai,3BHK,Buy,5,9,1,0
4988,53,2195961,Bangalore,2BHK,Buy,27,3,0,0
4989,56,9737099,Mumbai,1BHK,Buy,15,9,0,1
4990,40,14471636,Delhi,1BHK,Buy,10,4,1,0
4991,38,5746050,Delhi,1BHK,Rent,21,7,1,1
4992,58,6126030,Mumbai,1BHK,Rent,2,7,1,0
4993,23,5506260,Delhi,2BHK,Rent,11,6,1,1
4994,43,11893385,Delhi,1BHK,Buy,16,8,0,1
4995,52,14486432,Delhi,3BHK,Buy,19,6,0,1
4996,36,4141997,Delhi,1BHK,Rent,4,9,0,0
4997,25,6079162,Bangalore,2BHK,Buy,10,5,1,0
4998,24,13788595,Pune,1BHK,Rent,22,3,1,0
4999,41,8404892,Bangalore,1BHK,Buy,22,5,1,1
5000,34,9578230,Pune,2BHK,Rent,12,4,1,1
5001,59,5429031,Pune,1BHK,Rent,2,3,0,0
5002,51,12974048,Mumbai,2BHK,Buy,2,1,0,0
5003,34,9888323,Mumbai,1BHK,Buy,9,8,1,0
5004,26,4727162,Mumbai,2BHK,Buy,12,4,1,0
5005,32,13770780,Mumbai,1BHK,Buy,2,3,0,0
5006,36,13324644,Mumbai,3BHK,Buy,18,4,1,1
5007,37,7994299,Bangalore,3BHK,Rent,16,1,1,0
5008,43,9921275,Bangalore,2BHK,Buy,19,6,0,1
5009,34,12202707,Delhi,2BHK,Rent,15,3,0,0
5010,27,14272342,Bangalore,2BHK,Buy,25,8,0,1
5011,52,9320812,Bangalore,3BHK,Rent,16,5,1,1
5012,35,10660592,Mumbai,2BHK,Rent,6,9,1,0
5013,37,6690136,Delhi,1BHK,Rent,27,9,1,1
5014,54,10691520,Bangalore,2BHK,Buy,15,2,1,0
5015,25,2807359,Bangalore,2BHK,Rent,12,5,1,0
5016,47,3933630,Delhi,1BHK,Buy,22,7,0,0
5017,43,5161057,Pune,1BHK,Rent,12,7,0,1
5018,34,3064367,Mumbai,3BHK,Buy,10,3,0,0
5019,35,11828213,Bangalore,1BHK,Rent,21,7,0,1
5020,53,4766884,Bangalore,1BHK,Buy,15,7,1,0
5021,51,7226047,Delhi,2BHK,Buy,23,4,0,1
5022,55,10760306,Bangalore,3BHK,Rent,27,7,0,1
5023,37,12616196,Mumbai,1BHK,Rent,4,8,0,0
5024,48,7329953,Bangalore,3BHK,Buy,10,3,0,0
5025,39,13784230,Pune,1BHK,Rent,26,2,1,0
5026,43,12782274,Mumbai,3BHK,Buy,19,9,1,1
5027,52,3099984,Pune,1BHK,Buy,23,7,0,0
5028,33,11583490,Delhi,2BHK,Rent,14,1,1,0
5029,40,8430060,Mumbai,3BHK,Buy,10,9,0,0
5030,55,4394712,Bangalore,3BHK,Rent,17,5,0,0
5031,25,3121015,Mumbai,1BHK,Buy,22,2,0,0
5032,29,10931138,Mumbai,3BHK,Buy,29,7,1,1
5033,49,13191374,Mumbai,1BHK,Buy,27,9,0,1
5034,26,12302940,Pune,3BHK,Buy,27,3,1,0
5035,45,11210289,Delhi,3BHK,Rent,11,4,1,1
5036,51,12323740,Mumbai,2BHK,Buy,18,9,1,1
5037,42,9172937,Bangalore,2BHK,Rent,2,2,1,0
5038,22,5385375,Mumbai,3BHK,Buy,11,4,0,1
5039,25,2871510,Mumbai,2BHK,Buy,8,5,1,0
5040,47,8585894,Delhi,3BHK,Rent,19,4,0,1
5041,45,14249480,Bangalore,1BHK,Buy,25,7,0,1
5042,28,6591204,Bangalore,3BHK,Buy,16,6,1,1
5043,21,6611315,Pune,3BHK,Rent,4,9,0,0
5044,40,8808807,Bangalore,2BHK,Buy,14,4,0,1
5045,43,6335807,Bangalore,2BHK,Buy,22,9,1,1
5046,52,9808915,Bangalore,1BHK,Buy,17,1,1,0
5047,31,2351771,Mumbai,1BHK,Rent,11,6,1,0
5048,59,12576141,Pune,1BHK,Rent,26,7,1,1
5049,44,6546475,Bangalore,3BHK,Rent,26,9,0,1
5050,31,13786977,Bangalore,1BHK,Rent,3,1,0,0
5051,49,12147916,Bangalore,1BHK,Rent,4,1,1,0
5052,46,11245406,Mumbai,2BHK,Rent,21,2,1,0
5053,36,10482784,Mumbai,2BHK,Rent,13,6,0,1
5054,55,10723622,Pune,1BHK,Rent,17,3,0,0
5055,40,14242623,Delhi,1BHK,Buy,20,6,1,1
5056,23,11184344,Pune,3BHK,Rent,21,2,1,0
5057,21,9846431,Mumbai,3BHK,Buy,20,6,1,1
5058,21,3852040,Bangalore,2BHK,Buy,10,7,1,0
5059,37,10479899,Bangalore,1BHK,Buy,26,6,1,1
5060,22,2899321,Pune,1BHK,Buy,23,2,1,0
5061,49,9399518,Bangalore,1BHK,Buy,24,5,1,1
5062,40,5735568,Mumbai,1BHK,Rent,12,6,0,1
5063,26,4520022,Pune,1BHK,Rent,8,8,0,0
5064,28,5184972,Delhi,3BHK,Buy,3,9,0,0
5065,49,13933494,Mumbai,3BHK,Rent,29,5,0,1
5066,53,4147849,Mumbai,1BHK,Rent,21,7,0,0
5067,23,8155343,Bangalore,3BHK,Rent,10,4,0,0
5068,55,5934853,Mumbai,3BHK,Rent,24,5,1,1
5069,25,11100719,Mumbai,1BHK,Rent,7,1,1,0
5070,47,9870579,Delhi,3BHK,Buy,25,3,1,0
5071,32,4741186,Bangalore,1BHK,Buy,29,2,1,0
5072,40,10895707,Mumbai,3BHK,Buy,10,6,1,0
5073,40,12593532,Bangalore,1BHK,Buy,7,9,0,0
5074,29,12603688,Mumbai,1BHK,Buy,18,3,0,0
5075,59,7290299,Delhi,3BHK,Rent,20,2,0,0
5076,24,3366825,Bangalore,3BHK,Rent,28,2,0,0
5077,39,14779891,Bangalore,2BHK,Buy,14,6,0,1
5078,58,5828471,Delhi,1BHK,Buy,12,6,0,1
5079,47,4120556,Pune,1BHK,Rent,8,5,0,0
5080,33,11904283,Mumbai,1BHK,Rent,25,9,0,1
5081,33,10489573,Mumbai,1BHK,Buy,7,7,1,0
5082,42,5726348,Pune,3BHK,Buy,5,7,0,0
5083,48,5316219,Bangalore,3BHK,Rent,1,1,1,0
5084,42,10085968,Bangalore,2BHK,Rent,15,2,1,0
5085,39,9967502,Delhi,1BHK,Buy,9,3,1,0
5086,28,12326235,Delhi,2BHK,Rent,12,5,0,1
5087,28,7724174,Delhi,2BHK,Rent,22,4,0,1
5088,46,14691181,Pune,2BHK,Buy,18,8,0,1
5089,46,4957428,Pune,2BHK,Rent,11,4,0,0
5090,43,12918218,Bangalore,2BHK,Buy,10,6,0,0
5091,33,8325598,Delhi,3BHK,Rent,10,9,0,0
5092,48,12595459,Bangalore,3BHK,Buy,18,2,1,0
5093,29,3669090,Pune,2BHK,Rent,26,8,0,0
5094,40,12588041,Mumbai,3BHK,Rent,1,5,0,0
5095,39,9851347,Bangalore,3BHK,Buy,28,6,0,1
5096,59,10889116,Pune,2BHK,Buy,20,3,0,0
5097,32,3111545,Delhi,3BHK,Rent,26,8,0,0
5098,35,14095284,Mumbai,3BHK,Buy,11,2,0,0
5099,51,10477852,Mumbai,1BHK,Buy,29,1,1,0
5100,34,5039382,Mumbai,2BHK,Rent,2,1,0,0
5101,31,9048369,Delhi,1BHK,Rent,26,8,0,1
5102,46,10582676,Mumbai,1BHK,Rent,11,2,0,0
5103,47,9733359,Pune,2BHK,Buy,25,5,1,1
5104,31,2657739,Bangalore,1BHK,Rent,2,2,1,0
5105,58,3275421,Mumbai,1BHK,Rent,27,4,1,0
5106,54,12990460,Mumbai,3BHK,Buy,9,9,1,0
5107,39,8116658,Pune,1BHK,Buy,1,2,0,0
5108,26,2696480,Delhi,2BHK,Buy,23,4,0,0
5109,58,11717137,Mumbai,3BHK,Rent,6,5,0,0
5110,48,7164621,Pune,3BHK,Buy,22,5,1,1
5111,21,8758677,Pune,3BHK,Rent,2,5,0,0
5112,55,9218708,Delhi,2BHK,Rent,15,2,0,0
5113,28,8246896,Delhi,2BHK,Rent,1,8,1,0
5114,27,9232874,Bangalore,2BHK,Rent,26,5,0,1
5115,31,3943419,Mumbai,1BHK,Buy,24,6,1,0
5116,59,12171022,Bangalore,1BHK,Buy,24,8,0,1
5117,24,6607011,Pune,3BHK,Buy,18,8,1,1
5118,45,5326254,Mumbai,3BHK,Buy,4,7,0,0
5119,32,4429365,Pune,2BHK,Rent,29,8,1,0
5120,46,4972703,Pune,2BHK,Buy,13,7,1,0
5121,58,4387117,Pune,1BHK,Rent,4,6,1,0
5122,32,3020576,Delhi,1BHK,Buy,15,5,1,0
5123,57,2685305,Delhi,2BHK,Buy,2,5,1,0
5124,44,13955962,Mumbai,2BHK,Rent,27,8,0,1
5125,36,2456982,Pune,1BHK,Rent,9,1,0,0
5126,33,14808874,Pune,3BHK,Rent,12,2,0,0
5127,45,4497537,Mumbai,3BHK,Buy,14,1,1,0
5128,24,8200513,Bangalore,1BHK,Rent,20,7,1,1
5129,31,10916726,Pune,1BHK,Buy,4,9,0,0
5130,52,13459570,Delhi,3BHK,Rent,15,7,1,1
5131,27,12310556,Bangalore,1BHK,Buy,4,9,0,0
5132,31,9536371,Bangalore,3BHK,Rent,5,4,0,0
5133,48,11596013,Bangalore,3BHK,Rent,10,7,1,0
5134,43,13598203,Bangalore,1BHK,Rent,12,7,0,1
5135,43,4786278,Bangalore,2BHK,Rent,12,2,1,0
5136,48,3867427,Bangalore,2BHK,Buy,8,2,1,0
5137,46,11846646,Mumbai,2BHK,Buy,4,8,1,0
5138,45,11462180,Mumbai,2BHK,Buy,3,2,0,0
5139,49,14896368,Bangalore,2BHK,Buy,27,1,0,0
5140,39,5804153,Delhi,2BHK,Rent,1,1,1,0
5141,53,11709795,Mumbai,2BHK,Rent,18,1,0,0
5142,56,9259606,Mumbai,1BHK,Buy,20,6,1,1
5143,34,11678636,Bangalore,1BHK,Buy,25,5,0,1
5144,34,7966319,Delhi,2BHK,Buy,14,7,1,1
5145,55,8891313,Bangalore,1BHK,Buy,17,3,1,0
5146,50,2316096,Delhi,3BHK,Buy,6,5,0,0
5147,48,5072721,Delhi,2BHK,Rent,6,2,0,0
5148,37,13044217,Pune,3BHK,Rent,10,9,1,0
5149,23,5162557,Mumbai,1BHK,Buy,19,9,0,1
5150,36,7171943,Bangalore,2BHK,Buy,10,4,1,0
5151,50,12490282,Mumbai,3BHK,Rent,25,2,0,0
5152,49,12309303,Mumbai,1BHK,Buy,26,8,0,1
5153,35,11865719,Delhi,2BHK,Buy,3,4,1,0
5154,45,5528206,Mumbai,2BHK,Rent,1,5,0,0
5155,58,14478383,Pune,3BHK,Rent,18,4,0,1
5156,58,12604336,Bangalore,3BHK,Rent,15,2,0,0
5157,43,5642064,Mumbai,3BHK,Buy,20,6,0,1
5158,45,13389611,Bangalore,1BHK,Buy,4,1,0,0
5159,27,8453001,Mumbai,3BHK,Rent,18,8,0,1
5160,42,9085587,Bangalore,3BHK,Buy,10,1,1,0
5161,37,11505349,Bangalore,3BHK,Buy,22,5,0,1
5162,38,13968007,Bangalore,2BHK,Buy,22,9,0,1
5163,30,9940012,Mumbai,3BHK,Buy,19,1,1,0
5164,30,6736033,Pune,3BHK,Buy,17,7,0,1
5165,27,12516476,Bangalore,1BHK,Rent,10,7,1,0
5166,58,12023647,Delhi,1BHK,Buy,25,5,0,1
5167,47,9346866,Delhi,3BHK,Rent,4,4,0,0
5168,53,7504489,Delhi,1BHK,Rent,25,9,0,1
5169,21,2018179,Pune,1BHK,Buy,5,5,1,0
5170,54,5434091,Bangalore,1BHK,Rent,7,1,0,0
5171,24,12588913,Pune,2BHK,Rent,19,9,1,1
5172,37,3523155,Bangalore,3BHK,Buy,19,5,0,0
5173,24,8021143,Pune,3BHK,Rent,8,9,0,0
5174,46,6793559,Bangalore,3BHK,Buy,1,8,1,0
5175,24,5124249,Delhi,1BHK,Buy,24,7,0,1
5176,21,14068120,Bangalore,1BHK,Rent,8,6,1,0
5177,27,3792803,Pune,1BHK,Buy,19,9,0,0
5178,50,3743174,Bangalore,2BHK,Rent,17,4,1,0
5179,29,8337481,Mumbai,1BHK,Rent,9,5,1,0
5180,55,13794617,Bangalore,2BHK,Buy,20,1,1,0
5181,28,5467758,Delhi,3BHK,Buy,23,7,0,1
5182,44,7659659,Bangalore,1BHK,Buy,16,6,1,1
5183,39,8033024,Mumbai,2BHK,Buy,9,7,1,0
5184,56,5501939,Mumbai,2BHK,Buy,19,1,0,0
5185,47,10696241,Mumbai,1BHK,Buy,16,7,1,1
5186,52,8009039,Pune,2BHK,Buy,21,7,0,1
5187,34,2143492,Mumbai,1BHK,Buy,26,8,1,0
5188,38,4888899,Pune,2BHK,Buy,27,2,1,0
5189,48,7707013,Mumbai,3BHK,Buy,13,1,1,0
5190,49,10201497,Pune,3BHK,Rent,19,1,1,0
5191,36,2225648,Mumbai,3BHK,Rent,5,8,1,0
5192,55,4588279,Mumbai,1BHK,Buy,27,7,1,0
5193,51,6797622,Bangalore,3BHK,Buy,2,9,0,0
5194,24,8355366,Mumbai,3BHK,Buy,4,2,0,0
5195,57,11141256,Bangalore,3BHK,Buy,12,4,0,1
5196,37,14441843,Mumbai,1BHK,Buy,18,8,0,1
5197,59,8242870,Mumbai,2BHK,Rent,3,6,0,0
5198,46,6930952,Bangalore,1BHK,Buy,21,2,0,0
5199,59,11933326,Bangalore,1BHK,Buy,25,2,1,0
5200,24,2397348,Pune,3BHK,Rent,19,7,1,0
5201,50,8680753,Delhi,2BHK,Buy,26,9,1,1
5202,50,9381630,Bangalore,3BHK,Buy,22,8,0,1
5203,42,7729908,Pune,3BHK,Rent,4,2,0,0
5204,31,10887123,Mumbai,1BHK,Buy,4,3,1,0
5205,22,7132359,Bangalore,1BHK,Buy,16,8,1,1
5206,32,4058591,Bangalore,1BHK,Rent,11,4,0,0
5207,50,6000366,Mumbai,3BHK,Buy,29,6,0,1
5208,56,2026296,Mumbai,2BHK,Rent,26,2,1,0
5209,38,8250600,Mumbai,2BHK,Buy,26,1,0,0
5210,46,9499996,Mumbai,3BHK,Rent,13,6,0,1
5211,27,13085625,Delhi,2BHK,Rent,21,8,0,1
5212,21,13215710,Bangalore,3BHK,Buy,11,5,1,1
5213,46,12038645,Mumbai,2BHK,Rent,7,1,0,0
5214,43,8791466,Mumbai,3BHK,Rent,27,2,1,0
5215,46,9236444,Delhi,2BHK,Buy,14,3,1,0
5216,26,2099074,Bangalore,1BHK,Rent,4,2,0,0
5217,26,2523136,Pune,1BHK,Rent,8,9,1,0
5218,28,4778550,Bangalore,1BHK,Buy,12,2,1,0
5219,44,13046670,Pune,1BHK,Rent,13,3,1,0
5220,42,7540910,Delhi,3BHK,Buy,25,9,1,1
5221,39,4017364,Mumbai,2BHK,Rent,9,3,1,0
5222,57,13328569,Delhi,3BHK,Rent,9,8,1,0
5223,38,6277214,Bangalore,1BHK,Rent,2,8,0,0
5224,51,11618118,Mumbai,2BHK,Rent,3,3,0,0
5225,57,8672592,Bangalore,3BHK,Buy,21,3,0,0
5226,50,6707575,Pune,1BHK,Rent,12,8,1,1
5227,53,8455334,Bangalore,2BHK,Buy,17,3,0,0
5228,30,8964475,Delhi,2BHK,Buy,4,4,0,0
5229,57,3031810,Delhi,1BHK,Rent,27,5,1,0
5230,32,10543133,Delhi,1BHK,Buy,14,7,1,1
5231,50,13997945,Mumbai,2BHK,Rent,21,1,0,0
5232,47,13288504,Bangalore,1BHK,Buy,9,8,0,0
5233,59,13273628,Mumbai,3BHK,Rent,8,3,0,0
5234,29,8743485,Bangalore,1BHK,Buy,1,7,1,0
5235,41,2641075,Pune,1BHK,Buy,13,3,0,0
5236,32,5760501,Bangalore,1BHK,Rent,28,9,0,1
5237,49,12427917,Bangalore,2BHK,Rent,3,5,1,0
5238,53,8999993,Bangalore,2BHK,Buy,14,3,1,0
5239,35,5143197,Bangalore,1BHK,Buy,19,3,1,0
5240,22,2032646,Pune,2BHK,Buy,27,4,0,0
5241,59,3124702,Mumbai,1BHK,Buy,6,5,1,0
5242,38,8805572,Delhi,3BHK,Buy,4,5,1,0
5243,23,14176546,Bangalore,2BHK,Buy,20,8,1,1
5244,27,11692401,Delhi,1BHK,Rent,1,6,1,0
5245,38,10772990,Delhi,2BHK,Rent,28,5,1,1
5246,58,2592947,Delhi,3BHK,Rent,10,2,0,0
5247,57,8819902,Delhi,3BHK,Buy,13,5,0,1
5248,53,11071706,Bangalore,1BHK,Buy,12,7,0,1
5249,51,14592791,Delhi,2BHK,Rent,11,3,0,0
5250,31,6330919,Bangalore,3BHK,Rent,4,7,0,0
5251,24,2636572,Pune,2BHK,Rent,17,1,1,0
5252,38,4276148,Mumbai,1BHK,Rent,15,6,0,0
5253,24,7678444,Mumbai,3BHK,Rent,21,1,1,0
5254,54,4443413,Bangalore,3BHK,Rent,29,7,0,0
5255,49,2954183,Bangalore,2BHK,Rent,3,6,0,0
5256,44,14793102,Mumbai,3BHK,Rent,29,1,0,0
5257,42,7811056,Delhi,1BHK,Buy,10,9,1,0
5258,22,9312499,Bangalore,1BHK,Rent,21,5,0,1
5259,26,6723391,Delhi,3BHK,Rent,14,7,1,1
5260,45,2483843,Bangalore,1BHK,Rent,19,1,0,0
5261,41,2749130,Bangalore,3BHK,Buy,21,8,1,0
5262,36,13396905,Pune,3BHK,Rent,4,8,0,0
5263,51,9853296,Pune,3BHK,Buy,25,9,1,1
5264,34,8381597,Mumbai,3BHK,Buy,14,2,1,0
5265,59,2978062,Pune,2BHK,Buy,6,6,0,0
5266,48,5439540,Pune,3BHK,Buy,12,5,0,1
5267,52,11572367,Mumbai,1BHK,Buy,26,6,0,1
5268,48,3466478,Delhi,2BHK,Rent,2,5,0,0
5269,29,4300775,Pune,1BHK,Rent,17,1,0,0
5270,42,10198856,Delhi,3BHK,Buy,1,2,1,0
5271,52,5162218,Mumbai,1BHK,Buy,17,3,0,0
5272,25,2428410,Bangalore,2BHK,Buy,25,7,0,0
5273,43,6077729,Delhi,1BHK,Buy,5,9,0,0
5274,25,2774426,Mumbai,2BHK,Buy,16,2,0,0
5275,52,12932492,Delhi,3BHK,Rent,14,1,1,0
5276,30,4738659,Mumbai,3BHK,Buy,20,1,1,0
5277,59,3086706,Mumbai,1BHK,Buy,10,4,1,0
5278,35,11204994,Bangalore,1BHK,Buy,21,9,1,1
5279,27,9715613,Delhi,3BHK,Rent,25,4,1,1
5280,49,14473492,Bangalore,3BHK,Rent,3,3,1,0
5281,23,12631010,Bangalore,1BHK,Rent,3,8,1,0
5282,39,7220741,Delhi,3BHK,Buy,28,9,1,1
5283,30,2182235,Delhi,2BHK,Buy,18,5,0,0
5284,48,5029407,Mumbai,2BHK,Rent,24,2,0,0
5285,49,14517801,Delhi,1BHK,Rent,23,4,0,1
5286,35,10976061,Mumbai,1BHK,Rent,18,8,1,1
5287,55,6599000,Mumbai,3BHK,Buy,4,2,1,0
5288,26,14255135,Mumbai,3BHK,Buy,7,9,0,0
5289,32,8728546,Mumbai,2BHK,Rent,1,5,0,0
5290,58,13245653,Mumbai,1BHK,Rent,16,7,0,1
5291,33,4688215,Mumbai,1BHK,Buy,17,5,1,0
5292,49,14982694,Delhi,1BHK,Rent,8,3,1,0
5293,39,6541759,Delhi,1BHK,Buy,6,2,1,0
5294,23,11932917,Pune,2BHK,Rent,2,3,1,0
5295,28,12014621,Delhi,2BHK,Buy,26,2,1,0
5296,28,3461215,Bangalore,1BHK,Buy,10,2,0,0
5297,40,14556702,Pune,2BHK,Rent,17,2,1,0
5298,24,3663574,Delhi,1BHK,Buy,19,2,1,0
5299,41,6286503,Bangalore,2BHK,Buy,28,8,1,1
5300,23,13699360,Delhi,3BHK,Rent,4,5,1,0
5301,28,4648766,Mumbai,2BHK,Buy,13,9,0,0
5302,43,13565475,Pune,1BHK,Rent,21,5,1,1
5303,36,11106071,Mumbai,3BHK,Buy,27,1,0,0
5304,33,3240505,Pune,1BHK,Rent,26,8,0,0
5305,23,11772966,Pune,3BHK,Buy,19,3,0,0
5306,29,13515437,Mumbai,3BHK,Buy,16,2,1,0
5307,34,6529100,Pune,2BHK,Rent,13,6,0,1
5308,33,7780105,Pune,2BHK,Rent,5,4,0,0
5309,27,13792342,Delhi,3BHK,Buy,12,4,1,1
5310,35,7116191,Bangalore,3BHK,Rent,7,9,0,0
5311,27,5477915,Mumbai,3BHK,Rent,27,8,1,1
5312,58,3718671,Delhi,1BHK,Buy,9,3,0,0
5313,54,9399951,Delhi,2BHK,Rent,5,9,0,0
5314,42,3392775,Mumbai,1BHK,Buy,4,1,1,0
5315,44,4557929,Pune,2BHK,Rent,10,7,1,0
5316,57,5576566,Mumbai,1BHK,Buy,16,7,1,1
5317,21,4397431,Bangalore,2BHK,Rent,11,2,1,0
5318,30,10031050,Bangalore,3BHK,Buy,29,7,0,1
5319,36,14717757,Mumbai,3BHK,Buy,9,7,0,0
5320,28,11462140,Delhi,2BHK,Rent,24,9,0,1
5321,45,6184572,Mumbai,3BHK,Rent,5,6,1,0
5322,32,3850827,Bangalore,3BHK,Buy,25,9,1,0
5323,45,14846584,Mumbai,1BHK,Rent,11,3,1,0
5324,37,12875685,Pune,2BHK,Buy,9,8,0,0
5325,46,12572251,Mumbai,3BHK,Buy,17,4,0,1
5326,34,7287468,Delhi,2BHK,Rent,28,1,1,0
5327,56,2201657,Pune,1BHK,Rent,22,7,0,0
5328,43,11536336,Bangalore,2BHK,Rent,11,3,1,0
5329,26,8943616,Mumbai,1BHK,Buy,21,4,1,1
5330,25,9753759,Delhi,1BHK,Rent,6,3,1,0
5331,45,11185159,Delhi,1BHK,Rent,26,6,0,1
5332,38,5483765,Bangalore,3BHK,Rent,16,1,0,0
5333,33,5161895,Mumbai,1BHK,Buy,19,7,0,1
5334,34,7954743,Delhi,2BHK,Rent,14,8,1,1
5335,48,13645118,Pune,2BHK,Rent,3,3,0,0
5336,38,5135210,Mumbai,3BHK,Buy,10,9,0,0
5337,48,2130775,Bangalore,3BHK,Rent,21,2,1,0
5338,47,5180617,Pune,1BHK,Buy,23,9,0,1
5339,52,12793582,Mumbai,1BHK,Rent,4,5,0,0
5340,29,2226406,Delhi,1BHK,Buy,22,6,1,0
5341,52,5730278,Bangalore,3BHK,Buy,21,2,0,0
5342,40,14718665,Bangalore,3BHK,Buy,2,5,0,0
5343,48,4701731,Mumbai,2BHK,Rent,13,6,1,0
5344,53,13076056,Bangalore,1BHK,Rent,11,5,0,1
5345,24,5917563,Pune,1BHK,Buy,12,4,0,1
5346,54,6423793,Mumbai,2BHK,Rent,1,8,1,0
5347,23,11844090,Pune,2BHK,Rent,22,2,0,0
5348,46,11200952,Bangalore,2BHK,Rent,21,1,0,0
5349,28,12133842,Bangalore,2BHK,Buy,9,2,0,0
5350,26,11849069,Bangalore,1BHK,Rent,12,4,0,1
5351,36,6031660,Pune,3BHK,Buy,7,1,0,0
5352,44,10278479,Bangalore,1BHK,Buy,17,9,0,1
5353,59,3673820,Mumbai,2BHK,Rent,29,1,1,0
5354,50,14777411,Delhi,3BHK,Rent,10,5,1,0
5355,33,6575454,Mumbai,1BHK,Buy,6,8,0,0
5356,25,4370128,Delhi,2BHK,Rent,27,9,0,0
5357,45,13408649,Bangalore,3BHK,Rent,7,9,0,0
5358,40,14023450,Mumbai,3BHK,Buy,19,8,1,1
5359,38,5291508,Pune,3BHK,Rent,14,6,0,1
5360,38,7694696,Delhi,1BHK,Buy,25,6,1,1
5361,22,10280974,Pune,2BHK,Buy,27,9,0,1
5362,30,9684923,Delhi,1BHK,Rent,11,2,1,0
5363,32,14400875,Bangalore,1BHK,Buy,2,3,0,0
5364,33,12813332,Mumbai,1BHK,Rent,1,6,1,0
5365,31,7067579,Delhi,3BHK,Rent,26,8,0,1
5366,39,5156730,Mumbai,2BHK,Rent,10,7,1,0
5367,55,11328552,Delhi,1BHK,Buy,12,8,0,1
5368,59,5999661,Delhi,2BHK,Buy,9,5,0,0
5369,46,4129708,Bangalore,3BHK,Buy,23,9,0,0
5370,34,4689403,Delhi,1BHK,Rent,26,6,0,0
5371,44,5105381,Pune,2BHK,Rent,29,2,1,0
5372,21,2221746,Delhi,3BHK,Buy,11,6,0,0
5373,42,4103715,Delhi,1BHK,Rent,1,4,1,0
5374,43,6405299,Delhi,1BHK,Rent,20,5,1,1
5375,39,10132304,Bangalore,2BHK,Buy,10,5,1,0
5376,38,4636594,Mumbai,2BHK,Buy,29,1,0,0
5377,32,14082818,Mumbai,1BHK,Buy,19,5,0,1
5378,48,9011836,Bangalore,1BHK,Rent,27,9,1,1
5379,48,6896525,Pune,3BHK,Rent,23,8,0,1
5380,53,5299248,Pune,3BHK,Rent,21,8,1,1
5381,39,7732556,Bangalore,1BHK,Buy,25,3,1,0
5382,48,10811226,Mumbai,2BHK,Buy,11,9,1,1
5383,57,12752256,Pune,2BHK,Buy,3,9,1,0
5384,46,2262328,Bangalore,1BHK,Buy,27,7,1,0
5385,55,11713647,Mumbai,3BHK,Rent,16,6,0,1
5386,54,9460529,Pune,1BHK,Buy,22,9,1,1
5387,55,10540129,Pune,2BHK,Rent,10,6,0,0
5388,36,6512781,Bangalore,1BHK,Buy,2,3,1,0
5389,58,3876213,Mumbai,1BHK,Rent,19,6,0,0
5390,33,6190198,Pune,3BHK,Buy,4,2,1,0
5391,43,13020474,Bangalore,2BHK,Rent,16,2,0,0
5392,42,4546946,Pune,2BHK,Rent,6,7,0,0
5393,36,14247905,Mumbai,1BHK,Buy,11,8,0,1
5394,48,6311079,Delhi,2BHK,Rent,17,7,1,1
5395,55,11412220,Pune,2BHK,Buy,15,5,1,1
5396,28,2766913,Mumbai,2BHK,Rent,22,4,1,0
5397,42,3152417,Pune,2BHK,Buy,4,8,0,0
5398,41,12406873,Delhi,3BHK,Buy,24,9,0,1
5399,46,12864648,Delhi,3BHK,Buy,25,7,0,1
5400,41,12697053,Pune,3BHK,Rent,8,1,1,0
5401,45,9071827,Bangalore,3BHK,Rent,24,4,1,1
5402,21,6203028,Pune,3BHK,Buy,29,4,1,1
5403,26,11835484,Mumbai,2BHK,Rent,29,3,1,0
5404,43,3738746,Bangalore,1BHK,Buy,18,4,1,0
5405,43,14574488,Mumbai,1BHK,Rent,14,9,1,1
5406,43,7194085,Mumbai,3BHK,Buy,26,1,1,0
5407,52,2868729,Bangalore,2BHK,Buy,2,2,1,0
5408,50,11300139,Delhi,3BHK,Buy,16,7,1,1
5409,33,13613208,Mumbai,1BHK,Buy,22,9,0,1
5410,38,3986952,Pune,2BHK,Buy,15,7,0,0
5411,43,5093606,Delhi,2BHK,Rent,21,1,1,0
5412,35,8886077,Delhi,2BHK,Rent,6,7,1,0
5413,53,6918507,Bangalore,1BHK,Rent,9,6,0,0
5414,41,11666360,Pune,1BHK,Rent,12,1,1,0
5415,59,7769764,Pune,3BHK,Buy,10,1,0,0
5416,43,3852175,Delhi,3BHK,Buy,7,2,0,0
5417,47,4184996,Mumbai,1BHK,Buy,5,6,0,0
5418,38,13258187,Mumbai,3BHK,Rent,26,4,0,1
5419,44,8381207,Pune,1BHK,Buy,23,4,1,1
5420,27,11567001,Delhi,2BHK,Rent,8,6,1,0
5421,40,11907731,Delhi,3BHK,Rent,27,9,1,1
5422,47,10446934,Delhi,1BHK,Rent,12,1,1,0
5423,26,14136294,Bangalore,1BHK,Buy,1,2,1,0
5424,47,2523292,Pune,1BHK,Rent,10,8,1,0
5425,29,3221650,Pune,3BHK,Rent,11,8,1,0
5426,51,7985427,Mumbai,3BHK,Rent,27,6,0,1
5427,41,2024022,Mumbai,2BHK,Rent,23,6,0,0
5428,46,14667370,Pune,3BHK,Rent,20,8,0,1
5429,33,8175002,Pune,3BHK,Buy,5,2,1,0
5430,43,2148317,Mumbai,3BHK,Rent,13,2,0,0
5431,40,5753812,Pune,2BHK,Rent,18,1,1,0
5432,57,14986155,Mumbai,2BHK,Rent,10,6,1,0
5433,48,2396742,Pune,2BHK,Buy,21,6,1,0
5434,37,6941461,Bangalore,3BHK,Rent,25,6,0,1
5435,48,11743689,Bangalore,1BHK,Buy,17,2,0,0
5436,22,9863550,Delhi,3BHK,Rent,19,7,1,1
5437,45,6130390,Pune,2BHK,Buy,4,3,0,0
5438,26,5175261,Mumbai,3BHK,Buy,9,1,0,0
5439,31,3188347,Pune,3BHK,Buy,18,1,0,0
5440,58,4832003,Pune,1BHK,Rent,16,9,0,0
5441,26,4748881,Delhi,1BHK,Rent,7,3,1,0
5442,31,3035670,Mumbai,3BHK,Rent,25,8,1,0
5443,34,10489568,Pune,2BHK,Rent,12,7,0,1
5444,22,7825633,Mumbai,3BHK,Buy,26,2,1,0
5445,23,8439201,Pune,3BHK,Rent,4,2,1,0
5446,55,5431267,Delhi,3BHK,Rent,21,4,1,1
5447,53,3152738,Mumbai,2BHK,Buy,28,2,1,0
5448,44,3179280,Pune,2BHK,Buy,12,5,1,0
5449,39,9494811,Bangalore,2BHK,Buy,12,7,1,1
5450,38,10866573,Mumbai,2BHK,Buy,26,2,0,0
5451,44,12561697,Delhi,2BHK,Rent,4,9,1,0
5452,55,13139695,Bangalore,3BHK,Rent,12,1,1,0
5453,21,6839242,Mumbai,2BHK,Buy,23,2,0,0
5454,56,14975800,Mumbai,3BHK,Buy,8,7,0,0
5455,45,3760352,Mumbai,3BHK,Rent,24,5,0,0
5456,54,9479862,Mumbai,3BHK,Buy,3,1,1,0
5457,45,9931329,Pune,1BHK,Buy,16,4,0,1
5458,36,2406497,Pune,2BHK,Buy,2,8,1,0
5459,54,14842100,Mumbai,2BHK,Rent,6,5,1,0
5460,49,13779676,Delhi,3BHK,Rent,28,2,1,0
5461,39,12518308,Pune,1BHK,Rent,17,9,0,1
5462,43,14076995,Mumbai,2BHK,Buy,12,1,1,0
5463,39,3011403,Mumbai,3BHK,Rent,9,1,0,0
5464,45,7917884,Delhi,1BHK,Buy,16,5,1,1
5465,36,14807643,Delhi,3BHK,Rent,7,9,1,0
5466,29,7397826,Delhi,1BHK,Buy,8,6,0,0
5467,21,7724755,Bangalore,3BHK,Buy,7,5,1,0
5468,39,9878601,Mumbai,2BHK,Rent,21,6,1,1
5469,53,14998417,Delhi,3BHK,Rent,5,6,1,0
5470,54,7493940,Mumbai,3BHK,Buy,23,9,1,1
5471,36,3446846,Pune,1BHK,Buy,7,9,0,0
5472,38,10488628,Mumbai,1BHK,Buy,18,5,1,1
5473,54,6826100,Mumbai,2BHK,Buy,18,4,0,1
5474,45,9845658,Bangalore,3BHK,Buy,16,1,1,0
5475,26,14649758,Pune,1BHK,Rent,7,6,1,0
5476,41,10831593,Pune,2BHK,Buy,21,7,0,1
5477,26,13825792,Bangalore,2BHK,Rent,2,7,0,0
5478,52,11926917,Delhi,1BHK,Rent,17,1,1,0
5479,59,6570634,Delhi,1BHK,Rent,25,6,0,1
5480,51,4506214,Mumbai,3BHK,Rent,27,8,0,0
5481,30,9755731,Bangalore,2BHK,Buy,8,3,1,0
5482,50,6745150,Delhi,1BHK,Rent,2,1,1,0
5483,38,10956084,Pune,2BHK,Rent,18,7,0,1
5484,44,13043284,Bangalore,3BHK,Rent,19,4,0,1
5485,29,9837457,Delhi,1BHK,Buy,20,5,0,1
5486,51,2569364,Pune,2BHK,Rent,9,2,0,0
5487,35,4407698,Bangalore,1BHK,Rent,12,7,1,0
5488,24,8648067,Mumbai,3BHK,Rent,22,1,1,0
5489,29,6357452,Mumbai,3BHK,Buy,19,4,1,1
5490,29,12041809,Pune,3BHK,Buy,8,8,1,0
5491,46,2115827,Delhi,3BHK,Buy,22,7,1,0
5492,24,7841432,Delhi,1BHK,Rent,8,7,1,0
5493,37,8998974,Bangalore,1BHK,Buy,10,7,0,0
5494,36,10679322,Pune,2BHK,Buy,28,5,0,1
5495,35,14670907,Delhi,2BHK,Buy,18,3,1,0
5496,55,4137810,Mumbai,1BHK,Rent,15,7,1,0
5497,25,9792432,Pune,1BHK,Buy,24,8,1,1
5498,25,13917120,Mumbai,2BHK,Rent,11,7,0,1
5499,40,10199077,Pune,1BHK,Rent,21,6,0,1
5500,35,4417490,Bangalore,3BHK,Rent,26,9,0,0
5501,38,11635763,Delhi,3BHK,Rent,14,6,0,1
5502,22,8665472,Delhi,3BHK,Buy,15,5,0,1
5503,49,4543440,Delhi,2BHK,Buy,14,6,1,0
5504,33,11089556,Mumbai,1BHK,Rent,12,4,1,1
5505,24,9249493,Delhi,2BHK,Rent,4,6,1,0
5506,30,10235022,Pune,2BHK,Rent,3,4,0,0
5507,51,10457190,Mumbai,1BHK,Rent,12,5,0,1
5508,28,10057135,Bangalore,2BHK,Buy,25,6,0,1
5509,23,2437734,Mumbai,3BHK,Buy,26,1,0,0
5510,29,6338079,Bangalore,1BHK,Rent,7,6,0,0
5511,50,3622320,Mumbai,3BHK,Buy,7,6,1,0
5512,31,10968387,Delhi,3BHK,Buy,22,1,1,0
5513,55,8561643,Bangalore,1BHK,Buy,25,7,0,1
5514,57,12851116,Delhi,3BHK,Buy,19,5,1,1
5515,33,12201475,Mumbai,3BHK,Rent,14,8,0,1
5516,56,4427636,Bangalore,3BHK,Buy,1,5,0,0
5517,33,5286976,Pune,1BHK,Rent,7,5,0,0
5518,32,6591456,Pune,1BHK,Buy,25,2,0,0
5519,57,5701190,Mumbai,1BHK,Buy,22,4,0,1
5520,30,11781960,Bangalore,2BHK,Rent,10,4,1,0
5521,29,2350912,Pune,3BHK,Buy,18,8,1,0
5522,27,3960783,Delhi,2BHK,Rent,13,3,1,0
5523,22,8923921,Delhi,2BHK,Buy,8,1,1,0
5524,43,4647349,Mumbai,3BHK,Rent,9,7,0,0
5525,59,13149486,Delhi,1BHK,Buy,26,9,1,1
5526,59,14244033,Delhi,2BHK,Rent,15,6,0,1
5527,41,8153608,Delhi,1BHK,Buy,8,2,0,0
5528,43,9137219,Pune,1BHK,Rent,25,2,0,0
5529,49,14320108,Bangalore,3BHK,Buy,1,1,1,0
5530,34,2768278,Mumbai,2BHK,Rent,3,6,0,0
5531,46,12416885,Bangalore,2BHK,Rent,19,8,1,1
5532,25,2727402,Bangalore,1BHK,Buy,9,1,0,0
5533,51,13978476,Bangalore,3BHK,Rent,19,1,0,0
5534,45,7664938,Pune,2BHK,Rent,15,1,0,0
5535,51,13158578,Delhi,1BHK,Buy,14,5,1,1
5536,40,13621703,Mumbai,1BHK,Buy,26,7,0,1
5537,37,10716134,Bangalore,1BHK,Buy,1,4,1,0
5538,22,11433752,Delhi,3BHK,Rent,3,1,1,0
5539,45,7317199,Pune,3BHK,Rent,2,1,0,0
5540,33,10661922,Bangalore,1BHK,Buy,25,3,0,0
5541,59,8029307,Delhi,1BHK,Rent,1,5,1,0
5542,48,12329242,Pune,3BHK,Buy,27,5,1,1
5543,26,12399630,Delhi,1BHK,Rent,18,9,0,1
5544,23,13753979,Mumbai,1BHK,Buy,1,9,1,0
5545,55,13288400,Delhi,3BHK,Rent,9,9,0,0
5546,38,13176298,Delhi,1BHK,Buy,7,8,0,0
5547,31,4307396,Mumbai,1BHK,Buy,13,9,0,0
5548,40,8955855,Mumbai,1BHK,Buy,17,8,0,1
5549,25,6209294,Delhi,3BHK,Rent,13,8,0,1
5550,39,7186029,Mumbai,3BHK,Rent,13,8,1,1
5551,42,14050977,Delhi,3BHK,Rent,10,8,0,0
5552,39,12615087,Bangalore,2BHK,Buy,28,5,1,1
5553,36,13351506,Delhi,2BHK,Rent,6,3,0,0
5554,44,12400647,Pune,2BHK,Rent,5,4,0,0
5555,24,9629038,Mumbai,2BHK,Buy,10,9,1,0
5556,35,7663369,Bangalore,3BHK,Buy,14,7,1,1
5557,45,12397188,Mumbai,1BHK,Buy,11,9,1,1
5558,55,13140271,Mumbai,3BHK,Buy,5,7,0,0
5559,34,12688921,Mumbai,2BHK,Rent,4,8,1,0
5560,39,7593813,Pune,3BHK,Buy,3,3,1,0
5561,58,11788779,Pune,1BHK,Rent,14,8,1,1
5562,56,4214934,Delhi,2BHK,Buy,13,4,1,0
5563,27,4431500,Pune,1BHK,Rent,24,6,1,0
5564,50,14981128,Mumbai,1BHK,Buy,23,1,0,0
5565,39,13329264,Bangalore,1BHK,Buy,5,2,1,0
5566,45,2052499,Bangalore,2BHK,Buy,12,7,0,0
5567,36,7499903,Bangalore,3BHK,Buy,25,6,0,1
5568,28,8622811,Mumbai,2BHK,Buy,28,5,1,1
5569,38,7386859,Pune,2BHK,Rent,23,7,1,1
5570,48,12634168,Bangalore,3BHK,Rent,10,2,0,0
5571,36,6017380,Mumbai,3BHK,Rent,2,4,0,0
5572,39,8999147,Mumbai,3BHK,Rent,7,5,1,0
5573,37,14532512,Bangalore,3BHK,Rent,7,8,0,0
5574,33,6565907,Bangalore,1BHK,Buy,4,6,0,0
5575,27,5485627,Delhi,2BHK,Buy,12,6,0,1
5576,47,2725311,Delhi,2BHK,Rent,28,5,0,0
5577,30,10047901,Mumbai,2BHK,Rent,24,5,0,1
5578,54,6060011,Delhi,3BHK,Rent,4,1,1,0
5579,56,6987208,Delhi,2BHK,Rent,7,4,0,0
5580,45,9755628,Bangalore,1BHK,Rent,20,9,0,1
5581,26,12851056,Delhi,2BHK,Buy,13,2,1,0
5582,44,9498384,Mumbai,2BHK,Rent,8,6,1,0
5583,38,11590115,Bangalore,1BHK,Buy,14,2,0,0
5584,43,11878802,Delhi,1BHK,Rent,3,9,0,0
5585,26,8171450,Delhi,2BHK,Buy,2,5,0,0
5586,49,8438082,Delhi,3BHK,Rent,10,9,1,0
5587,45,3579872,Pune,3BHK,Rent,6,5,0,0
5588,37,6020011,Delhi,2BHK,Buy,23,9,0,1
5589,44,7323679,Delhi,2BHK,Buy,7,2,0,0
5590,31,12239854,Mumbai,2BHK,Buy,16,7,1,1
5591,46,8526474,Delhi,2BHK,Rent,6,8,1,0
5592,54,2999529,Pune,3BHK,Rent,16,3,1,0
5593,48,7522177,Bangalore,2BHK,Rent,27,1,1,0
5594,23,6770684,Delhi,1BHK,Rent,24,2,1,0
5595,31,4341059,Delhi,3BHK,Buy,12,5,0,0
5596,58,14232848,Mumbai,3BHK,Buy,22,9,1,1
5597,34,7816272,Delhi,1BHK,Buy,15,5,1,1
5598,46,8446811,Delhi,2BHK,Buy,22,1,0,0
5599,41,3488221,Delhi,2BHK,Buy,3,1,0,0
5600,59,4043303,Delhi,2BHK,Buy,28,2,0,0
5601,50,12181078,Bangalore,2BHK,Buy,16,1,0,0
5602,28,6223191,Mumbai,2BHK,Rent,18,8,0,1
5603,40,7682268,Bangalore,1BHK,Rent,15,2,0,0
5604,52,13276547,Pune,2BHK,Buy,23,8,1,1
5605,42,8464062,Delhi,1BHK,Buy,6,5,1,0
5606,27,2251420,Pune,1BHK,Rent,17,1,1,0
5607,29,2978778,Bangalore,1BHK,Buy,2,4,0,0
5608,21,6141340,Pune,2BHK,Rent,2,2,0,0
5609,49,4633719,Delhi,2BHK,Rent,17,6,1,0
5610,28,14233187,Pune,3BHK,Buy,19,5,1,1
5611,24,11052229,Bangalore,3BHK,Rent,5,9,0,0
5612,55,4756986,Delhi,1BHK,Rent,4,3,1,0
5613,23,12905901,Mumbai,3BHK,Rent,28,5,0,1
5614,27,12830078,Bangalore,1BHK,Buy,18,7,0,1
5615,47,4025131,Delhi,3BHK,Buy,8,9,0,0
5616,21,8511535,Mumbai,2BHK,Rent,9,3,0,0
5617,47,11680135,Pune,2BHK,Buy,24,4,1,1
5618,36,2204470,Pune,1BHK,Rent,23,1,1,0
5619,58,14992248,Pune,1BHK,Rent,26,2,1,0
5620,27,14212436,Delhi,2BHK,Buy,18,3,1,0
5621,43,13667443,Pune,2BHK,Rent,22,7,0,1
5622,31,2624559,Pune,2BHK,Rent,11,7,1,0
5623,53,6120675,Mumbai,3BHK,Rent,16,1,1,0
5624,56,13077436,Mumbai,3BHK,Rent,16,9,0,1
5625,57,3100911,Mumbai,3BHK,Rent,4,3,0,0
5626,37,4140467,Delhi,3BHK,Rent,21,3,1,0
5627,55,4030245,Bangalore,1BHK,Rent,9,2,0,0
5628,25,4988506,Pune,1BHK,Buy,13,3,0,0
5629,52,13843107,Pune,3BHK,Buy,25,6,0,1
5630,23,5648598,Delhi,1BHK,Rent,20,4,0,1
5631,55,6243638,Pune,3BHK,Buy,8,2,0,0
5632,34,8478420,Delhi,3BHK,Rent,11,8,0,1
5633,51,7435148,Delhi,2BHK,Rent,21,1,0,0
5634,51,8095012,Delhi,3BHK,Rent,9,8,0,0
5635,37,9379758,Bangalore,1BHK,Rent,18,2,1,0
5636,44,2206823,Delhi,3BHK,Buy,20,9,1,0
5637,43,12142150,Bangalore,2BHK,Rent,3,4,0,0
5638,38,6966637,Bangalore,1BHK,Rent,23,4,1,1
5639,34,4914278,Pune,2BHK,Buy,18,7,0,0
5640,35,12648085,Mumbai,3BHK,Buy,19,3,0,0
5641,35,5995705,Bangalore,3BHK,Buy,9,3,1,0
5642,26,9750173,Bangalore,3BHK,Buy,24,4,1,1
5643,47,3841041,Mumbai,3BHK,Buy,18,3,0,0
5644,35,5732477,Bangalore,1BHK,Buy,22,8,0,1
5645,56,11177705,Mumbai,3BHK,Rent,16,9,0,1
5646,28,14872081,Pune,2BHK,Rent,14,5,0,1
5647,35,8708205,Delhi,1BHK,Buy,19,3,1,0
5648,23,10378022,Mumbai,1BHK,Buy,28,7,1,1
5649,33,8106973,Delhi,1BHK,Rent,29,3,1,0
5650,54,12344089,Mumbai,2BHK,Buy,22,6,1,1
5651,44,13817478,Delhi,2BHK,Buy,15,4,0,1
5652,52,7230788,Pune,2BHK,Buy,21,7,1,1
5653,52,6517696,Bangalore,2BHK,Rent,26,6,1,1
5654,50,5360408,Pune,3BHK,Buy,4,7,1,0
5655,33,2201703,Bangalore,3BHK,Rent,12,4,0,0
5656,21,4456327,Delhi,2BHK,Rent,7,6,0,0
5657,54,13384905,Delhi,2BHK,Rent,11,7,0,1
5658,35,6710032,Bangalore,3BHK,Buy,26,8,0,1
5659,34,2067173,Mumbai,3BHK,Buy,7,9,0,0
5660,49,4832718,Pune,2BHK,Rent,20,3,1,0
5661,54,13573070,Mumbai,1BHK,Rent,3,5,1,0
5662,38,8748847,Delhi,1BHK,Buy,4,3,1,0
5663,27,10622654,Pune,2BHK,Rent,2,5,1,0
5664,49,4292007,Pune,1BHK,Buy,20,2,0,0
5665,51,6550642,Mumbai,3BHK,Rent,15,3,0,0
5666,45,4823251,Bangalore,1BHK,Buy,20,7,0,0
5667,58,8735714,Bangalore,2BHK,Buy,12,8,0,1
5668,34,6902021,Pune,1BHK,Rent,21,5,1,1
5669,28,9479773,Bangalore,1BHK,Rent,17,3,0,0
5670,47,14171896,Delhi,1BHK,Buy,18,4,1,1
5671,22,5737918,Mumbai,3BHK,Rent,8,3,0,0
5672,37,9200135,Mumbai,3BHK,Rent,24,3,1,0
5673,57,13946462,Mumbai,3BHK,Rent,8,9,0,0
5674,34,9396991,Pune,2BHK,Buy,5,4,1,0
5675,45,13106671,Pune,1BHK,Rent,24,6,1,1
5676,50,4752878,Bangalore,3BHK,Rent,9,3,1,0
5677,49,9912735,Mumbai,3BHK,Rent,20,8,0,1
5678,40,6319020,Delhi,1BHK,Rent,20,4,0,1
5679,41,2009907,Delhi,2BHK,Buy,23,8,0,0
5680,42,6168142,Mumbai,1BHK,Rent,5,2,1,0
5681,55,7076561,Pune,2BHK,Buy,27,9,1,1
5682,57,14091404,Pune,1BHK,Buy,10,2,1,0
5683,36,6645399,Pune,3BHK,Rent,1,3,1,0
5684,37,5099815,Delhi,3BHK,Rent,24,3,0,0
5685,36,9899405,Mumbai,3BHK,Buy,4,5,1,0
5686,22,7701595,Delhi,2BHK,Rent,24,3,0,0
5687,24,3360247,Mumbai,1BHK,Rent,16,8,1,0
5688,41,8224984,Delhi,2BHK,Buy,18,7,0,1
5689,59,3959612,Delhi,3BHK,Rent,28,1,1,0
5690,54,3819073,Bangalore,2BHK,Rent,12,6,1,0
5691,50,4188157,Delhi,2BHK,Rent,20,2,0,0
5692,26,14533279,Mumbai,2BHK,Buy,15,8,0,1
5693,37,6131980,Delhi,1BHK,Rent,18,8,1,1
5694,59,13068576,Bangalore,2BHK,Buy,5,7,1,0
5695,45,3021983,Bangalore,2BHK,Buy,26,8,1,0
5696,25,3693495,Mumbai,2BHK,Buy,26,1,0,0
5697,25,7532823,Bangalore,3BHK,Rent,14,8,0,1
5698,40,3826650,Bangalore,3BHK,Rent,24,1,0,0
5699,36,3982167,Pune,1BHK,Buy,27,3,0,0
5700,57,7643542,Mumbai,3BHK,Buy,7,4,0,0
5701,29,2181532,Bangalore,1BHK,Rent,11,3,1,0
5702,25,11757588,Bangalore,3BHK,Rent,15,2,1,0
5703,22,5291677,Bangalore,1BHK,Buy,21,3,0,0
5704,29,8551129,Mumbai,1BHK,Rent,11,9,1,1
5705,56,12903699,Pune,1BHK,Buy,7,2,0,0
5706,42,7517967,Delhi,3BHK,Buy,21,5,0,1
5707,42,8459312,Pune,2BHK,Rent,23,3,0,0
5708,42,14966457,Mumbai,3BHK,Rent,20,9,0,1
5709,54,10609707,Mumbai,2BHK,Rent,20,7,0,1
5710,49,7969688,Mumbai,3BHK,Buy,26,3,1,0
5711,58,13957526,Delhi,2BHK,Rent,4,2,1,0
5712,53,11535930,Mumbai,3BHK,Rent,27,2,1,0
5713,38,12062720,Pune,1BHK,Buy,24,5,1,1
5714,27,5834254,Bangalore,1BHK,Buy,1,9,0,0
5715,21,8579327,Bangalore,1BHK,Rent,26,2,1,0
5716,53,11026896,Mumbai,2BHK,Rent,21,2,1,0
5717,21,9404001,Mumbai,2BHK,Buy,28,8,0,1
5718,44,5567312,Delhi,1BHK,Buy,26,3,1,0
5719,24,13078579,Bangalore,2BHK,Rent,2,3,1,0
5720,24,12000569,Delhi,1BHK,Rent,26,6,1,1
5721,38,5311784,Delhi,3BHK,Buy,4,6,1,0
5722,47,9915179,Delhi,2BHK,Rent,5,6,0,0
5723,52,11350403,Delhi,2BHK,Buy,24,5,0,1
5724,53,9536332,Pune,3BHK,Buy,2,4,1,0
5725,48,12971075,Mumbai,2BHK,Rent,2,9,0,0
5726,56,2677510,Mumbai,2BHK,Rent,18,4,1,0
5727,26,9231021,Delhi,2BHK,Buy,24,1,1,0
5728,36,10620552,Delhi,3BHK,Buy,28,8,1,1
5729,54,9396822,Pune,1BHK,Buy,14,8,0,1
5730,43,8095008,Delhi,1BHK,Rent,3,3,0,0
5731,44,9093536,Pune,3BHK,Buy,21,9,1,1
5732,33,9401811,Pune,3BHK,Buy,18,7,0,1
5733,38,6300675,Delhi,3BHK,Buy,22,7,0,1
5734,33,4395968,Mumbai,1BHK,Rent,10,5,0,0
5735,57,9671285,Pune,3BHK,Buy,6,3,0,0
5736,59,10795610,Mumbai,1BHK,Rent,2,5,1,0
5737,37,14021588,Mumbai,3BHK,Rent,20,3,1,0
5738,35,12233431,Pune,2BHK,Buy,11,3,1,0
5739,38,6085198,Bangalore,1BHK,Buy,18,1,1,0
5740,43,13417058,Pune,1BHK,Buy,14,4,1,1
5741,50,14221119,Bangalore,3BHK,Rent,26,9,0,1
5742,54,9832728,Pune,2BHK,Buy,20,6,0,1
5743,24,13726472,Pune,1BHK,Rent,13,6,1,1
5744,23,6412176,Mumbai,3BHK,Rent,29,6,1,1
5745,27,12833044,Mumbai,2BHK,Rent,27,5,1,1
5746,38,14217531,Delhi,1BHK,Rent,7,2,1,0
5747,27,4670722,Mumbai,3BHK,Rent,21,5,0,0
5748,26,2652739,Mumbai,2BHK,Rent,26,3,0,0
5749,42,7102083,Mumbai,1BHK,Buy,20,2,1,0
5750,21,11096682,Mumbai,1BHK,Buy,10,4,1,0
5751,24,3770971,Delhi,2BHK,Rent,26,9,0,0
5752,49,8315270,Mumbai,3BHK,Rent,19,7,1,1
5753,41,4252313,Bangalore,3BHK,Buy,29,9,1,0
5754,46,4039242,Bangalore,2BHK,Buy,29,3,1,0
5755,34,12934807,Delhi,1BHK,Buy,13,2,1,0
5756,29,14484586,Mumbai,2BHK,Buy,22,9,0,1
5757,32,11518857,Bangalore,2BHK,Rent,2,6,1,0
5758,26,8378252,Pune,2BHK,Buy,20,4,0,1
5759,40,11473660,Bangalore,1BHK,Rent,12,4,0,1
5760,44,12790182,Mumbai,2BHK,Rent,8,6,1,0
5761,47,3226642,Bangalore,2BHK,Buy,18,7,1,0
5762,58,12417586,Pune,1BHK,Buy,25,5,1,1
5763,28,13246155,Bangalore,1BHK,Rent,2,8,1,0
5764,21,2126259,Mumbai,2BHK,Rent,16,1,0,0
5765,44,7647061,Pune,3BHK,Rent,8,1,1,0
5766,27,6090798,Delhi,2BHK,Rent,16,4,1,1
5767,39,2838628,Pune,1BHK,Buy,8,8,0,0
5768,42,3409399,Bangalore,1BHK,Buy,23,8,1,0
5769,55,5014445,Delhi,1BHK,Buy,13,6,1,1
5770,50,5332299,Pune,3BHK,Buy,26,5,0,1
5771,49,6738012,Pune,1BHK,Buy,6,2,1,0
5772,42,9496340,Pune,3BHK,Rent,1,5,0,0
5773,31,2124283,Mumbai,1BHK,Rent,2,5,1,0
5774,40,6637412,Delhi,1BHK,Buy,7,2,0,0
5775,49,9020847,Delhi,2BHK,Buy,13,8,0,1
5776,54,12716221,Pune,3BHK,Rent,27,5,1,1
5777,21,5734073,Delhi,2BHK,Rent,4,5,0,0
5778,51,8107921,Bangalore,3BHK,Buy,9,1,1,0
5779,50,5877995,Bangalore,1BHK,Buy,19,1,1,0
5780,38,8505658,Pune,1BHK,Rent,20,1,1,0
5781,37,14725210,Bangalore,3BHK,Buy,3,8,1,0
5782,58,6841700,Pune,2BHK,Buy,23,2,1,0
5783,34,9261231,Bangalore,3BHK,Rent,2,8,1,0
5784,43,4893630,Pune,3BHK,Rent,16,6,1,0
5785,45,12731787,Pune,3BHK,Rent,10,5,1,0
5786,35,5001046,Delhi,1BHK,Buy,28,6,0,1
5787,42,12332961,Delhi,3BHK,Rent,12,4,1,1
5788,23,2037117,Pune,1BHK,Buy,18,3,0,0
5789,39,13664316,Delhi,2BHK,Rent,2,4,0,0
5790,54,13408229,Delhi,1BHK,Buy,14,9,0,1
5791,55,4025558,Mumbai,2BHK,Buy,12,8,0,0
5792,21,9320756,Bangalore,2BHK,Rent,20,8,1,1
5793,41,5355672,Delhi,2BHK,Buy,24,1,1,0
5794,49,6382653,Pune,1BHK,Buy,24,5,0,1
5795,26,14275075,Mumbai,3BHK,Rent,24,6,0,1
5796,57,5598557,Mumbai,1BHK,Buy,8,9,0,0
5797,21,14628364,Delhi,2BHK,Rent,23,6,1,1
5798,21,7249534,Pune,3BHK,Buy,22,1,1,0
5799,47,2948784,Pune,1BHK,Rent,28,1,1,0
5800,41,8414775,Pune,2BHK,Rent,7,7,1,0
5801,36,7086382,Pune,2BHK,Buy,13,3,1,0
5802,46,6413319,Pune,3BHK,Rent,15,7,0,1
5803,36,3861591,Bangalore,1BHK,Rent,14,5,1,0
5804,48,12210577,Pune,3BHK,Buy,5,1,0,0
5805,21,12055714,Pune,3BHK,Rent,8,8,0,0
5806,56,7118168,Bangalore,3BHK,Rent,18,9,0,1
5807,30,12648983,Delhi,3BHK,Rent,5,6,0,0
5808,37,12617350,Mumbai,1BHK,Rent,23,2,1,0
5809,43,12764556,Bangalore,3BHK,Buy,9,9,1,0
5810,27,7714557,Mumbai,2BHK,Rent,10,2,1,0
5811,27,3685978,Mumbai,2BHK,Rent,17,6,1,0
5812,35,10634223,Bangalore,2BHK,Rent,27,4,1,1
5813,54,11164100,Pune,3BHK,Buy,25,6,0,1
5814,24,11801817,Mumbai,2BHK,Buy,3,4,1,0
5815,34,10623145,Pune,1BHK,Rent,1,3,1,0
5816,34,7416300,Delhi,3BHK,Rent,7,8,1,0
5817,36,9851801,Bangalore,3BHK,Buy,15,5,0,1
5818,27,6271061,Mumbai,3BHK,Rent,19,1,0,0
5819,52,3597259,Pune,1BHK,Rent,8,8,1,0
5820,39,2133407,Mumbai,3BHK,Rent,11,3,0,0
5821,22,3674842,Delhi,3BHK,Rent,2,4,0,0
5822,30,7706208,Delhi,2BHK,Buy,20,9,0,1
5823,37,2655860,Mumbai,2BHK,Buy,28,3,0,0
5824,57,7891709,Bangalore,3BHK,Buy,2,5,1,0
5825,32,13757619,Delhi,1BHK,Buy,11,8,1,1
5826,26,14328851,Pune,2BHK,Buy,20,6,0,1
5827,42,10757350,Delhi,3BHK,Rent,28,3,0,0
5828,52,8503784,Pune,2BHK,Buy,17,8,0,1
5829,40,10787367,Mumbai,2BHK,Rent,29,5,0,1
5830,21,5132090,Pune,1BHK,Buy,10,6,0,0
5831,26,14520652,Mumbai,3BHK,Rent,5,3,0,0
5832,39,11795499,Delhi,2BHK,Buy,3,8,1,0
5833,38,2530901,Bangalore,3BHK,Buy,9,4,0,0
5834,26,7090769,Delhi,1BHK,Rent,20,9,1,1
5835,53,3246511,Delhi,1BHK,Rent,22,5,1,0
5836,43,13443804,Delhi,2BHK,Rent,25,1,1,0
5837,43,2862634,Delhi,1BHK,Buy,2,9,0,0
5838,46,12380943,Bangalore,2BHK,Buy,23,8,0,1
5839,33,3570925,Delhi,3BHK,Rent,19,5,1,0
5840,27,14668578,Pune,2BHK,Buy,17,3,1,0
5841,35,4643508,Bangalore,2BHK,Rent,25,9,0,0
5842,47,2835489,Bangalore,1BHK,Buy,25,7,0,0
5843,46,6999682,Pune,3BHK,Rent,12,8,0,1
5844,53,13161667,Mumbai,3BHK,Rent,27,3,0,0
5845,35,6803829,Delhi,2BHK,Buy,20,6,0,1
5846,56,13520388,Bangalore,3BHK,Rent,9,4,1,0
5847,47,10656521,Delhi,3BHK,Buy,23,3,0,0
5848,25,5825971,Delhi,2BHK,Buy,4,4,1,0
5849,22,9925660,Pune,2BHK,Buy,28,2,1,0
5850,53,5249950,Pune,3BHK,Rent,18,5,1,1
5851,36,12719691,Pune,2BHK,Rent,16,8,1,1
5852,43,14749146,Delhi,1BHK,Rent,29,5,0,1
5853,58,8773060,Bangalore,3BHK,Buy,21,2,1,0
5854,36,4130586,Bangalore,2BHK,Buy,24,7,1,0
5855,34,7002838,Mumbai,3BHK,Rent,10,8,0,0
5856,49,5878979,Delhi,3BHK,Buy,26,4,0,1
5857,46,7347519,Mumbai,1BHK,Buy,22,3,1,0
5858,55,2443604,Mumbai,1BHK,Buy,12,8,0,0
5859,35,13847006,Mumbai,3BHK,Rent,28,2,0,0
5860,23,3203307,Mumbai,1BHK,Rent,11,7,0,0
5861,43,12202351,Mumbai,2BHK,Rent,5,8,0,0
5862,49,8396119,Delhi,3BHK,Buy,20,5,0,1
5863,54,12335796,Pune,1BHK,Buy,11,7,1,1
5864,53,9726409,Mumbai,3BHK,Rent,16,9,0,1
5865,43,2023088,Bangalore,3BHK,Rent,15,8,0,0
5866,27,7311344,Delhi,2BHK,Rent,6,5,0,0
5867,23,3940929,Mumbai,2BHK,Buy,13,4,0,0
5868,52,11235038,Bangalore,2BHK,Rent,16,3,1,0
5869,51,3875390,Mumbai,1BHK,Rent,27,6,0,0
5870,38,9630360,Pune,1BHK,Rent,3,4,1,0
5871,27,8442627,Delhi,1BHK,Buy,18,4,0,1
5872,21,9278770,Pune,2BHK,Rent,1,7,1,0
5873,34,10085898,Bangalore,3BHK,Buy,25,5,0,1
5874,52,7989520,Mumbai,2BHK,Rent,17,1,0,0
5875,26,7280619,Pune,1BHK,Buy,27,5,1,1
5876,59,14448705,Pune,1BHK,Rent,20,6,0,1
5877,30,11576645,Mumbai,1BHK,Rent,6,1,1,0
5878,27,6211656,Delhi,2BHK,Buy,9,3,0,0
5879,46,14709700,Bangalore,1BHK,Rent,4,6,1,0
5880,54,14997276,Delhi,2BHK,Rent,7,7,1,0
5881,50,14090452,Bangalore,3BHK,Rent,23,7,0,1
5882,56,8883784,Bangalore,2BHK,Rent,29,7,1,1
5883,41,7170428,Pune,1BHK,Buy,22,9,0,1
5884,37,14556150,Mumbai,3BHK,Buy,25,2,1,0
5885,53,9434462,Delhi,1BHK,Buy,11,3,0,0
5886,30,5897619,Pune,3BHK,Buy,26,7,1,1
5887,32,12936090,Pune,1BHK,Buy,23,6,1,1
5888,36,9249671,Pune,2BHK,Buy,3,1,0,0
5889,52,6736340,Delhi,1BHK,Buy,16,7,1,1
5890,35,14698070,Pune,2BHK,Buy,6,2,0,0
5891,47,11656773,Mumbai,2BHK,Rent,7,4,0,0
5892,48,7439234,Pune,3BHK,Rent,12,7,0,1
5893,37,9007176,Pune,2BHK,Buy,7,4,0,0
5894,22,7515270,Bangalore,2BHK,Buy,29,6,0,1
5895,56,8350851,Pune,2BHK,Buy,22,9,0,1
5896,27,14222182,Delhi,3BHK,Rent,19,5,0,1
5897,33,13957892,Delhi,1BHK,Buy,22,3,0,0
5898,35,7196682,Mumbai,1BHK,Buy,16,6,0,1
5899,45,9736334,Delhi,2BHK,Buy,18,4,0,1
5900,43,14805055,Delhi,2BHK,Buy,10,9,0,0
5901,42,4883553,Pune,1BHK,Rent,29,2,1,0
5902,46,13287052,Mumbai,2BHK,Buy,1,5,0,0
5903,53,6594927,Delhi,1BHK,Rent,8,9,0,0
5904,31,5170663,Mumbai,3BHK,Rent,3,7,0,0
5905,30,12985989,Mumbai,2BHK,Rent,16,5,1,1
5906,45,13059127,Bangalore,2BHK,Buy,24,8,0,1
5907,57,10422719,Bangalore,1BHK,Rent,3,2,0,0
5908,58,13328742,Pune,1BHK,Buy,2,4,0,0
5909,44,12692529,Delhi,3BHK,Buy,12,6,1,1
5910,53,6676637,Pune,2BHK,Buy,8,7,0,0
5911,37,3539605,Pune,1BHK,Buy,19,8,1,0
5912,44,4315160,Mumbai,3BHK,Buy,24,4,0,0
5913,57,10203419,Mumbai,1BHK,Buy,18,9,0,1
5914,22,10429173,Mumbai,1BHK,Buy,20,7,1,1
5915,52,9359315,Pune,3BHK,Buy,25,2,1,0
5916,44,10192934,Delhi,3BHK,Rent,15,9,1,1
5917,29,3279938,Pune,3BHK,Buy,17,7,0,0
5918,24,2611204,Pune,3BHK,Rent,18,5,1,0
5919,37,7322432,Pune,3BHK,Buy,18,3,1,0
5920,37,3038734,Bangalore,3BHK,Rent,9,9,0,0
5921,50,14621145,Bangalore,2BHK,Rent,26,7,0,1
5922,31,7764290,Delhi,3BHK,Buy,5,3,0,0
5923,41,6479143,Bangalore,2BHK,Rent,11,5,1,1
5924,41,11396600,Pune,1BHK,Buy,29,3,0,0
5925,38,12087912,Bangalore,1BHK,Rent,4,3,0,0
5926,49,14756718,Bangalore,3BHK,Buy,26,7,1,1
5927,44,10732009,Pune,1BHK,Rent,10,9,0,0
5928,30,13273697,Delhi,3BHK,Rent,4,5,0,0
5929,37,12360051,Bangalore,3BHK,Buy,23,4,1,1
5930,38,12791518,Pune,2BHK,Rent,3,4,1,0
5931,40,13535346,Pune,1BHK,Buy,25,3,1,0
5932,57,10632908,Pune,3BHK,Buy,16,8,1,1
5933,38,14039338,Mumbai,1BHK,Rent,21,1,1,0
5934,37,9994880,Pune,2BHK,Rent,11,3,0,0
5935,29,6345237,Bangalore,1BHK,Rent,9,2,1,0
5936,34,5563069,Bangalore,2BHK,Buy,1,7,1,0
5937,49,11053337,Pune,2BHK,Buy,10,6,0,0
5938,51,9404544,Mumbai,2BHK,Buy,12,1,1,0
5939,24,11512840,Mumbai,3BHK,Buy,24,3,1,0
5940,38,12178303,Mumbai,3BHK,Rent,2,4,0,0
5941,40,12845590,Bangalore,1BHK,Buy,15,7,0,1
5942,29,5320938,Mumbai,3BHK,Buy,24,3,0,0
5943,33,13471353,Delhi,3BHK,Rent,20,4,0,1
5944,35,8569089,Delhi,1BHK,Rent,16,7,0,1
5945,47,4156941,Mumbai,2BHK,Rent,2,4,0,0
5946,35,5739941,Delhi,2BHK,Buy,13,9,1,1
5947,48,9651879,Pune,1BHK,Rent,18,6,0,1
5948,57,11917886,Mumbai,3BHK,Rent,29,2,0,0
5949,39,13610961,Mumbai,1BHK,Buy,22,1,0,0
5950,46,10053620,Mumbai,1BHK,Buy,19,8,0,1
5951,46,8813020,Pune,3BHK,Buy,11,3,1,0
5952,45,10557770,Pune,1BHK,Buy,14,7,0,1
5953,46,11990277,Mumbai,3BHK,Rent,26,4,1,1
5954,46,9959298,Bangalore,3BHK,Buy,3,3,1,0
5955,48,14978683,Bangalore,1BHK,Rent,9,9,0,0
5956,38,14108865,Delhi,2BHK,Rent,5,6,1,0
5957,52,13481567,Pune,3BHK,Buy,14,6,0,1
5958,23,9467870,Delhi,2BHK,Buy,7,6,1,0
5959,22,13076042,Delhi,3BHK,Buy,12,3,1,0
5960,53,4473301,Mumbai,2BHK,Buy,21,6,1,0
5961,39,4899650,Bangalore,1BHK,Rent,18,4,1,0
5962,37,13145841,Delhi,3BHK,Buy,11,2,0,0
5963,53,12301598,Mumbai,1BHK,Buy,27,3,1,0
5964,32,4889888,Pune,1BHK,Rent,24,4,0,0
5965,23,13777277,Delhi,1BHK,Rent,9,1,1,0
5966,46,14101591,Bangalore,3BHK,Rent,11,7,0,1
5967,55,6535211,Pune,1BHK,Buy,18,5,1,1
5968,28,5972622,Mumbai,1BHK,Rent,2,9,0,0
5969,56,10246820,Pune,3BHK,Rent,20,6,1,1
5970,27,9936154,Delhi,1BHK,Rent,13,8,0,1
5971,56,10362469,Pune,3BHK,Buy,15,9,0,1
5972,36,4470319,Pune,1BHK,Rent,8,6,1,0
5973,44,6836363,Pune,2BHK,Buy,5,7,1,0
5974,21,12488349,Bangalore,1BHK,Rent,5,6,1,0
5975,45,12872927,Delhi,2BHK,Rent,7,6,1,0
5976,30,9770326,Mumbai,3BHK,Rent,12,2,1,0
5977,36,8346374,Bangalore,2BHK,Rent,20,5,0,1
5978,36,12368289,Delhi,3BHK,Rent,12,6,0,1
5979,28,10396319,Mumbai,1BHK,Rent,9,5,1,0
5980,49,11655156,Mumbai,2BHK,Buy,4,4,1,0
5981,59,6515878,Mumbai,1BHK,Buy,8,6,1,0
5982,48,4815839,Delhi,2BHK,Buy,19,6,1,0
5983,26,2750506,Mumbai,3BHK,Rent,22,8,1,0
5984,36,4986189,Mumbai,3BHK,Buy,1,8,0,0
5985,40,6453293,Bangalore,3BHK,Rent,23,1,0,0
5986,36,9671711,Mumbai,3BHK,Buy,11,2,0,0
5987,27,2873002,Pune,1BHK,Rent,23,1,1,0
5988,34,8412771,Bangalore,1BHK,Buy,13,7,1,1
5989,46,7147984,Bangalore,1BHK,Rent,18,8,1,1
5990,46,13908591,Delhi,1BHK,Rent,21,3,0,0
5991,34,14886786,Mumbai,1BHK,Buy,20,3,1,0
5992,27,7911625,Pune,3BHK,Rent,10,7,1,0
5993,53,13671358,Pune,1BHK,Buy,13,8,1,1
5994,46,3805166,Mumbai,1BHK,Buy,25,6,0,0
5995,40,3253159,Mumbai,1BHK,Buy,12,8,0,0
5996,23,9261969,Delhi,3BHK,Buy,13,2,0,0
5997,24,10280934,Pune,3BHK,Rent,2,7,0,0
5998,46,5039933,Bangalore,3BHK,Buy,3,5,0,0
5999,31,2195507,Delhi,3BHK,Rent,29,6,0,0
6000,22,10289069,Delhi,1BHK,Rent,17,7,1,1
6001,34,10854326,Bangalore,1BHK,Rent,26,9,1,1
6002,50,7350317,Delhi,2BHK,Buy,21,7,1,1
6003,32,11563978,Mumbai,1BHK,Rent,19,1,0,0
6004,46,10722875,Bangalore,3BHK,Rent,12,5,0,1
6005,53,13969305,Bangalore,3BHK,Buy,16,4,0,1
6006,33,9305626,Pune,1BHK,Rent,20,8,0,1
6007,34,10340133,Bangalore,2BHK,Rent,20,7,1,1
6008,44,4971413,Delhi,3BHK,Rent,22,4,1,0
6009,54,8344661,Pune,2BHK,Rent,10,3,0,0
6010,46,2106948,Delhi,3BHK,Rent,23,6,0,0
6011,41,7564834,Mumbai,3BHK,Buy,23,8,0,1
6012,48,4472385,Mumbai,1BHK,Buy,15,3,1,0
6013,56,3637346,Pune,3BHK,Buy,27,5,0,0
6014,22,11768520,Pune,2BHK,Buy,8,1,1,0
6015,29,11000050,Delhi,2BHK,Buy,19,8,1,1
6016,43,5756082,Mumbai,1BHK,Rent,5,7,0,0
6017,35,4315632,Pune,3BHK,Buy,12,8,0,0
6018,33,13001745,Mumbai,2BHK,Rent,10,2,0,0
6019,43,12120874,Mumbai,1BHK,Rent,22,7,1,1
6020,37,14711426,Mumbai,2BHK,Buy,14,4,1,1
6021,22,4916561,Delhi,1BHK,Buy,28,2,1,0
6022,40,14587895,Delhi,2BHK,Rent,22,9,1,1
6023,40,2695269,Mumbai,3BHK,Rent,12,5,1,0
6024,23,3025926,Mumbai,2BHK,Buy,24,7,1,0
6025,32,13729888,Mumbai,2BHK,Buy,13,4,0,1
6026,22,14211025,Bangalore,1BHK,Rent,21,4,0,1
6027,56,9986988,Bangalore,1BHK,Rent,21,3,0,0
6028,34,6362110,Delhi,1BHK,Buy,17,1,1,0
6029,36,4826866,Mumbai,2BHK,Buy,1,2,0,0
6030,39,5384754,Bangalore,1BHK,Buy,22,9,0,1
6031,54,2641800,Pune,3BHK,Rent,10,1,0,0
6032,26,10455394,Pune,1BHK,Rent,26,5,1,1
6033,33,12752662,Mumbai,1BHK,Rent,5,2,0,0
6034,56,3413387,Bangalore,3BHK,Rent,11,4,0,0
6035,42,7703795,Pune,1BHK,Buy,10,7,1,0
6036,38,9972439,Delhi,1BHK,Buy,6,5,0,0
6037,32,9702333,Pune,2BHK,Rent,15,1,0,0
6038,50,6276977,Delhi,2BHK,Rent,9,3,1,0
6039,27,4250056,Pune,1BHK,Buy,8,9,0,0
6040,52,12744871,Pune,3BHK,Rent,23,1,1,0
6041,39,6833461,Bangalore,1BHK,Buy,23,4,1,1
6042,26,13978217,Pune,1BHK,Buy,6,5,0,0
6043,40,3293520,Pune,1BHK,Rent,6,3,1,0
6044,47,4532230,Delhi,2BHK,Rent,17,3,0,0
6045,57,14864784,Delhi,3BHK,Buy,12,1,0,0
6046,27,6035702,Pune,3BHK,Buy,7,6,0,0
6047,25,14414333,Mumbai,3BHK,Rent,5,4,0,0
6048,31,2433073,Pune,2BHK,Rent,16,8,0,0
6049,35,11858583,Pune,2BHK,Rent,23,6,1,1
6050,23,2481537,Bangalore,1BHK,Buy,6,3,1,0
6051,25,14318178,Pune,2BHK,Rent,8,7,0,0
6052,43,12475474,Pune,1BHK,Buy,3,3,1,0
6053,57,14978292,Delhi,2BHK,Buy,8,9,0,0
6054,29,13917769,Delhi,1BHK,Rent,29,8,0,1
6055,35,12971700,Delhi,2BHK,Buy,7,3,0,0
6056,23,12205997,Delhi,3BHK,Rent,17,2,0,0
6057,49,7916645,Pune,1BHK,Rent,19,3,1,0
6058,26,11964293,Mumbai,2BHK,Rent,26,4,0,1
6059,37,14900146,Bangalore,2BHK,Rent,20,3,0,0
6060,46,3464308,Bangalore,1BHK,Rent,14,9,0,0
6061,41,3976553,Mumbai,2BHK,Buy,25,2,0,0
6062,28,8075766,Mumbai,3BHK,Rent,28,8,1,1
6063,41,11610786,Bangalore,1BHK,Buy,6,7,0,0
6064,31,14576692,Pune,1BHK,Rent,7,1,1,0
6065,58,14529554,Bangalore,1BHK,Rent,5,6,1,0
6066,28,8547652,Mumbai,1BHK,Rent,19,6,1,1
6067,44,8133784,Pune,1BHK,Rent,21,9,1,1
6068,55,2223626,Bangalore,3BHK,Buy,28,8,0,0
6069,34,10340169,Pune,1BHK,Rent,7,7,1,0
6070,34,8502160,Pune,3BHK,Rent,9,7,1,0
6071,30,4333731,Mumbai,3BHK,Rent,12,5,1,0
6072,32,14520921,Delhi,3BHK,Buy,25,2,1,0
6073,58,12879839,Bangalore,1BHK,Rent,15,5,1,1
6074,54,4637588,Mumbai,3BHK,Buy,15,1,0,0
6075,30,8378001,Bangalore,1BHK,Rent,28,6,0,1
6076,37,3103035,Delhi,3BHK,Rent,24,2,1,0
6077,37,9030161,Delhi,1BHK,Rent,21,1,1,0
6078,23,14404992,Delhi,2BHK,Rent,16,1,0,0
6079,51,3565831,Delhi,2BHK,Rent,23,1,1,0
6080,21,8692801,Bangalore,3BHK,Rent,20,4,0,1
6081,32,6286258,Pune,2BHK,Rent,26,5,1,1
6082,59,2944545,Pune,3BHK,Buy,15,5,1,0
6083,24,6807971,Delhi,3BHK,Rent,5,1,0,0
6084,33,10671805,Delhi,3BHK,Rent,12,6,1,1
6085,54,2882816,Pune,2BHK,Buy,4,3,1,0
6086,41,2496626,Mumbai,3BHK,Rent,3,4,0,0
6087,42,5314004,Delhi,2BHK,Rent,29,5,1,1
6088,24,12134784,Pune,2BHK,Buy,27,4,0,1
6089,38,6426719,Mumbai,1BHK,Rent,29,4,1,1
6090,25,9204563,Pune,2BHK,Rent,1,1,0,0
6091,39,2454318,Mumbai,1BHK,Buy,13,2,1,0
6092,22,13673699,Bangalore,3BHK,Buy,5,2,0,0
6093,32,10103974,Mumbai,3BHK,Rent,12,2,0,0
6094,37,2278429,Delhi,1BHK,Buy,2,1,0,0
6095,30,6518037,Mumbai,3BHK,Buy,6,8,1,0
6096,54,11013937,Mumbai,1BHK,Buy,5,1,1,0
6097,26,12312492,Delhi,1BHK,Rent,27,8,0,1
6098,28,9173449,Bangalore,3BHK,Rent,18,1,1,0
6099,31,3627255,Mumbai,1BHK,Buy,24,3,0,0
6100,32,14584519,Bangalore,1BHK,Buy,5,9,1,0
6101,29,7503194,Pune,1BHK,Buy,18,8,0,1
6102,22,13537289,Pune,3BHK,Buy,16,2,1,0
6103,28,7969709,Delhi,3BHK,Rent,17,4,1,1
6104,31,11383034,Bangalore,3BHK,Rent,2,8,1,0
6105,56,13333875,Delhi,3BHK,Rent,17,9,1,1
6106,30,7749621,Delhi,3BHK,Rent,10,7,1,0
6107,41,14259914,Mumbai,2BHK,Buy,26,1,1,0
6108,40,5127813,Pune,2BHK,Rent,3,8,1,0
6109,28,7232829,Delhi,1BHK,Buy,14,1,1,0
6110,56,10248544,Mumbai,2BHK,Buy,19,9,0,1
6111,49,7516178,Mumbai,3BHK,Buy,12,8,0,1
6112,32,11300582,Bangalore,3BHK,Buy,26,4,0,1
6113,34,12050001,Pune,3BHK,Rent,1,4,1,0
6114,41,7449826,Bangalore,1BHK,Buy,7,4,1,0
6115,42,6908394,Bangalore,1BHK,Buy,26,6,0,1
6116,41,5406820,Delhi,1BHK,Buy,7,2,0,0
6117,50,4448466,Bangalore,1BHK,Buy,13,4,0,0
6118,59,11856692,Delhi,1BHK,Rent,9,4,0,0
6119,40,13055159,Bangalore,1BHK,Buy,5,8,0,0
6120,44,13478717,Mumbai,2BHK,Rent,4,2,0,0
6121,43,2468897,Pune,3BHK,Buy,5,8,0,0
6122,27,13760661,Pune,2BHK,Rent,24,2,0,0
6123,29,14884547,Pune,1BHK,Buy,24,9,0,1
6124,21,7816504,Mumbai,3BHK,Buy,28,9,0,1
6125,46,5162633,Mumbai,3BHK,Rent,20,6,1,1
6126,58,9370305,Bangalore,3BHK,Rent,12,5,1,1
6127,58,3173767,Bangalore,2BHK,Rent,8,7,1,0
6128,42,5303034,Bangalore,3BHK,Buy,13,8,0,1
6129,30,2066538,Bangalore,1BHK,Rent,4,8,0,0
6130,26,6882237,Pune,1BHK,Rent,20,3,1,0
6131,37,3928347,Bangalore,2BHK,Buy,11,3,1,0
6132,58,12747785,Mumbai,2BHK,Rent,15,5,0,1
6133,44,6389696,Mumbai,1BHK,Buy,24,5,1,1
6134,30,11566177,Mumbai,2BHK,Buy,14,2,1,0
6135,28,4894914,Delhi,3BHK,Rent,18,5,1,0
6136,41,8101865,Delhi,2BHK,Buy,20,1,1,0
6137,26,14729995,Delhi,3BHK,Buy,1,7,1,0
6138,41,11520721,Bangalore,3BHK,Buy,1,7,1,0
6139,59,6779577,Pune,3BHK,Buy,11,1,1,0
6140,44,10820116,Pune,3BHK,Rent,29,3,1,0
6141,53,6840896,Bangalore,3BHK,Rent,29,8,1,1
6142,38,2136322,Bangalore,1BHK,Buy,29,9,0,0
6143,48,2258116,Delhi,1BHK,Rent,24,3,1,0
6144,52,5955449,Mumbai,1BHK,Buy,20,6,0,1
6145,32,4130239,Mumbai,3BHK,Rent,6,6,0,0
6146,47,7988935,Delhi,2BHK,Rent,5,6,0,0
6147,30,4133520,Delhi,2BHK,Buy,13,5,1,0
6148,52,12082120,Pune,3BHK,Buy,10,6,1,0
6149,46,9148703,Delhi,2BHK,Buy,6,6,1,0
6150,45,13625029,Mumbai,3BHK,Buy,4,6,1,0
6151,31,8276839,Mumbai,2BHK,Rent,4,8,1,0
6152,43,8044806,Bangalore,3BHK,Buy,7,6,1,0
6153,54,7621510,Pune,2BHK,Rent,16,3,1,0
6154,43,13186286,Bangalore,2BHK,Rent,1,7,1,0
6155,49,8513638,Pune,1BHK,Buy,9,6,1,0
6156,51,12642165,Bangalore,2BHK,Rent,26,9,0,1
6157,27,12256666,Pune,2BHK,Buy,19,4,1,1
6158,53,3670663,Delhi,3BHK,Buy,20,1,1,0
6159,41,8422472,Mumbai,2BHK,Rent,15,6,1,1
6160,22,10337102,Delhi,2BHK,Buy,9,9,0,0
6161,38,8034478,Pune,2BHK,Buy,21,8,1,1
6162,53,6594641,Pune,2BHK,Buy,28,2,1,0
6163,57,13155797,Bangalore,2BHK,Rent,20,3,0,0
6164,54,9003377,Pune,1BHK,Rent,28,8,1,1
6165,40,9305737,Delhi,2BHK,Buy,22,9,0,1
6166,55,9815157,Pune,3BHK,Buy,1,8,0,0
6167,38,4970993,Pune,3BHK,Rent,26,1,1,0
6168,44,7110662,Bangalore,2BHK,Rent,1,3,1,0
6169,28,3556610,Pune,2BHK,Buy,16,8,0,0
6170,50,3836301,Bangalore,2BHK,Rent,5,1,1,0
6171,30,5037099,Mumbai,1BHK,Buy,21,7,0,1
6172,43,11935661,Bangalore,3BHK,Buy,27,4,1,1
6173,31,2311356,Pune,1BHK,Buy,9,7,0,0
6174,22,13487395,Mumbai,1BHK,Rent,1,4,1,0
6175,46,5221004,Pune,2BHK,Rent,19,8,0,1
6176,56,10139023,Bangalore,2BHK,Rent,16,6,0,1
6177,53,8356687,Delhi,3BHK,Buy,3,8,0,0
6178,33,7875445,Mumbai,2BHK,Rent,4,1,1,0
6179,45,7526771,Delhi,3BHK,Rent,12,9,0,1
6180,24,13247576,Delhi,1BHK,Buy,29,9,1,1
6181,39,14532709,Mumbai,3BHK,Rent,7,6,1,0
6182,38,13957681,Delhi,3BHK,Buy,15,9,0,1
6183,57,9602213,Delhi,3BHK,Buy,23,6,0,1
6184,50,6036454,Delhi,1BHK,Rent,15,6,1,1
6185,39,4194999,Delhi,1BHK,Rent,26,4,0,0
6186,43,2777725,Mumbai,2BHK,Buy,5,3,0,0
6187,36,8339959,Pune,2BHK,Rent,25,3,1,0
6188,21,8793832,Delhi,3BHK,Rent,23,2,0,0
6189,32,3343961,Mumbai,3BHK,Rent,2,4,1,0
6190,44,8228556,Mumbai,1BHK,Buy,12,9,0,1
6191,54,13892651,Mumbai,1BHK,Buy,19,7,0,1
6192,28,14204530,Mumbai,1BHK,Rent,27,3,1,0
6193,38,7717209,Bangalore,3BHK,Buy,23,8,0,1
6194,25,2259966,Pune,3BHK,Rent,5,9,1,0
6195,46,9195190,Pune,1BHK,Rent,23,1,0,0
6196,50,3731126,Delhi,3BHK,Rent,25,1,0,0
6197,33,6267136,Mumbai,1BHK,Rent,25,9,1,1
6198,39,3332103,Bangalore,2BHK,Buy,3,9,1,0
6199,49,14300670,Mumbai,1BHK,Rent,24,7,1,1
6200,23,4483587,Delhi,3BHK,Buy,29,3,1,0
6201,46,14476500,Pune,3BHK,Buy,6,4,1,0
6202,32,14570325,Delhi,3BHK,Rent,13,7,0,1
6203,22,11813428,Delhi,3BHK,Rent,20,9,1,1
6204,31,12177584,Delhi,1BHK,Buy,15,8,1,1
6205,48,13953218,Delhi,1BHK,Rent,4,8,1,0
6206,38,10384640,Delhi,2BHK,Rent,20,1,1,0
6207,33,12419542,Delhi,1BHK,Buy,7,6,1,0
6208,57,5274272,Delhi,2BHK,Buy,22,6,1,1
6209,42,4018422,Pune,1BHK,Buy,18,5,1,0
6210,32,12523315,Pune,1BHK,Rent,21,1,0,0
6211,22,3759144,Mumbai,3BHK,Rent,21,3,1,0
6212,57,2818838,Mumbai,2BHK,Buy,22,4,0,0
6213,27,8120632,Bangalore,3BHK,Buy,7,7,0,0
6214,46,14570105,Bangalore,3BHK,Rent,12,5,0,1
6215,46,13227781,Pune,1BHK,Buy,11,2,0,0
6216,44,12947093,Pune,1BHK,Buy,24,3,1,0
6217,32,14270832,Bangalore,2BHK,Rent,12,1,1,0
6218,36,4389580,Pune,2BHK,Buy,26,6,0,0
6219,43,13161291,Bangalore,1BHK,Rent,15,8,1,1
6220,29,3925635,Mumbai,2BHK,Buy,8,4,0,0
6221,52,3980413,Pune,1BHK,Rent,11,2,0,0
6222,35,6283327,Pune,1BHK,Rent,21,4,0,1
6223,57,8269854,Bangalore,1BHK,Buy,18,4,0,1
6224,33,14747684,Delhi,2BHK,Buy,10,5,0,0
6225,25,11478700,Delhi,3BHK,Buy,8,3,1,0
6226,31,5104490,Mumbai,2BHK,Rent,6,9,1,0
6227,30,14838535,Pune,3BHK,Buy,3,7,1,0
6228,33,13025063,Pune,2BHK,Rent,20,9,1,1
6229,35,8645340,Bangalore,3BHK,Buy,12,7,1,1
6230,27,12189828,Delhi,3BHK,Rent,17,4,0,1
6231,48,6155035,Delhi,2BHK,Buy,3,5,1,0
6232,52,13948788,Mumbai,2BHK,Rent,20,7,0,1
6233,55,10355687,Delhi,3BHK,Rent,18,6,1,1
6234,35,6523088,Delhi,1BHK,Rent,12,9,0,1
6235,56,5753206,Delhi,3BHK,Rent,22,3,0,0
6236,41,12480470,Bangalore,3BHK,Rent,24,8,0,1
6237,26,2963208,Delhi,1BHK,Rent,16,4,0,0
6238,21,3135583,Mumbai,3BHK,Buy,28,9,0,0
6239,24,14215602,Delhi,1BHK,Rent,22,1,0,0
6240,31,11130611,Mumbai,1BHK,Buy,10,5,1,0
6241,46,7109661,Bangalore,2BHK,Buy,19,4,1,1
6242,57,3057721,Bangalore,3BHK,Buy,9,5,0,0
6243,43,10406834,Mumbai,3BHK,Buy,14,6,0,1
6244,49,13799282,Bangalore,1BHK,Buy,20,1,1,0
6245,41,13034167,Pune,3BHK,Buy,14,8,0,1
6246,47,11500744,Pune,1BHK,Buy,22,3,1,0
6247,59,8288956,Pune,3BHK,Rent,4,7,0,0
6248,33,13780077,Pune,3BHK,Buy,15,7,1,1
6249,43,14282417,Pune,1BHK,Buy,20,9,0,1
6250,36,6579449,Bangalore,1BHK,Rent,27,7,1,1
6251,50,13989678,Mumbai,3BHK,Rent,2,8,1,0
6252,24,10984537,Bangalore,3BHK,Buy,26,4,1,1
6253,36,2051712,Delhi,1BHK,Rent,18,4,0,0
6254,51,2975288,Pune,2BHK,Buy,2,8,1,0
6255,45,14188709,Pune,2BHK,Rent,18,4,1,1
6256,32,6524733,Bangalore,3BHK,Buy,8,4,0,0
6257,46,6309582,Delhi,3BHK,Rent,10,3,0,0
6258,57,10038341,Bangalore,3BHK,Buy,20,3,0,0
6259,53,4262353,Mumbai,1BHK,Rent,4,4,1,0
6260,48,13296704,Pune,3BHK,Buy,10,2,0,0
6261,29,5772093,Bangalore,3BHK,Rent,10,3,1,0
6262,32,2734391,Mumbai,3BHK,Rent,27,2,1,0
6263,25,3312784,Pune,2BHK,Rent,3,6,1,0
6264,48,6814206,Pune,3BHK,Rent,21,3,1,0
6265,55,5328367,Pune,3BHK,Rent,4,2,1,0
6266,25,9632187,Delhi,1BHK,Buy,23,9,0,1
6267,54,3381872,Bangalore,2BHK,Buy,10,8,0,0
6268,54,12972504,Pune,1BHK,Buy,7,5,0,0
6269,33,9461821,Pune,3BHK,Rent,22,9,0,1
6270,59,2321064,Mumbai,3BHK,Rent,23,5,0,0
6271,34,9099275,Bangalore,3BHK,Rent,12,5,0,1
6272,31,14991452,Mumbai,3BHK,Buy,7,4,0,0
6273,58,4685400,Bangalore,3BHK,Buy,13,3,1,0
6274,24,2122994,Pune,1BHK,Buy,8,9,1,0
6275,53,10329315,Delhi,3BHK,Rent,27,4,1,1
6276,27,11731956,Mumbai,3BHK,Rent,13,7,1,1
6277,28,7102005,Delhi,2BHK,Rent,1,5,1,0
6278,57,6924760,Delhi,2BHK,Buy,16,7,0,1
6279,30,3882460,Delhi,3BHK,Rent,19,8,0,0
6280,35,9118986,Bangalore,3BHK,Rent,28,8,0,1
6281,58,11786189,Bangalore,3BHK,Rent,19,6,1,1
6282,35,10416557,Delhi,3BHK,Buy,21,5,0,1
6283,25,11639868,Pune,3BHK,Buy,26,2,1,0
6284,49,9230992,Pune,3BHK,Buy,13,8,1,1
6285,39,4432833,Delhi,1BHK,Rent,29,5,0,0
6286,30,2378147,Mumbai,1BHK,Rent,7,8,1,0
6287,32,7455945,Mumbai,1BHK,Buy,15,6,1,1
6288,24,12219270,Bangalore,2BHK,Rent,26,8,0,1
6289,51,11413091,Mumbai,3BHK,Rent,6,1,0,0
6290,38,7648399,Pune,2BHK,Rent,4,9,0,0
6291,36,2574989,Delhi,2BHK,Buy,22,9,0,0
6292,56,11225551,Mumbai,2BHK,Buy,23,3,1,0
6293,45,8372120,Delhi,1BHK,Buy,20,5,0,1
6294,43,4508648,Mumbai,3BHK,Rent,11,7,0,0
6295,32,5185155,Bangalore,3BHK,Buy,24,8,0,1
6296,54,6291484,Pune,2BHK,Buy,21,7,0,1
6297,56,2627838,Bangalore,1BHK,Buy,19,3,1,0
6298,57,14458807,Delhi,2BHK,Buy,2,7,1,0
6299,23,10264197,Pune,2BHK,Buy,17,1,1,0
6300,29,3126528,Pune,3BHK,Rent,15,5,0,0
6301,38,14648958,Bangalore,1BHK,Rent,20,9,0,1
6302,55,12258816,Mumbai,3BHK,Rent,18,2,1,0
6303,54,7572466,Bangalore,2BHK,Rent,12,3,1,0
6304,34,7697767,Delhi,3BHK,Rent,3,9,0,0
6305,24,13101118,Mumbai,2BHK,Rent,17,3,1,0
6306,49,11223362,Bangalore,1BHK,Buy,14,8,0,1
6307,35,7193792,Bangalore,3BHK,Rent,29,6,0,1
6308,48,9246656,Mumbai,3BHK,Rent,6,7,1,0
6309,36,13604582,Mumbai,3BHK,Rent,4,5,1,0
6310,32,4637023,Mumbai,3BHK,Rent,21,7,0,0
6311,25,11782048,Bangalore,3BHK,Rent,8,3,0,0
6312,54,10837039,Mumbai,1BHK,Rent,27,5,1,1
6313,21,12117397,Mumbai,1BHK,Rent,20,6,1,1
6314,59,10787933,Mumbai,3BHK,Rent,22,9,1,1
6315,52,7482165,Pune,2BHK,Buy,3,4,0,0
6316,46,12807661,Delhi,2BHK,Rent,8,8,1,0
6317,37,11700566,Mumbai,3BHK,Rent,13,8,1,1
6318,47,13131318,Delhi,3BHK,Rent,19,6,1,1
6319,44,10403672,Mumbai,1BHK,Rent,15,8,0,1
6320,55,7405067,Mumbai,1BHK,Rent,23,5,0,1
6321,59,5806708,Pune,3BHK,Buy,7,1,0,0
6322,46,9180873,Pune,3BHK,Buy,3,4,0,0
6323,58,11048438,Mumbai,2BHK,Buy,19,6,0,1
6324,43,11328115,Mumbai,1BHK,Buy,26,9,1,1
6325,42,7005404,Mumbai,3BHK,Buy,10,4,0,0
6326,24,3387979,Delhi,1BHK,Rent,28,6,1,0
6327,29,11025088,Mumbai,3BHK,Buy,27,5,0,1
6328,24,3407296,Delhi,3BHK,Buy,16,9,0,0
6329,27,4726921,Pune,3BHK,Buy,14,6,0,0
6330,43,11600302,Delhi,3BHK,Buy,8,3,1,0
6331,22,7444929,Mumbai,2BHK,Rent,11,2,0,0
6332,44,10859079,Pune,3BHK,Rent,19,3,1,0
6333,51,11274965,Bangalore,2BHK,Buy,2,6,1,0
6334,51,9816584,Pune,2BHK,Rent,5,8,0,0
6335,54,3371028,Bangalore,3BHK,Rent,11,8,1,0
6336,44,2456435,Delhi,1BHK,Rent,7,5,1,0
6337,46,9836606,Pune,1BHK,Rent,8,1,0,0
6338,36,8816874,Pune,3BHK,Buy,17,1,1,0
6339,33,2538359,Pune,3BHK,Rent,12,7,0,0
6340,35,10211981,Delhi,3BHK,Rent,18,2,0,0
6341,47,12858144,Mumbai,1BHK,Buy,29,4,1,1
6342,24,5208136,Delhi,1BHK,Buy,7,5,1,0
6343,36,12504918,Pune,3BHK,Rent,9,8,1,0
6344,50,10157551,Mumbai,1BHK,Buy,19,9,1,1
6345,50,6902785,Pune,2BHK,Buy,14,1,0,0
6346,56,8812814,Pune,1BHK,Buy,24,9,0,1
6347,23,10932770,Bangalore,1BHK,Buy,26,5,1,1
6348,42,14822051,Pune,3BHK,Rent,19,4,0,1
6349,42,7064179,Delhi,2BHK,Buy,20,5,1,1
6350,32,7882843,Delhi,3BHK,Rent,18,9,0,1
6351,41,13857062,Delhi,1BHK,Buy,25,8,1,1
6352,24,14705515,Mumbai,2BHK,Rent,15,5,1,1
6353,51,2982207,Bangalore,3BHK,Buy,21,5,1,0
6354,51,11852105,Bangalore,1BHK,Buy,21,1,1,0
6355,43,14128005,Pune,2BHK,Buy,4,9,0,0
6356,40,5321453,Pune,3BHK,Rent,13,3,0,0
6357,35,7081328,Bangalore,2BHK,Rent,5,1,1,0
6358,43,9169514,Mumbai,1BHK,Buy,12,5,1,1
6359,48,9950537,Delhi,3BHK,Buy,17,3,0,0
6360,36,2778873,Pune,1BHK,Buy,10,6,1,0
6361,57,2466548,Bangalore,2BHK,Rent,26,7,0,0
6362,41,12820703,Mumbai,1BHK,Rent,12,4,1,1
6363,35,6518633,Delhi,2BHK,Rent,6,4,1,0
6364,37,14005865,Pune,3BHK,Rent,27,2,0,0
6365,57,12789442,Delhi,1BHK,Buy,20,2,0,0
6366,33,8049655,Delhi,3BHK,Rent,28,7,0,1
6367,39,4596057,Bangalore,3BHK,Rent,20,5,0,0
6368,50,13745806,Bangalore,3BHK,Buy,12,5,1,1
6369,38,13968784,Delhi,3BHK,Buy,13,2,1,0
6370,34,2120026,Delhi,1BHK,Rent,21,7,0,0
6371,56,8525713,Pune,1BHK,Rent,17,2,0,0
6372,56,7295986,Mumbai,3BHK,Buy,20,5,1,1
6373,40,10240786,Mumbai,3BHK,Rent,10,5,1,0
6374,39,7324107,Delhi,2BHK,Buy,19,3,1,0
6375,27,2446295,Bangalore,3BHK,Rent,5,2,0,0
6376,24,13166148,Mumbai,2BHK,Rent,26,3,0,0
6377,54,14100759,Delhi,2BHK,Rent,5,5,1,0
6378,22,5229198,Bangalore,3BHK,Buy,8,6,0,0
6379,25,4865530,Pune,1BHK,Rent,17,4,1,0
6380,30,3094526,Mumbai,2BHK,Buy,3,7,1,0
6381,52,5856811,Pune,1BHK,Buy,21,2,0,0
6382,33,4375521,Bangalore,3BHK,Rent,16,6,1,0
6383,59,10882074,Delhi,3BHK,Rent,27,9,0,1
6384,25,7198931,Pune,3BHK,Rent,19,5,1,1
6385,30,9127080,Delhi,3BHK,Buy,6,4,1,0
6386,30,6274015,Mumbai,2BHK,Rent,10,9,0,0
6387,58,4238275,Pune,2BHK,Buy,16,6,1,0
6388,47,8493956,Mumbai,1BHK,Buy,13,4,1,1
6389,41,5925300,Mumbai,1BHK,Rent,3,1,1,0
6390,28,8557049,Mumbai,2BHK,Rent,22,9,1,1
6391,21,7152903,Mumbai,3BHK,Rent,8,3,1,0
6392,48,5830278,Mumbai,1BHK,Rent,20,6,1,1
6393,59,9437101,Bangalore,2BHK,Buy,8,1,1,0
6394,34,7924381,Pune,1BHK,Rent,7,6,0,0
6395,41,2233597,Delhi,2BHK,Buy,27,3,1,0
6396,50,4645348,Delhi,3BHK,Rent,11,3,0,0
6397,41,6561295,Bangalore,2BHK,Buy,29,7,1,1
6398,29,5004494,Delhi,1BHK,Buy,20,9,0,1
6399,37,4875780,Delhi,2BHK,Buy,3,6,1,0
6400,25,9241282,Delhi,1BHK,Buy,21,1,0,0
6401,51,6113942,Pune,1BHK,Rent,21,9,1,1
6402,58,4897596,Delhi,1BHK,Rent,7,5,0,0
6403,39,4114564,Pune,3BHK,Rent,11,2,1,0
6404,56,5110806,Delhi,3BHK,Rent,17,3,1,0
6405,53,7615054,Delhi,2BHK,Buy,25,5,1,1
6406,33,10656408,Pune,2BHK,Rent,18,2,1,0
6407,34,7382919,Bangalore,1BHK,Buy,25,3,1,0
6408,53,4575326,Delhi,3BHK,Buy,9,8,1,0
6409,49,11846164,Mumbai,2BHK,Buy,13,6,1,1
6410,56,3667349,Mumbai,2BHK,Buy,29,2,0,0
6411,30,8138695,Bangalore,3BHK,Buy,15,2,0,0
6412,51,5589974,Mumbai,1BHK,Buy,19,1,1,0
6413,26,9538911,Pune,2BHK,Buy,15,7,0,1
6414,21,9865927,Delhi,1BHK,Buy,7,6,0,0
6415,27,6344899,Delhi,3BHK,Buy,3,6,1,0
6416,47,12535517,Delhi,3BHK,Buy,24,5,0,1
6417,41,2784402,Delhi,2BHK,Buy,8,3,1,0
6418,48,7991766,Mumbai,2BHK,Rent,13,8,1,1
6419,36,10195665,Mumbai,3BHK,Buy,16,3,1,0
6420,43,11828093,Mumbai,1BHK,Rent,3,5,0,0
6421,40,11377500,Pune,1BHK,Buy,21,8,1,1
6422,58,10767584,Mumbai,3BHK,Buy,23,3,0,0
6423,45,7405747,Mumbai,2BHK,Buy,1,5,1,0
6424,48,8745781,Delhi,3BHK,Buy,3,6,1,0
6425,25,12536288,Mumbai,2BHK,Buy,16,1,0,0
6426,41,13832710,Bangalore,1BHK,Rent,1,2,1,0
6427,38,6242546,Bangalore,2BHK,Rent,18,7,1,1
6428,26,2459099,Delhi,1BHK,Buy,14,9,1,0
6429,49,13649024,Mumbai,3BHK,Buy,7,4,0,0
6430,39,5637310,Bangalore,2BHK,Buy,23,5,1,1
6431,53,13011831,Bangalore,1BHK,Rent,3,4,0,0
6432,21,4125542,Pune,2BHK,Rent,29,3,1,0
6433,23,7906657,Delhi,1BHK,Buy,22,2,0,0
6434,41,3120678,Bangalore,1BHK,Buy,16,3,0,0
6435,55,5425298,Bangalore,3BHK,Buy,29,2,1,0
6436,23,9370782,Delhi,3BHK,Rent,6,8,0,0
6437,45,4679628,Mumbai,2BHK,Buy,18,1,1,0
6438,58,12055703,Delhi,1BHK,Buy,29,5,1,1
6439,40,11092054,Pune,3BHK,Buy,25,1,1,0
6440,54,7833938,Pune,2BHK,Rent,13,5,0,1
6441,41,2231360,Pune,3BHK,Buy,24,3,0,0
6442,43,9565472,Bangalore,2BHK,Buy,2,9,0,0
6443,26,8153470,Mumbai,3BHK,Buy,12,1,1,0
6444,33,11258554,Pune,3BHK,Rent,4,1,1,0
6445,43,4840689,Delhi,1BHK,Rent,9,8,1,0
6446,29,10030112,Pune,1BHK,Buy,20,3,1,0
6447,37,14469178,Bangalore,3BHK,Rent,23,7,0,1
6448,22,5804379,Pune,1BHK,Buy,5,5,0,0
6449,39,9545188,Mumbai,3BHK,Rent,10,2,0,0
6450,39,9452840,Pune,2BHK,Buy,6,7,0,0
6451,27,6304395,Mumbai,3BHK,Buy,1,7,0,0
6452,40,13371464,Mumbai,3BHK,Buy,20,3,0,0
6453,29,10962289,Delhi,2BHK,Rent,5,6,0,0
6454,37,11506954,Mumbai,2BHK,Rent,6,5,0,0
6455,47,13508917,Bangalore,1BHK,Rent,22,1,1,0
6456,22,2799800,Bangalore,2BHK,Buy,21,1,1,0
6457,56,14768297,Mumbai,1BHK,Rent,19,2,0,0
6458,39,10174433,Mumbai,3BHK,Buy,11,7,0,1
6459,37,10437446,Pune,2BHK,Rent,15,3,0,0
6460,25,4630174,Pune,3BHK,Buy,2,9,1,0
6461,59,4728627,Delhi,1BHK,Buy,15,3,0,0
6462,38,14682241,Pune,2BHK,Buy,7,4,0,0
6463,27,13005906,Bangalore,1BHK,Buy,17,8,0,1
6464,37,13939749,Pune,1BHK,Rent,12,4,0,1
6465,59,2855327,Delhi,2BHK,Buy,12,7,0,0
6466,56,6953225,Delhi,2BHK,Rent,5,5,0,0
6467,24,5266152,Mumbai,1BHK,Buy,20,6,1,1
6468,58,5071487,Delhi,2BHK,Buy,7,8,1,0
6469,45,14422023,Mumbai,1BHK,Buy,2,4,1,0
6470,25,10708825,Bangalore,3BHK,Rent,27,6,1,1
6471,50,7971165,Bangalore,3BHK,Buy,13,2,1,0
6472,32,10632650,Pune,2BHK,Buy,24,9,1,1
6473,24,7978728,Delhi,2BHK,Buy,9,9,0,0
6474,44,10614291,Bangalore,3BHK,Buy,29,6,1,1
6475,49,3264123,Mumbai,1BHK,Rent,15,6,0,0
6476,29,11680787,Delhi,1BHK,Buy,28,7,1,1
6477,24,7529339,Delhi,1BHK,Buy,26,4,0,1
6478,44,3328142,Mumbai,2BHK,Buy,15,7,1,0
6479,34,12558423,Delhi,1BHK,Rent,1,1,0,0
6480,25,14684128,Delhi,2BHK,Rent,21,7,1,1
6481,38,13260648,Bangalore,2BHK,Buy,20,1,1,0
6482,39,3305068,Mumbai,2BHK,Rent,21,8,0,0
6483,32,6489191,Bangalore,3BHK,Buy,25,6,1,1
6484,38,7735642,Mumbai,1BHK,Rent,28,1,1,0
6485,37,9824132,Pune,2BHK,Buy,3,1,1,0
6486,50,10923004,Delhi,1BHK,Buy,1,4,0,0
6487,44,11641890,Delhi,3BHK,Rent,27,7,0,1
6488,31,14094804,Bangalore,1BHK,Buy,19,5,0,1
6489,55,8572483,Delhi,3BHK,Buy,20,5,0,1
6490,43,7419951,Delhi,2BHK,Rent,13,8,1,1
6491,37,8863695,Bangalore,2BHK,Buy,15,2,0,0
6492,21,9740408,Bangalore,3BHK,Buy,13,4,1,1
6493,35,5987422,Mumbai,2BHK,Buy,18,4,1,1
6494,52,7656025,Pune,1BHK,Rent,17,8,1,1
6495,29,8112445,Bangalore,1BHK,Rent,1,6,1,0
6496,35,6860787,Mumbai,3BHK,Buy,15,9,0,1
6497,48,10023749,Bangalore,1BHK,Rent,24,9,1,1
6498,44,12438479,Mumbai,2BHK,Buy,4,4,1,0
6499,55,14906990,Pune,2BHK,Rent,28,7,1,1
6500,42,3913894,Mumbai,2BHK,Rent,2,3,0,0
6501,47,10419489,Mumbai,1BHK,Rent,26,6,1,1
6502,39,9264376,Delhi,2BHK,Buy,19,1,1,0
6503,32,5243899,Bangalore,1BHK,Rent,8,5,1,0
6504,40,10325518,Mumbai,3BHK,Buy,22,6,1,1
6505,21,7496069,Bangalore,2BHK,Buy,16,5,1,1
6506,41,5045313,Mumbai,3BHK,Rent,8,7,0,0
6507,21,14800727,Delhi,1BHK,Buy,10,4,0,0
6508,30,12796855,Delhi,1BHK,Rent,16,5,1,1
6509,52,12756656,Pune,3BHK,Buy,5,4,1,0
6510,59,2641627,Mumbai,2BHK,Buy,19,9,1,0
6511,42,9746688,Delhi,2BHK,Buy,6,2,0,0
6512,38,11093659,Bangalore,2BHK,Rent,10,1,1,0
6513,52,8378131,Mumbai,3BHK,Buy,24,4,1,1
6514,47,11386415,Mumbai,1BHK,Rent,5,6,1,0
6515,48,14867399,Pune,3BHK,Buy,21,8,1,1
6516,38,10612928,Bangalore,1BHK,Buy,19,4,1,1
6517,59,13891504,Pune,2BHK,Buy,19,1,1,0
6518,49,2769483,Mumbai,2BHK,Buy,13,9,0,0
6519,38,14620991,Pune,1BHK,Rent,28,3,1,0
6520,28,5189948,Mumbai,2BHK,Buy,15,6,1,1
6521,51,12598638,Mumbai,3BHK,Buy,8,8,1,0
6522,54,13650919,Pune,1BHK,Buy,11,5,0,1
6523,27,2048720,Pune,2BHK,Buy,1,7,1,0
6524,56,3587582,Mumbai,2BHK,Rent,4,9,0,0
6525,38,13963149,Pune,2BHK,Buy,25,1,0,0
6526,58,8654268,Pune,2BHK,Rent,22,8,0,1
6527,29,8973648,Mumbai,1BHK,Buy,22,2,1,0
6528,29,5069474,Bangalore,1BHK,Rent,26,1,1,0
6529,28,5898486,Pune,2BHK,Rent,27,4,0,1
6530,55,6600384,Pune,3BHK,Buy,27,6,1,1
6531,38,8299633,Delhi,3BHK,Rent,13,8,1,1
6532,25,13187235,Bangalore,3BHK,Buy,7,1,1,0
6533,34,11821646,Pune,3BHK,Buy,27,1,0,0
6534,48,8004475,Mumbai,1BHK,Rent,7,2,0,0
6535,50,4542322,Delhi,1BHK,Buy,6,9,1,0
6536,24,12072617,Delhi,3BHK,Buy,25,4,1,1
6537,59,12366532,Delhi,1BHK,Rent,8,7,1,0
6538,40,10069522,Pune,3BHK,Buy,12,3,0,0
6539,45,11974890,Mumbai,2BHK,Buy,24,1,1,0
6540,48,13491908,Delhi,2BHK,Rent,18,1,0,0
6541,32,9284915,Bangalore,3BHK,Rent,23,9,0,1
6542,22,13098123,Delhi,1BHK,Buy,15,4,0,1
6543,34,14037458,Delhi,3BHK,Buy,28,3,1,0
6544,42,7155758,Bangalore,1BHK,Rent,16,5,1,1
6545,51,4424523,Delhi,2BHK,Buy,1,1,0,0
6546,43,14988963,Delhi,1BHK,Rent,10,3,1,0
6547,40,9619709,Bangalore,3BHK,Buy,15,4,1,1
6548,58,11925451,Pune,2BHK,Rent,24,6,1,1
6549,24,11276497,Bangalore,2BHK,Buy,13,9,0,1
6550,35,13903984,Pune,1BHK,Buy,19,3,1,0
6551,44,7646319,Pune,2BHK,Rent,27,4,1,1
6552,45,14182826,Pune,2BHK,Buy,13,5,0,1
6553,21,8826017,Bangalore,1BHK,Rent,9,8,0,0
6554,27,14092143,Bangalore,2BHK,Rent,21,9,0,1
6555,51,2679520,Pune,3BHK,Rent,16,3,1,0
6556,32,7727288,Bangalore,1BHK,Buy,23,3,1,0
6557,25,9520092,Pune,1BHK,Buy,14,7,1,1
6558,58,5549292,Bangalore,1BHK,Rent,23,9,0,1
6559,32,10996356,Mumbai,1BHK,Rent,9,1,1,0
6560,59,10637400,Bangalore,3BHK,Rent,18,1,0,0
6561,38,8920215,Bangalore,1BHK,Buy,4,2,1,0
6562,22,6823260,Bangalore,3BHK,Rent,12,6,1,1
6563,30,3063205,Pune,1BHK,Rent,24,3,1,0
6564,35,2835488,Pune,1BHK,Buy,5,8,1,0
6565,50,5943433,Mumbai,2BHK,Rent,11,5,1,1
6566,37,9460516,Mumbai,2BHK,Buy,5,3,0,0
6567,24,9437307,Delhi,3BHK,Rent,19,8,1,1
6568,27,10527574,Mumbai,2BHK,Rent,21,8,1,1
6569,51,9386105,Pune,1BHK,Rent,29,2,0,0
6570,59,7949706,Mumbai,3BHK,Buy,7,5,1,0
6571,54,8858839,Mumbai,2BHK,Buy,4,3,0,0
6572,26,7405126,Bangalore,1BHK,Buy,8,7,1,0
6573,58,11356913,Mumbai,2BHK,Rent,27,2,0,0
6574,54,4219540,Delhi,2BHK,Rent,6,9,0,0
6575,35,12689268,Bangalore,2BHK,Rent,6,2,0,0
6576,34,11013678,Pune,2BHK,Rent,22,2,1,0
6577,26,10122339,Delhi,1BHK,Buy,4,6,0,0
6578,57,9579375,Pune,2BHK,Rent,14,3,1,0
6579,52,5581870,Delhi,3BHK,Rent,3,3,1,0
6580,23,14393358,Bangalore,3BHK,Buy,10,2,0,0
6581,23,4529195,Delhi,2BHK,Rent,22,5,0,0
6582,42,13972327,Delhi,3BHK,Buy,6,5,1,0
6583,42,9774449,Mumbai,2BHK,Rent,18,7,0,1
6584,30,11726853,Pune,1BHK,Buy,10,8,0,0
6585,23,5512385,Bangalore,1BHK,Rent,9,8,1,0
6586,32,4038731,Delhi,3BHK,Buy,16,3,0,0
6587,49,6847993,Pune,3BHK,Buy,20,6,0,1
6588,37,7714700,Pune,2BHK,Rent,4,5,0,0
6589,27,8441168,Mumbai,2BHK,Rent,26,4,0,1
6590,33,14942750,Pune,2BHK,Buy,29,6,1,1
6591,22,2192527,Bangalore,1BHK,Buy,28,4,0,0
6592,24,14094760,Mumbai,2BHK,Rent,11,8,1,1
6593,30,11368537,Delhi,1BHK,Buy,28,9,1,1
6594,59,12542299,Bangalore,3BHK,Rent,12,1,1,0
6595,44,2212736,Bangalore,1BHK,Rent,24,1,0,0
6596,37,10806766,Bangalore,3BHK,Rent,19,4,1,1
6597,26,11505547,Mumbai,1BHK,Rent,10,6,1,0
6598,39,9637431,Pune,1BHK,Rent,7,8,0,0
6599,25,2478739,Bangalore,2BHK,Rent,7,1,1,0
6600,52,9982529,Pune,3BHK,Buy,18,3,0,0
6601,30,10631331,Pune,1BHK,Rent,3,4,0,0
6602,29,4028366,Bangalore,1BHK,Buy,12,2,1,0
6603,47,6851307,Pune,3BHK,Rent,14,9,0,1
6604,33,3950908,Mumbai,1BHK,Rent,20,3,1,0
6605,39,11198769,Mumbai,3BHK,Rent,2,4,0,0
6606,41,7002554,Delhi,3BHK,Buy,9,4,1,0
6607,44,7308435,Pune,3BHK,Rent,10,1,1,0
6608,58,14157603,Pune,1BHK,Rent,27,5,0,1
6609,24,14854513,Delhi,1BHK,Rent,6,5,1,0
6610,44,2190701,Mumbai,2BHK,Rent,17,2,1,0
6611,55,7645916,Delhi,3BHK,Buy,15,1,0,0
6612,23,3474542,Delhi,1BHK,Buy,1,5,0,0
6613,24,5515994,Delhi,1BHK,Rent,24,5,0,1
6614,57,4199172,Pune,3BHK,Rent,27,7,1,0
6615,55,4331770,Pune,3BHK,Buy,22,2,0,0
6616,51,9853495,Pune,3BHK,Rent,13,8,1,1
6617,45,14227486,Pune,2BHK,Buy,10,5,0,0
6618,33,3923413,Bangalore,2BHK,Buy,12,5,1,0
6619,24,2902562,Delhi,2BHK,Buy,23,9,0,0
6620,34,14748405,Delhi,3BHK,Buy,22,2,1,0
6621,33,12291654,Pune,1BHK,Buy,16,2,0,0
6622,47,13259077,Mumbai,3BHK,Buy,2,5,0,0
6623,26,6407577,Bangalore,1BHK,Buy,3,1,0,0
6624,37,14120949,Bangalore,2BHK,Rent,8,5,0,0
6625,56,6482048,Mumbai,2BHK,Buy,20,5,0,1
6626,55,12696454,Pune,2BHK,Rent,29,8,0,1
6627,37,4359203,Bangalore,1BHK,Rent,15,6,1,0
6628,22,13963723,Bangalore,1BHK,Rent,24,6,0,1
6629,33,5469398,Delhi,3BHK,Buy,19,5,0,1
6630,22,12211992,Delhi,3BHK,Buy,18,5,0,1
6631,48,7256029,Pune,3BHK,Buy,23,8,0,1
6632,46,4258618,Pune,2BHK,Rent,1,1,1,0
6633,42,13679804,Delhi,3BHK,Rent,27,9,0,1
6634,23,11388817,Delhi,2BHK,Rent,19,6,1,1
6635,55,10500776,Delhi,1BHK,Rent,2,9,1,0
6636,32,9847058,Mumbai,2BHK,Buy,5,2,0,0
6637,44,9693955,Bangalore,2BHK,Rent,18,3,1,0
6638,25,12742720,Pune,2BHK,Buy,16,1,1,0
6639,40,9239976,Pune,1BHK,Rent,10,5,0,0
6640,59,6852858,Mumbai,1BHK,Buy,21,2,0,0
6641,59,13801269,Delhi,3BHK,Rent,29,1,1,0
6642,33,12964671,Bangalore,3BHK,Buy,3,9,1,0
6643,32,9667143,Delhi,3BHK,Rent,25,9,1,1
6644,33,12201486,Pune,1BHK,Buy,10,6,1,0
6645,30,12677966,Mumbai,1BHK,Buy,25,8,1,1
6646,53,10649649,Bangalore,1BHK,Buy,24,9,0,1
6647,36,7444838,Bangalore,1BHK,Rent,13,5,0,1
6648,55,8652437,Bangalore,1BHK,Buy,21,2,0,0
6649,23,5301777,Bangalore,2BHK,Buy,10,4,1,0
6650,25,6296271,Mumbai,3BHK,Buy,11,3,1,0
6651,46,2393345,Pune,2BHK,Buy,7,7,1,0
6652,31,11759011,Bangalore,3BHK,Buy,2,8,1,0
6653,27,5453203,Bangalore,2BHK,Rent,19,5,0,1
6654,30,4345871,Pune,1BHK,Buy,28,2,0,0
6655,54,10161090,Delhi,3BHK,Rent,27,9,1,1
6656,23,4538871,Bangalore,2BHK,Buy,18,1,0,0
6657,28,2158621,Bangalore,3BHK,Rent,26,5,0,0
6658,51,14070966,Delhi,1BHK,Rent,11,3,1,0
6659,31,14357185,Pune,1BHK,Rent,17,8,1,1
6660,27,9023330,Pune,3BHK,Rent,3,8,1,0
6661,22,2707609,Bangalore,3BHK,Rent,20,1,0,0
6662,26,4602807,Pune,1BHK,Rent,12,4,0,0
6663,52,2230099,Delhi,1BHK,Buy,25,8,1,0
6664,40,4094269,Mumbai,1BHK,Buy,28,9,0,0
6665,54,2918241,Delhi,2BHK,Buy,2,9,1,0
6666,36,8124277,Delhi,3BHK,Buy,25,2,0,0
6667,45,13011347,Mumbai,1BHK,Rent,1,9,0,0
6668,32,11686424,Delhi,3BHK,Rent,9,8,0,0
6669,27,8979736,Bangalore,2BHK,Rent,22,9,1,1
6670,59,6367757,Bangalore,2BHK,Buy,24,9,1,1
6671,37,2376430,Pune,1BHK,Buy,19,3,1,0
6672,31,3002475,Pune,3BHK,Rent,8,5,0,0
6673,26,10707050,Delhi,2BHK,Buy,27,3,1,0
6674,43,12379197,Bangalore,3BHK,Rent,9,6,0,0
6675,47,5927526,Bangalore,3BHK,Rent,7,5,0,0
6676,26,7888203,Mumbai,1BHK,Buy,4,2,1,0
6677,58,13001790,Pune,2BHK,Rent,22,3,0,0
6678,22,11809153,Bangalore,2BHK,Buy,16,7,0,1
6679,42,5261365,Delhi,2BHK,Buy,6,5,0,0
6680,40,10649654,Bangalore,3BHK,Buy,18,3,0,0
6681,45,11373021,Pune,2BHK,Buy,2,4,0,0
6682,35,7765102,Delhi,2BHK,Rent,11,6,1,1
6683,49,4205349,Pune,3BHK,Rent,5,8,1,0
6684,28,11568044,Bangalore,2BHK,Rent,17,7,1,1
6685,57,10448893,Bangalore,2BHK,Rent,5,3,0,0
6686,53,4902450,Bangalore,3BHK,Buy,26,2,1,0
6687,42,5808681,Pune,2BHK,Buy,3,3,0,0
6688,25,6465943,Delhi,1BHK,Rent,19,5,0,1
6689,59,14829042,Bangalore,3BHK,Buy,8,7,0,0
6690,38,7512861,Bangalore,2BHK,Buy,11,8,0,1
6691,58,5877796,Bangalore,1BHK,Rent,3,6,1,0
6692,57,8179064,Mumbai,3BHK,Rent,3,2,0,0
6693,50,2514938,Mumbai,2BHK,Buy,1,2,1,0
6694,51,5070132,Delhi,3BHK,Rent,24,5,1,1
6695,30,6453054,Pune,1BHK,Buy,13,5,1,1
6696,35,4389642,Bangalore,3BHK,Buy,10,1,1,0
6697,38,14691533,Bangalore,2BHK,Rent,26,1,0,0
6698,43,9334806,Pune,1BHK,Rent,6,9,0,0
6699,53,6675919,Pune,3BHK,Rent,11,7,0,1
6700,36,10507441,Delhi,2BHK,Buy,8,8,0,0
6701,58,7666900,Pune,2BHK,Rent,19,5,1,1
6702,55,4108086,Bangalore,1BHK,Rent,11,3,0,0
6703,54,12778627,Delhi,1BHK,Rent,6,3,0,0
6704,48,10014140,Mumbai,3BHK,Rent,12,3,0,0
6705,22,12163310,Delhi,2BHK,Buy,18,1,0,0
6706,50,9283450,Delhi,1BHK,Rent,3,3,1,0
6707,33,9199876,Delhi,2BHK,Buy,13,2,0,0
6708,36,4338782,Pune,3BHK,Rent,4,8,0,0
6709,25,8177772,Bangalore,1BHK,Rent,9,6,1,0
6710,48,9838609,Pune,3BHK,Rent,16,5,0,1
6711,59,3609387,Bangalore,3BHK,Buy,12,1,0,0
6712,40,6033310,Pune,1BHK,Rent,20,2,0,0
6713,44,2383094,Delhi,3BHK,Rent,7,2,0,0
6714,47,7169501,Bangalore,2BHK,Rent,12,7,1,1
6715,50,2166804,Pune,1BHK,Buy,8,7,1,0
6716,47,14100270,Delhi,2BHK,Rent,21,6,0,1
6717,46,7919261,Mumbai,3BHK,Rent,15,8,0,1
6718,27,8515766,Pune,1BHK,Buy,2,4,1,0
6719,58,13776360,Pune,2BHK,Buy,11,9,0,1
6720,25,4067139,Mumbai,2BHK,Buy,24,8,0,0
6721,43,8548932,Pune,2BHK,Buy,21,3,0,0
6722,48,5984936,Mumbai,2BHK,Rent,5,3,1,0
6723,54,6475564,Bangalore,2BHK,Rent,23,9,1,1
6724,35,14523849,Mumbai,3BHK,Buy,6,9,1,0
6725,52,13647194,Delhi,3BHK,Buy,19,5,1,1
6726,46,5889359,Mumbai,3BHK,Buy,14,1,1,0
6727,51,7736093,Bangalore,3BHK,Buy,7,3,1,0
6728,39,6270924,Mumbai,3BHK,Rent,12,5,0,1
6729,29,9253731,Mumbai,3BHK,Buy,17,4,0,1
6730,49,10810580,Bangalore,3BHK,Buy,4,4,1,0
6731,59,10471212,Pune,2BHK,Rent,20,1,1,0
6732,24,8910196,Pune,3BHK,Rent,22,6,0,1
6733,23,10260455,Delhi,2BHK,Buy,22,4,1,1
6734,49,12247166,Delhi,1BHK,Buy,10,1,1,0
6735,31,9507628,Mumbai,3BHK,Buy,24,6,1,1
6736,53,7690702,Pune,2BHK,Rent,28,5,0,1
6737,58,13209939,Pune,1BHK,Rent,1,5,1,0
6738,31,12771116,Mumbai,1BHK,Rent,29,2,0,0
6739,47,4399414,Bangalore,2BHK,Buy,23,1,0,0
6740,53,8057914,Pune,2BHK,Buy,4,7,0,0
6741,41,3590404,Delhi,2BHK,Rent,13,5,0,0
6742,59,4284533,Mumbai,3BHK,Rent,6,3,0,0
6743,51,5866491,Bangalore,1BHK,Rent,26,6,0,1
6744,58,14392223,Delhi,3BHK,Buy,15,3,1,0
6745,22,14177757,Pune,3BHK,Rent,14,6,1,1
6746,47,6647193,Bangalore,3BHK,Rent,25,6,0,1
6747,56,12372364,Delhi,1BHK,Rent,3,9,1,0
6748,31,2436060,Mumbai,1BHK,Buy,24,8,1,0
6749,38,9273668,Bangalore,1BHK,Rent,19,1,1,0
6750,21,2796184,Bangalore,2BHK,Buy,6,7,1,0
6751,55,7455500,Mumbai,3BHK,Buy,2,9,1,0
6752,55,11905111,Pune,2BHK,Buy,9,2,1,0
6753,51,2433886,Pune,2BHK,Rent,13,9,1,0
6754,48,9538707,Bangalore,3BHK,Buy,18,6,0,1
6755,59,10808263,Bangalore,1BHK,Rent,12,3,1,0
6756,21,9063240,Bangalore,3BHK,Buy,21,8,1,1
6757,45,10251796,Delhi,2BHK,Buy,22,7,0,1
6758,58,3471602,Bangalore,1BHK,Buy,4,8,0,0
6759,40,8047614,Pune,1BHK,Rent,28,8,0,1
6760,23,11765564,Mumbai,2BHK,Rent,23,7,1,1
6761,22,9243801,Mumbai,1BHK,Rent,29,1,0,0
6762,38,11350825,Mumbai,1BHK,Rent,7,8,0,0
6763,30,4886632,Bangalore,3BHK,Buy,12,5,0,0
6764,25,12387978,Bangalore,3BHK,Buy,23,2,0,0
6765,29,5728922,Mumbai,2BHK,Buy,11,2,1,0
6766,22,2338781,Delhi,2BHK,Buy,7,2,1,0
6767,54,10680530,Delhi,2BHK,Buy,29,9,1,1
6768,58,7401377,Delhi,1BHK,Rent,26,5,0,1
6769,51,13224508,Delhi,2BHK,Buy,27,3,1,0
6770,30,6315222,Pune,3BHK,Rent,10,6,1,0
6771,32,12313652,Mumbai,1BHK,Rent,9,9,1,0
6772,56,5597120,Pune,2BHK,Rent,2,9,1,0
6773,41,14540571,Bangalore,1BHK,Buy,5,9,1,0
6774,26,14043661,Delhi,1BHK,Rent,10,4,1,0
6775,23,9561011,Delhi,1BHK,Rent,25,5,1,1
6776,30,8193437,Mumbai,2BHK,Rent,28,1,0,0
6777,25,11161401,Delhi,1BHK,Rent,29,6,0,1
6778,46,2011957,Mumbai,1BHK,Buy,14,2,1,0
6779,41,6004804,Bangalore,1BHK,Buy,27,7,1,1
6780,46,11359728,Delhi,3BHK,Buy,16,4,0,1
6781,58,10406437,Delhi,2BHK,Rent,27,4,1,1
6782,46,7510861,Pune,3BHK,Rent,2,9,1,0
6783,28,12631864,Mumbai,1BHK,Buy,19,1,1,0
6784,25,5245498,Mumbai,1BHK,Buy,23,6,0,1
6785,35,14084976,Delhi,3BHK,Rent,9,2,0,0
6786,36,12515975,Pune,1BHK,Rent,14,6,0,1
6787,21,3498111,Delhi,3BHK,Buy,15,7,1,0
6788,36,11956935,Mumbai,1BHK,Buy,19,3,0,0
6789,57,4827154,Mumbai,1BHK,Rent,26,4,1,0
6790,23,5108958,Delhi,1BHK,Buy,8,2,0,0
6791,51,8945436,Bangalore,1BHK,Buy,27,7,0,1
6792,33,6892712,Delhi,2BHK,Rent,15,9,0,1
6793,36,11163082,Pune,2BHK,Buy,8,5,0,0
6794,41,6400908,Mumbai,2BHK,Buy,28,5,0,1
6795,22,13076762,Mumbai,3BHK,Rent,4,9,1,0
6796,47,8588919,Delhi,3BHK,Buy,27,8,1,1
6797,58,6837650,Bangalore,3BHK,Rent,29,1,1,0
6798,46,10666777,Mumbai,3BHK,Buy,6,2,1,0
6799,58,2809138,Delhi,2BHK,Buy,11,7,1,0
6800,45,6892580,Bangalore,3BHK,Rent,12,3,0,0
6801,31,6356232,Delhi,3BHK,Buy,24,6,0,1
6802,28,12326782,Delhi,3BHK,Buy,28,1,1,0
6803,28,13543515,Delhi,1BHK,Rent,9,8,1,0
6804,53,11082591,Mumbai,3BHK,Rent,18,2,1,0
6805,27,11061555,Bangalore,1BHK,Buy,17,1,1,0
6806,58,4776245,Pune,3BHK,Buy,21,2,0,0
6807,41,9073026,Pune,3BHK,Buy,26,8,0,1
6808,28,8772978,Mumbai,1BHK,Rent,3,5,1,0
6809,41,9963743,Mumbai,3BHK,Buy,27,9,1,1
6810,40,9463108,Delhi,1BHK,Buy,13,3,0,0
6811,28,8426503,Delhi,3BHK,Rent,6,8,0,0
6812,51,5400205,Bangalore,3BHK,Rent,28,4,1,1
6813,49,12823042,Delhi,1BHK,Rent,14,7,0,1
6814,29,13186583,Bangalore,2BHK,Rent,27,8,1,1
6815,35,14551436,Delhi,1BHK,Buy,1,3,0,0
6816,50,10561834,Delhi,2BHK,Buy,28,3,1,0
6817,46,12997319,Pune,1BHK,Buy,27,1,0,0
6818,30,7853874,Mumbai,2BHK,Rent,4,8,1,0
6819,49,10505513,Bangalore,3BHK,Buy,22,2,0,0
6820,36,3077406,Pune,2BHK,Buy,18,7,1,0
6821,56,6042236,Delhi,3BHK,Buy,11,7,0,1
6822,40,4389905,Pune,1BHK,Rent,11,7,0,0
6823,57,6735993,Bangalore,2BHK,Buy,8,4,1,0
6824,42,2889912,Mumbai,3BHK,Buy,4,7,1,0
6825,27,9458310,Pune,1BHK,Rent,2,8,1,0
6826,43,2700527,Bangalore,2BHK,Buy,1,9,0,0
6827,49,6419557,Delhi,3BHK,Rent,24,7,0,1
6828,36,5989551,Pune,2BHK,Rent,10,6,1,0
6829,58,9990863,Mumbai,2BHK,Buy,17,5,1,1
6830,48,8158198,Bangalore,3BHK,Rent,7,7,1,0
6831,58,5764599,Mumbai,3BHK,Rent,7,2,0,0
6832,51,14772155,Delhi,1BHK,Rent,13,5,1,1
6833,34,6675616,Mumbai,3BHK,Buy,22,8,1,1
6834,53,2137719,Delhi,3BHK,Rent,24,6,0,0
6835,29,14472946,Delhi,2BHK,Buy,26,6,1,1
6836,47,8575106,Pune,3BHK,Buy,1,1,0,0
6837,44,10633829,Delhi,2BHK,Rent,28,2,0,0
6838,33,11461251,Mumbai,2BHK,Rent,1,3,0,0
6839,46,9337827,Pune,3BHK,Buy,13,7,1,1
6840,49,8684419,Delhi,3BHK,Rent,1,6,0,0
6841,48,3558569,Bangalore,3BHK,Buy,6,5,0,0
6842,48,14060680,Bangalore,3BHK,Buy,23,9,1,1
6843,28,10354791,Delhi,1BHK,Rent,26,7,0,1
6844,43,14837682,Pune,2BHK,Rent,25,9,0,1
6845,49,10942224,Pune,1BHK,Rent,10,3,1,0
6846,25,7058448,Pune,1BHK,Rent,21,8,0,1
6847,27,6247136,Mumbai,2BHK,Rent,1,9,1,0
6848,56,11479955,Bangalore,1BHK,Rent,25,2,0,0
6849,47,14680333,Delhi,3BHK,Rent,5,4,0,0
6850,22,4034730,Delhi,3BHK,Rent,22,2,1,0
6851,45,11909378,Bangalore,3BHK,Rent,25,7,0,1
6852,29,14191325,Mumbai,3BHK,Rent,2,4,1,0
6853,47,7856600,Pune,2BHK,Buy,3,6,1,0
6854,21,14873211,Bangalore,3BHK,Rent,23,8,0,1
6855,43,10537968,Delhi,2BHK,Rent,3,6,1,0
6856,30,5458460,Mumbai,2BHK,Rent,18,4,0,1
6857,45,12703783,Delhi,2BHK,Buy,23,6,0,1
6858,23,11432512,Pune,2BHK,Rent,8,1,1,0
6859,26,13021299,Bangalore,1BHK,Rent,9,6,0,0
6860,26,11539604,Pune,1BHK,Rent,2,8,0,0
6861,22,14854679,Mumbai,3BHK,Rent,29,4,0,1
6862,38,8509000,Bangalore,2BHK,Rent,2,9,0,0
6863,43,11754043,Pune,3BHK,Buy,27,6,0,1
6864,22,6462571,Pune,3BHK,Rent,16,6,0,1
6865,32,11702389,Pune,3BHK,Rent,7,4,0,0
6866,42,3154969,Mumbai,3BHK,Buy,4,8,1,0
6867,57,13264264,Pune,2BHK,Buy,5,5,0,0
6868,40,3349815,Delhi,2BHK,Buy,1,1,1,0
6869,59,12676450,Bangalore,1BHK,Rent,22,7,1,1
6870,44,9237411,Bangalore,2BHK,Rent,10,8,1,0
6871,40,7062633,Pune,2BHK,Buy,13,6,0,1
6872,21,14140067,Mumbai,3BHK,Rent,24,7,1,1
6873,21,10768757,Delhi,2BHK,Rent,27,7,0,1
6874,37,5966974,Delhi,3BHK,Rent,15,4,1,1
6875,21,12570901,Bangalore,2BHK,Rent,1,4,1,0
6876,50,4588160,Bangalore,1BHK,Rent,18,1,0,0
6877,23,9023684,Delhi,3BHK,Buy,23,2,1,0
6878,31,5838920,Bangalore,2BHK,Buy,14,3,1,0
6879,44,5109668,Pune,2BHK,Buy,18,5,0,1
6880,42,9504594,Delhi,3BHK,Rent,25,9,0,1
6881,46,9894087,Bangalore,1BHK,Buy,22,5,0,1
6882,33,9386089,Pune,1BHK,Rent,12,6,0,1
6883,21,8503274,Pune,2BHK,Buy,12,7,1,1
6884,44,3269343,Delhi,2BHK,Buy,5,4,0,0
6885,30,9282060,Pune,2BHK,Buy,7,8,0,0
6886,55,6890707,Delhi,3BHK,Buy,26,6,1,1
6887,44,13883235,Pune,3BHK,Rent,24,1,1,0
6888,48,10154410,Delhi,3BHK,Buy,13,6,1,1
6889,56,2167659,Delhi,2BHK,Buy,9,2,0,0
6890,36,5411236,Delhi,1BHK,Buy,6,4,0,0
6891,36,4090717,Delhi,3BHK,Rent,21,4,1,0
6892,37,10902601,Pune,1BHK,Buy,7,5,1,0
6893,35,14245784,Delhi,2BHK,Buy,18,2,0,0
6894,36,10899292,Bangalore,3BHK,Buy,15,6,0,1
6895,35,9478502,Pune,3BHK,Buy,8,3,0,0
6896,54,3397928,Delhi,3BHK,Buy,28,9,1,0
6897,31,8152520,Pune,2BHK,Rent,20,6,1,1
6898,21,9242153,Pune,2BHK,Buy,16,3,1,0
6899,35,4045481,Pune,2BHK,Rent,17,3,0,0
6900,46,13035393,Pune,1BHK,Rent,3,5,0,0
6901,24,11785223,Delhi,1BHK,Buy,13,6,1,1
6902,25,11118303,Pune,3BHK,Buy,9,4,1,0
6903,55,7397005,Bangalore,3BHK,Rent,20,5,0,1
6904,33,9072368,Pune,2BHK,Buy,15,3,1,0
6905,30,13503692,Pune,2BHK,Buy,26,4,0,1
6906,31,5799038,Bangalore,2BHK,Rent,26,8,0,1
6907,38,4049300,Delhi,3BHK,Buy,27,8,0,0
6908,54,8689687,Bangalore,2BHK,Rent,16,1,0,0
6909,59,6071889,Mumbai,1BHK,Rent,16,4,1,1
6910,43,12799020,Bangalore,1BHK,Buy,19,2,0,0
6911,27,10541631,Delhi,3BHK,Buy,4,4,1,0
6912,59,14812263,Bangalore,3BHK,Rent,19,5,1,1
6913,23,5958681,Pune,1BHK,Rent,19,1,0,0
6914,32,2316575,Delhi,2BHK,Buy,2,5,1,0
6915,27,2674104,Mumbai,3BHK,Rent,6,7,1,0
6916,46,5470966,Delhi,3BHK,Rent,13,5,1,1
6917,53,12862516,Pune,3BHK,Buy,15,7,1,1
6918,57,10275104,Mumbai,1BHK,Buy,10,9,1,0
6919,35,4013491,Delhi,3BHK,Rent,22,8,0,0
6920,22,8819678,Delhi,1BHK,Buy,10,1,1,0
6921,27,11514129,Pune,1BHK,Rent,4,2,0,0
6922,52,7111179,Bangalore,2BHK,Rent,14,6,1,1
6923,24,8912690,Bangalore,2BHK,Buy,8,5,0,0
6924,40,12057816,Mumbai,2BHK,Rent,6,1,1,0
6925,56,2139244,Pune,3BHK,Rent,12,2,1,0
6926,52,7794526,Pune,1BHK,Rent,8,3,1,0
6927,48,2721673,Bangalore,3BHK,Buy,6,5,0,0
6928,33,7372654,Bangalore,1BHK,Buy,15,7,0,1
6929,21,5427635,Mumbai,3BHK,Rent,29,6,1,1
6930,55,14500513,Bangalore,1BHK,Rent,25,3,0,0
6931,50,4591090,Mumbai,2BHK,Rent,19,6,0,0
6932,56,2489922,Delhi,2BHK,Buy,14,4,1,0
6933,45,9426029,Mumbai,3BHK,Rent,3,3,0,0
6934,36,6436134,Mumbai,1BHK,Buy,18,4,1,1
6935,39,6000135,Mumbai,2BHK,Rent,10,8,0,0
6936,21,8430332,Delhi,1BHK,Rent,14,1,0,0
6937,25,13514591,Bangalore,3BHK,Buy,14,3,0,0
6938,42,2965098,Mumbai,2BHK,Buy,22,8,0,0
6939,44,4306972,Bangalore,3BHK,Buy,7,9,1,0
6940,57,11000085,Mumbai,3BHK,Rent,7,3,0,0
6941,56,14146131,Bangalore,1BHK,Rent,21,9,0,1
6942,56,10718277,Mumbai,3BHK,Buy,22,4,1,1
6943,24,14559402,Bangalore,3BHK,Buy,23,4,1,1
6944,56,4720688,Pune,1BHK,Rent,11,7,1,0
6945,38,6048745,Delhi,1BHK,Rent,18,6,1,1
6946,36,8256464,Mumbai,3BHK,Buy,10,3,0,0
6947,38,8421172,Delhi,2BHK,Rent,15,8,0,1
6948,42,7949089,Mumbai,2BHK,Buy,12,5,0,1
6949,22,4259071,Pune,1BHK,Rent,23,2,1,0
6950,41,5599653,Pune,3BHK,Buy,17,3,1,0
6951,56,6729272,Delhi,2BHK,Rent,22,7,0,1
6952,59,5783524,Mumbai,1BHK,Rent,24,9,1,1
6953,59,2095619,Bangalore,1BHK,Rent,29,1,1,0
6954,49,6249341,Mumbai,1BHK,Buy,17,6,0,1
6955,46,12544674,Bangalore,3BHK,Buy,1,9,0,0
6956,41,7924549,Delhi,1BHK,Buy,6,7,1,0
6957,37,11544439,Delhi,2BHK,Rent,21,3,1,0
6958,36,8826093,Pune,3BHK,Rent,15,7,0,1
6959,51,3516871,Bangalore,2BHK,Buy,19,2,0,0
6960,29,14788980,Mumbai,2BHK,Rent,14,2,1,0
6961,51,2552813,Pune,2BHK,Buy,10,1,0,0
6962,34,11705276,Delhi,3BHK,Rent,29,3,0,0
6963,57,9227951,Pune,2BHK,Rent,10,1,1,0
6964,22,14280206,Mumbai,1BHK,Rent,23,8,1,1
6965,34,14552774,Mumbai,1BHK,Buy,7,8,1,0
6966,53,6254094,Delhi,2BHK,Buy,7,4,0,0
6967,55,12512005,Pune,1BHK,Buy,14,1,1,0
6968,59,9471342,Bangalore,3BHK,Rent,15,2,1,0
6969,40,13423184,Bangalore,3BHK,Rent,22,2,1,0
6970,22,11948949,Bangalore,1BHK,Rent,20,2,1,0
6971,39,14446751,Mumbai,1BHK,Rent,9,9,1,0
6972,57,4696314,Pune,3BHK,Buy,28,7,0,0
6973,38,6498965,Bangalore,2BHK,Buy,15,9,1,1
6974,36,8942362,Pune,3BHK,Rent,9,2,1,0
6975,24,8106491,Delhi,2BHK,Buy,23,5,0,1
6976,32,9069995,Bangalore,1BHK,Rent,7,1,1,0
6977,49,9237234,Pune,1BHK,Rent,24,2,0,0
6978,27,6501461,Mumbai,2BHK,Buy,11,4,0,1
6979,34,14622825,Delhi,2BHK,Buy,5,1,1,0
6980,32,7550843,Delhi,3BHK,Buy,27,8,1,1
6981,55,8373624,Delhi,2BHK,Rent,9,6,0,0
6982,25,3403400,Delhi,1BHK,Rent,6,1,1,0
6983,37,7214435,Mumbai,1BHK,Rent,7,9,1,0
6984,52,9696968,Mumbai,1BHK,Buy,28,1,1,0
6985,30,4817422,Bangalore,2BHK,Buy,23,4,1,0
6986,37,12116029,Mumbai,2BHK,Buy,25,5,1,1
6987,25,14978988,Mumbai,1BHK,Buy,23,9,0,1
6988,29,2049875,Delhi,2BHK,Buy,14,2,0,0
6989,53,11929273,Mumbai,3BHK,Buy,19,9,0,1
6990,56,14394715,Delhi,3BHK,Buy,22,1,0,0
6991,56,3058162,Pune,2BHK,Rent,22,4,0,0
6992,38,12537746,Pune,2BHK,Buy,11,7,0,1
6993,29,6622410,Pune,1BHK,Buy,28,4,1,1
6994,49,10844905,Pune,2BHK,Rent,7,8,1,0
6995,34,4650247,Pune,1BHK,Rent,6,7,0,0
6996,45,13751328,Pune,3BHK,Buy,4,6,0,0
6997,35,14367945,Pune,2BHK,Rent,14,5,1,1
6998,26,14022013,Delhi,3BHK,Buy,22,3,1,0
6999,49,3117201,Delhi,2BHK,Buy,3,8,1,0
7000,35,14466082,Delhi,2BHK,Buy,17,4,0,1
7001,49,10707069,Delhi,1BHK,Rent,15,8,0,1
7002,24,4530346,Mumbai,1BHK,Rent,1,1,1,0
7003,38,7521457,Mumbai,2BHK,Buy,21,2,0,0
7004,59,3649383,Bangalore,2BHK,Rent,11,2,0,0
7005,36,4227995,Mumbai,1BHK,Buy,13,6,1,0
7006,31,2632621,Delhi,3BHK,Buy,24,5,1,0
7007,34,4036287,Delhi,2BHK,Rent,3,7,1,0
7008,23,10543813,Pune,1BHK,Rent,13,2,0,0
7009,58,2523566,Pune,2BHK,Rent,18,9,1,0
7010,38,9448777,Bangalore,1BHK,Buy,24,2,0,0
7011,40,14974286,Mumbai,3BHK,Rent,9,1,1,0
7012,45,13069660,Delhi,2BHK,Rent,25,2,1,0
7013,58,6259177,Mumbai,2BHK,Rent,2,3,1,0
7014,33,10108789,Bangalore,3BHK,Buy,28,6,1,1
7015,24,6936442,Pune,2BHK,Buy,8,7,0,0
7016,34,10581682,Delhi,2BHK,Buy,2,6,1,0
7017,53,9261468,Pune,2BHK,Buy,23,1,1,0
7018,48,8785392,Delhi,1BHK,Buy,24,9,1,1
7019,57,8985195,Pune,1BHK,Rent,1,8,0,0
7020,28,6056974,Pune,2BHK,Rent,24,2,1,0
7021,54,7782399,Bangalore,3BHK,Buy,3,1,0,0
7022,25,7808331,Mumbai,3BHK,Rent,29,7,1,1
7023,25,9199768,Pune,2BHK,Buy,17,3,0,0
7024,51,13359784,Delhi,1BHK,Buy,7,3,0,0
7025,29,4465860,Mumbai,1BHK,Buy,10,9,0,0
7026,52,8021635,Mumbai,2BHK,Buy,19,2,0,0
7027,53,7197291,Pune,1BHK,Buy,24,5,0,1
7028,23,5725551,Pune,1BHK,Buy,9,4,0,0
7029,50,3421672,Pune,3BHK,Rent,18,1,1,0
7030,32,14543416,Mumbai,2BHK,Rent,15,6,0,1
7031,49,3750914,Bangalore,1BHK,Rent,17,6,0,0
7032,23,14280514,Pune,1BHK,Rent,24,1,1,0
7033,46,3776305,Mumbai,1BHK,Rent,26,7,0,0
7034,50,12883728,Mumbai,2BHK,Rent,22,6,0,1
7035,29,7891393,Delhi,2BHK,Buy,26,4,1,1
7036,46,14693194,Pune,1BHK,Buy,17,7,1,1
7037,22,5056151,Bangalore,3BHK,Buy,19,3,1,0
7038,23,14804450,Delhi,3BHK,Buy,9,6,1,0
7039,24,6386262,Pune,2BHK,Rent,25,6,0,1
7040,45,7768150,Delhi,3BHK,Buy,6,6,0,0
7041,33,5356641,Pune,1BHK,Rent,19,3,0,0
7042,59,14187752,Delhi,2BHK,Rent,8,5,1,0
7043,55,5555090,Bangalore,2BHK,Rent,6,1,1,0
7044,43,6965697,Delhi,3BHK,Rent,17,6,1,1
7045,29,13086785,Delhi,2BHK,Rent,6,7,1,0
7046,22,13622903,Delhi,3BHK,Rent,13,5,0,1
7047,51,9101524,Pune,3BHK,Buy,21,5,1,1
7048,22,7587874,Pune,1BHK,Buy,24,6,1,1
7049,52,8187716,Bangalore,3BHK,Buy,29,7,0,1
7050,38,10571114,Delhi,3BHK,Buy,2,4,1,0
7051,33,9423898,Mumbai,2BHK,Buy,12,7,1,1
7052,25,12153815,Delhi,1BHK,Buy,7,5,0,0
7053,30,12548486,Mumbai,1BHK,Buy,6,7,1,0
7054,45,4964485,Mumbai,3BHK,Rent,17,1,1,0
7055,54,5647981,Delhi,2BHK,Rent,28,2,0,0
7056,57,6787488,Mumbai,2BHK,Buy,8,2,1,0
7057,50,14756537,Mumbai,2BHK,Buy,6,7,1,0
7058,27,2769680,Delhi,1BHK,Rent,29,9,0,0
7059,26,11751405,Pune,1BHK,Buy,19,7,0,1
7060,23,12489385,Delhi,3BHK,Rent,21,6,1,1
7061,33,5183965,Bangalore,3BHK,Buy,23,3,0,0
7062,23,8292679,Mumbai,2BHK,Rent,9,5,0,0
7063,46,6384679,Bangalore,3BHK,Rent,20,2,1,0
7064,44,2065197,Mumbai,2BHK,Buy,28,9,1,0
7065,26,7479366,Pune,1BHK,Buy,16,6,1,1
7066,32,5445632,Mumbai,3BHK,Rent,18,9,1,1
7067,56,7715278,Delhi,2BHK,Buy,19,9,0,1
7068,22,6042334,Mumbai,1BHK,Buy,7,7,0,0
7069,31,3499758,Bangalore,2BHK,Rent,8,5,1,0
7070,59,7534048,Delhi,3BHK,Rent,21,4,0,1
7071,54,7706419,Bangalore,2BHK,Buy,19,1,1,0
7072,46,7003938,Pune,1BHK,Buy,1,9,1,0
7073,38,3100100,Bangalore,3BHK,Rent,26,6,0,0
7074,41,3747844,Bangalore,1BHK,Rent,13,2,1,0
7075,56,3477859,Bangalore,3BHK,Rent,1,7,1,0
7076,42,6596880,Delhi,2BHK,Buy,11,6,0,1
7077,50,14943284,Pune,1BHK,Rent,2,4,1,0
7078,50,11541939,Pune,1BHK,Buy,21,6,1,1
7079,28,10008333,Pune,2BHK,Rent,3,6,0,0
7080,54,12346887,Bangalore,1BHK,Buy,13,5,1,1
7081,29,11981665,Delhi,1BHK,Buy,7,1,1,0
7082,40,7032295,Delhi,1BHK,Rent,2,3,1,0
7083,45,2283392,Delhi,1BHK,Buy,2,7,1,0
7084,39,11876252,Bangalore,2BHK,Rent,3,2,1,0
7085,25,9606436,Pune,1BHK,Buy,13,1,1,0
7086,31,10164060,Bangalore,1BHK,Buy,12,8,0,1
7087,35,2009012,Delhi,1BHK,Buy,1,7,1,0
7088,28,13743575,Bangalore,3BHK,Rent,18,6,1,1
7089,39,10734546,Mumbai,3BHK,Rent,5,5,1,0
7090,43,13297291,Pune,2BHK,Buy,19,6,0,1
7091,47,6033587,Pune,2BHK,Rent,27,1,0,0
7092,52,9114880,Delhi,2BHK,Buy,10,9,1,0
7093,46,5003526,Bangalore,1BHK,Rent,6,1,1,0
7094,47,11403024,Delhi,3BHK,Rent,18,4,1,1
7095,39,8147198,Bangalore,3BHK,Buy,15,3,0,0
7096,49,13459498,Mumbai,2BHK,Buy,14,4,0,1
7097,59,14281926,Pune,3BHK,Buy,24,1,0,0
7098,53,4799888,Pune,2BHK,Rent,16,4,0,0
7099,39,10291514,Bangalore,1BHK,Buy,4,4,1,0
7100,57,13818268,Pune,3BHK,Buy,19,3,1,0
7101,39,3069077,Bangalore,1BHK,Rent,21,8,1,0
7102,53,6927653,Delhi,1BHK,Rent,8,7,0,0
7103,36,14860266,Mumbai,3BHK,Buy,25,9,0,1
7104,43,11565660,Bangalore,2BHK,Buy,1,2,0,0
7105,27,8103537,Mumbai,3BHK,Rent,20,3,1,0
7106,46,12709749,Delhi,1BHK,Rent,22,6,0,1
7107,52,11238761,Delhi,2BHK,Rent,22,2,1,0
7108,32,12974020,Delhi,1BHK,Rent,13,2,0,0
7109,28,5581597,Bangalore,2BHK,Buy,9,2,0,0
7110,25,4577046,Mumbai,3BHK,Buy,1,2,1,0
7111,48,5810004,Mumbai,1BHK,Rent,15,5,0,1
7112,25,4294135,Pune,2BHK,Buy,29,1,1,0
7113,46,3604313,Bangalore,2BHK,Buy,15,7,0,0
7114,25,13817262,Pune,3BHK,Buy,14,1,0,0
7115,42,14020116,Pune,2BHK,Rent,5,1,1,0
7116,35,2509590,Bangalore,2BHK,Buy,26,5,0,0
7117,33,3602243,Pune,1BHK,Rent,17,7,0,0
7118,48,13572116,Pune,3BHK,Buy,6,3,1,0
7119,53,14173568,Pune,3BHK,Rent,9,7,0,0
7120,43,11171342,Delhi,1BHK,Rent,20,9,1,1
7121,53,6718642,Bangalore,1BHK,Rent,26,4,1,1
7122,38,3850170,Delhi,1BHK,Buy,26,5,1,0
7123,50,9651922,Pune,2BHK,Buy,25,8,0,1
7124,46,8721313,Pune,3BHK,Buy,19,9,1,1
7125,36,3584492,Delhi,3BHK,Buy,27,5,0,0
7126,33,12658864,Pune,3BHK,Buy,23,5,1,1
7127,59,11895429,Bangalore,2BHK,Rent,21,2,1,0
7128,53,12786420,Mumbai,3BHK,Buy,26,9,0,1
7129,46,14932213,Delhi,3BHK,Buy,17,6,1,1
7130,21,11831876,Mumbai,3BHK,Buy,7,5,1,0
7131,58,14702470,Mumbai,3BHK,Buy,8,5,1,0
7132,22,10892812,Mumbai,1BHK,Rent,15,4,0,1
7133,26,4501290,Delhi,2BHK,Rent,6,1,1,0
7134,58,14041242,Pune,3BHK,Rent,1,6,0,0
7135,44,11239238,Bangalore,3BHK,Rent,9,1,0,0
7136,38,7971842,Pune,3BHK,Buy,7,2,0,0
7137,47,10662841,Bangalore,3BHK,Rent,22,7,0,1
7138,28,2556888,Pune,3BHK,Buy,20,1,0,0
7139,48,6371552,Mumbai,1BHK,Rent,19,8,1,1
7140,30,4961936,Mumbai,1BHK,Rent,4,8,1,0
7141,37,6084396,Bangalore,2BHK,Buy,1,7,1,0
7142,49,10736717,Delhi,2BHK,Buy,9,7,0,0
7143,26,10776292,Pune,3BHK,Rent,2,1,1,0
7144,34,4914999,Mumbai,3BHK,Buy,16,3,1,0
7145,42,11904053,Bangalore,1BHK,Buy,2,9,1,0
7146,26,5127510,Pune,2BHK,Buy,3,5,0,0
7147,46,14578042,Bangalore,3BHK,Rent,14,5,1,1
7148,59,13606231,Delhi,3BHK,Rent,13,7,1,1
7149,32,9157788,Delhi,3BHK,Rent,17,8,0,1
7150,55,5614773,Pune,2BHK,Rent,10,6,1,0
7151,34,3107226,Delhi,1BHK,Buy,3,5,1,0
7152,42,14510821,Pune,1BHK,Buy,4,1,0,0
7153,43,3516660,Pune,3BHK,Buy,25,9,0,0
7154,27,11437799,Delhi,3BHK,Buy,5,6,0,0
7155,45,11089580,Bangalore,3BHK,Rent,11,3,0,0
7156,33,13350129,Bangalore,3BHK,Buy,6,7,1,0
7157,41,14581718,Pune,3BHK,Rent,29,4,0,1
7158,30,5917342,Mumbai,2BHK,Rent,1,3,1,0
7159,29,10911523,Pune,1BHK,Rent,19,7,0,1
7160,35,5449808,Bangalore,2BHK,Buy,7,6,0,0
7161,22,12855716,Pune,2BHK,Buy,23,4,0,1
7162,45,14140406,Bangalore,3BHK,Rent,10,8,1,0
7163,33,10396717,Delhi,2BHK,Rent,29,2,1,0
7164,54,4120910,Pune,1BHK,Buy,12,6,1,0
7165,54,6938291,Pune,3BHK,Rent,12,3,1,0
7166,55,7089328,Delhi,1BHK,Buy,29,8,0,1
7167,58,6731909,Delhi,2BHK,Rent,1,8,0,0
7168,23,6145530,Mumbai,3BHK,Rent,9,1,0,0
7169,26,2200073,Delhi,1BHK,Buy,17,2,1,0
7170,39,11951093,Mumbai,1BHK,Buy,23,4,1,1
7171,23,5066079,Delhi,3BHK,Rent,12,1,0,0
7172,38,3074198,Bangalore,1BHK,Rent,28,3,0,0
7173,59,12994671,Pune,3BHK,Buy,2,4,1,0
7174,29,2531088,Delhi,3BHK,Rent,9,3,1,0
7175,32,12207341,Bangalore,2BHK,Rent,12,5,0,1
7176,25,9899859,Delhi,1BHK,Rent,28,7,0,1
7177,23,14816171,Pune,3BHK,Rent,25,8,0,1
7178,31,14522894,Delhi,2BHK,Rent,25,8,1,1
7179,50,3658027,Delhi,2BHK,Rent,4,2,1,0
7180,24,9586797,Pune,3BHK,Buy,22,1,0,0
7181,25,14219065,Delhi,3BHK,Rent,29,6,0,1
7182,21,3800917,Pune,1BHK,Buy,12,1,0,0
7183,47,2278833,Mumbai,1BHK,Rent,18,6,1,0
7184,48,2867891,Delhi,1BHK,Rent,3,7,1,0
7185,49,4135621,Bangalore,3BHK,Buy,22,9,0,0
7186,38,14023491,Delhi,2BHK,Buy,1,1,0,0
7187,32,7899198,Pune,2BHK,Buy,23,7,0,1
7188,33,13789241,Pune,3BHK,Buy,18,4,1,1
7189,22,5921046,Bangalore,1BHK,Buy,24,9,1,1
7190,57,8266283,Bangalore,2BHK,Rent,21,4,1,1
7191,36,9137900,Pune,2BHK,Buy,23,2,1,0
7192,44,11497205,Mumbai,1BHK,Buy,8,1,0,0
7193,55,3530732,Mumbai,2BHK,Buy,19,7,0,0
7194,42,10857343,Pune,1BHK,Rent,22,7,1,1
7195,56,10316851,Mumbai,2BHK,Rent,28,3,1,0
7196,31,3597506,Bangalore,2BHK,Rent,25,5,1,0
7197,49,11778331,Mumbai,2BHK,Buy,4,7,0,0
7198,55,5793730,Bangalore,1BHK,Rent,26,8,1,1
7199,35,4621645,Delhi,2BHK,Rent,23,9,0,0
7200,51,11267985,Bangalore,2BHK,Rent,16,1,0,0
7201,36,13546778,Delhi,2BHK,Rent,17,9,0,1
7202,30,6023986,Bangalore,3BHK,Buy,28,6,1,1
7203,52,7989884,Bangalore,2BHK,Buy,23,6,1,1
7204,22,7117499,Mumbai,2BHK,Buy,9,7,1,0
7205,44,12472521,Bangalore,1BHK,Buy,26,9,1,1
7206,43,8573104,Pune,1BHK,Buy,8,7,0,0
7207,22,7700366,Delhi,3BHK,Buy,20,7,0,1
7208,58,7338578,Delhi,1BHK,Buy,19,3,1,0
7209,51,10100424,Bangalore,1BHK,Buy,7,9,0,0
7210,46,12412739,Pune,1BHK,Rent,29,4,0,1
7211,49,7150606,Bangalore,3BHK,Rent,12,6,1,1
7212,23,6898994,Bangalore,3BHK,Buy,1,7,1,0
7213,34,4184239,Mumbai,2BHK,Buy,24,9,0,0
7214,45,6931696,Bangalore,2BHK,Rent,28,3,1,0
7215,21,9545728,Bangalore,1BHK,Rent,17,2,0,0
7216,23,8469510,Mumbai,2BHK,Rent,23,2,1,0
7217,46,7401396,Mumbai,2BHK,Buy,6,2,0,0
7218,38,10282270,Pune,3BHK,Rent,26,9,1,1
7219,29,10037137,Mumbai,3BHK,Buy,24,8,0,1
7220,58,12520331,Delhi,2BHK,Rent,22,9,1,1
7221,43,6417327,Delhi,2BHK,Rent,5,9,1,0
7222,41,12316896,Pune,2BHK,Buy,25,1,1,0
7223,21,9031034,Bangalore,1BHK,Rent,20,9,0,1
7224,41,4666478,Pune,3BHK,Buy,7,1,1,0
7225,47,12454534,Mumbai,2BHK,Rent,22,5,1,1
7226,26,9937115,Bangalore,2BHK,Buy,26,4,0,1
7227,56,9123056,Pune,1BHK,Buy,22,8,1,1
7228,48,2733442,Pune,3BHK,Buy,27,5,0,0
7229,37,13602026,Delhi,1BHK,Rent,12,9,0,1
7230,23,11380414,Pune,1BHK,Buy,5,1,0,0
7231,32,5681246,Bangalore,2BHK,Rent,2,8,0,0
7232,59,12290374,Pune,1BHK,Rent,4,6,0,0
7233,32,2361949,Pune,1BHK,Buy,17,1,0,0
7234,22,7750608,Mumbai,2BHK,Buy,25,2,1,0
7235,42,13341302,Pune,3BHK,Rent,25,4,0,1
7236,43,11513877,Bangalore,2BHK,Rent,8,5,1,0
7237,50,10248892,Delhi,3BHK,Buy,20,1,0,0
7238,25,14078199,Delhi,1BHK,Rent,5,7,1,0
7239,29,4399540,Delhi,1BHK,Buy,17,4,0,0
7240,41,11714290,Delhi,2BHK,Buy,20,1,0,0
7241,31,14814810,Mumbai,2BHK,Buy,4,6,1,0
7242,25,10120871,Bangalore,2BHK,Rent,21,9,1,1
7243,55,8654295,Mumbai,1BHK,Rent,18,9,0,1
7244,47,9064179,Delhi,1BHK,Rent,18,4,0,1
7245,22,8539399,Mumbai,3BHK,Rent,28,7,1,1
7246,44,3138964,Pune,2BHK,Buy,18,1,1,0
7247,51,14562218,Bangalore,1BHK,Rent,16,9,0,1
7248,53,2077332,Pune,3BHK,Buy,11,1,0,0
7249,59,14476290,Mumbai,2BHK,Buy,8,9,1,0
7250,50,4066462,Pune,2BHK,Rent,29,6,0,0
7251,57,6903158,Mumbai,3BHK,Rent,12,7,0,1
7252,48,9647213,Mumbai,3BHK,Rent,18,4,1,1
7253,51,11174968,Bangalore,3BHK,Buy,22,9,1,1
7254,31,2345184,Bangalore,1BHK,Rent,18,6,0,0
7255,43,6879705,Bangalore,2BHK,Buy,29,6,0,1
7256,22,4894299,Delhi,2BHK,Buy,8,6,1,0
7257,47,7657899,Bangalore,3BHK,Rent,16,4,1,1
7258,55,8091038,Pune,1BHK,Rent,17,7,1,1
7259,22,13929460,Bangalore,3BHK,Rent,2,2,1,0
7260,59,11293248,Bangalore,1BHK,Buy,21,2,1,0
7261,57,6362451,Bangalore,2BHK,Buy,22,6,0,1
7262,41,11632843,Mumbai,2BHK,Rent,15,9,1,1
7263,25,10367137,Mumbai,1BHK,Rent,25,3,1,0
7264,41,11159153,Bangalore,2BHK,Buy,22,7,1,1
7265,49,7312003,Mumbai,2BHK,Rent,24,9,0,1
7266,40,8780231,Mumbai,3BHK,Rent,28,9,0,1
7267,58,14759137,Delhi,1BHK,Buy,7,3,1,0
7268,40,11424600,Pune,2BHK,Buy,1,1,0,0
7269,45,9561678,Mumbai,2BHK,Rent,2,2,1,0
7270,22,3202203,Pune,1BHK,Buy,4,8,1,0
7271,52,9744200,Mumbai,2BHK,Rent,16,7,1,1
7272,46,4821505,Bangalore,1BHK,Buy,12,1,0,0
7273,26,8758672,Mumbai,1BHK,Buy,17,3,0,0
7274,23,10248121,Mumbai,3BHK,Buy,24,8,0,1
7275,53,13601022,Pune,1BHK,Buy,4,7,1,0
7276,21,10945160,Bangalore,3BHK,Rent,16,5,0,1
7277,25,11674014,Delhi,2BHK,Buy,7,3,1,0
7278,33,6635073,Pune,1BHK,Rent,23,7,0,1
7279,39,4282583,Bangalore,3BHK,Buy,8,5,1,0
7280,32,2896317,Bangalore,1BHK,Rent,25,1,1,0
7281,45,12190866,Pune,2BHK,Buy,9,5,0,0
7282,55,11578064,Mumbai,3BHK,Buy,14,3,1,0
7283,32,10689097,Bangalore,3BHK,Rent,23,2,0,0
7284,50,7705713,Delhi,3BHK,Buy,9,3,1,0
7285,25,3106331,Mumbai,2BHK,Rent,15,4,1,0
7286,54,10135397,Pune,3BHK,Rent,21,1,0,0
7287,42,13340399,Pune,2BHK,Buy,26,4,1,1
7288,59,2174811,Pune,2BHK,Buy,4,9,1,0
7289,33,8257137,Pune,1BHK,Rent,3,1,1,0
7290,23,8920881,Delhi,2BHK,Buy,22,7,1,1
7291,40,5361344,Delhi,3BHK,Buy,10,8,0,0
7292,51,14473723,Bangalore,3BHK,Rent,27,9,0,1
7293,25,4982402,Delhi,2BHK,Buy,25,7,0,0
7294,44,4457806,Pune,2BHK,Buy,4,9,1,0
7295,53,7866419,Delhi,1BHK,Buy,18,3,0,0
7296,28,13156500,Mumbai,1BHK,Buy,11,1,0,0
7297,44,7533198,Mumbai,3BHK,Buy,19,2,1,0
7298,40,10387926,Bangalore,2BHK,Rent,19,1,1,0
7299,36,7642957,Pune,3BHK,Buy,18,2,0,0
7300,32,11017545,Delhi,2BHK,Buy,13,9,0,1
7301,33,2575607,Bangalore,3BHK,Rent,25,5,1,0
7302,59,12139272,Bangalore,3BHK,Buy,4,4,1,0
7303,45,4514731,Delhi,3BHK,Rent,3,2,1,0
7304,52,11525030,Bangalore,2BHK,Rent,16,3,1,0
7305,44,12656132,Pune,1BHK,Buy,14,9,0,1
7306,29,6249112,Delhi,1BHK,Buy,10,3,0,0
7307,43,2923447,Mumbai,2BHK,Rent,6,8,1,0
7308,33,9551209,Mumbai,1BHK,Buy,8,1,1,0
7309,52,4664056,Delhi,3BHK,Rent,27,5,0,0
7310,35,6953407,Bangalore,2BHK,Buy,24,2,0,0
7311,56,8447815,Bangalore,2BHK,Buy,16,4,0,1
7312,25,8980787,Mumbai,1BHK,Rent,10,2,0,0
7313,42,10444760,Mumbai,1BHK,Rent,22,3,1,0
7314,36,2042351,Pune,3BHK,Rent,21,5,0,0
7315,30,14040267,Bangalore,2BHK,Rent,27,2,1,0
7316,44,2227977,Pune,1BHK,Rent,7,9,1,0
7317,38,14643528,Mumbai,2BHK,Rent,19,8,0,1
7318,38,10106813,Mumbai,3BHK,Rent,28,5,1,1
7319,27,9495001,Mumbai,3BHK,Rent,26,1,1,0
7320,24,14491994,Mumbai,3BHK,Rent,18,5,1,1
7321,46,5640379,Pune,2BHK,Rent,13,4,1,1
7322,25,5791838,Mumbai,2BHK,Buy,8,9,0,0
7323,36,5951210,Delhi,2BHK,Buy,27,2,0,0
7324,55,7489189,Bangalore,2BHK,Rent,28,7,0,1
7325,46,4380421,Mumbai,2BHK,Buy,14,2,1,0
7326,38,12973070,Bangalore,3BHK,Rent,9,3,1,0
7327,49,8735068,Mumbai,3BHK,Buy,12,3,0,0
7328,43,6607916,Pune,3BHK,Buy,6,8,1,0
7329,34,12840565,Bangalore,1BHK,Buy,20,2,0,0
7330,35,4878596,Pune,3BHK,Buy,22,1,0,0
7331,53,4614093,Mumbai,2BHK,Buy,28,6,1,0
7332,45,2612404,Delhi,3BHK,Rent,23,6,0,0
7333,41,10507841,Delhi,1BHK,Buy,12,1,1,0
7334,37,12393661,Delhi,1BHK,Buy,24,5,0,1
7335,43,13951126,Delhi,1BHK,Rent,19,9,1,1
7336,37,14450611,Delhi,1BHK,Buy,12,5,1,1
7337,34,10402477,Pune,1BHK,Buy,22,7,0,1
7338,49,2586455,Delhi,2BHK,Buy,26,6,0,0
7339,40,3292334,Mumbai,3BHK,Buy,22,4,1,0
7340,50,5320627,Pune,2BHK,Buy,26,2,1,0
7341,39,12737296,Pune,2BHK,Buy,7,5,1,0
7342,59,14384344,Delhi,1BHK,Buy,15,9,1,1
7343,33,13031725,Bangalore,3BHK,Rent,16,3,0,0
7344,38,6615743,Mumbai,3BHK,Rent,4,3,0,0
7345,43,10811638,Pune,3BHK,Rent,6,7,1,0
7346,53,12611422,Mumbai,1BHK,Buy,16,2,1,0
7347,59,12962587,Bangalore,2BHK,Buy,15,8,1,1
7348,38,12922161,Pune,3BHK,Rent,2,7,0,0
7349,29,9305023,Mumbai,2BHK,Rent,24,8,0,1
7350,53,5221403,Delhi,3BHK,Rent,3,6,1,0
7351,52,14363093,Pune,3BHK,Buy,15,5,1,1
7352,37,4677636,Pune,3BHK,Rent,25,4,1,0
7353,39,10278453,Pune,3BHK,Buy,8,8,0,0
7354,47,12409387,Pune,1BHK,Rent,12,2,0,0
7355,26,10221097,Delhi,1BHK,Rent,22,6,1,1
7356,55,14239815,Bangalore,2BHK,Buy,26,6,1,1
7357,57,2607612,Bangalore,1BHK,Buy,2,5,1,0
7358,54,7908187,Mumbai,3BHK,Buy,15,2,0,0
7359,40,11911480,Delhi,2BHK,Buy,8,5,1,0
7360,45,8639150,Delhi,2BHK,Buy,27,3,1,0
7361,24,2866763,Mumbai,2BHK,Buy,22,7,0,0
7362,30,13698040,Delhi,3BHK,Rent,11,7,1,1
7363,30,10539032,Delhi,3BHK,Buy,17,8,0,1
7364,44,9625829,Pune,2BHK,Buy,22,9,1,1
7365,41,6762347,Pune,1BHK,Buy,29,1,0,0
7366,31,8133608,Pune,3BHK,Rent,21,4,0,1
7367,47,7865522,Delhi,3BHK,Rent,22,6,0,1
7368,36,4431284,Delhi,1BHK,Buy,29,7,1,0
7369,46,2824353,Bangalore,2BHK,Buy,1,5,1,0
7370,50,6646523,Pune,1BHK,Buy,20,6,0,1
7371,36,5619820,Mumbai,3BHK,Buy,23,1,1,0
7372,27,9124556,Delhi,2BHK,Buy,29,5,0,1
7373,36,9657351,Pune,2BHK,Buy,15,2,0,0
7374,55,9655628,Bangalore,1BHK,Rent,21,2,0,0
7375,36,14782307,Pune,3BHK,Buy,22,1,1,0
7376,32,2308293,Bangalore,3BHK,Buy,2,9,0,0
7377,55,9584997,Bangalore,2BHK,Buy,24,4,1,1
7378,41,9093727,Delhi,3BHK,Buy,10,4,1,0
7379,56,13006484,Bangalore,2BHK,Rent,20,9,0,1
7380,37,12015984,Bangalore,2BHK,Buy,6,5,1,0
7381,52,13989242,Mumbai,2BHK,Rent,3,4,1,0
7382,26,13822670,Bangalore,3BHK,Buy,25,7,1,1
7383,44,4596279,Mumbai,1BHK,Buy,13,5,0,0
7384,47,12796329,Mumbai,2BHK,Buy,24,8,1,1
7385,40,13119923,Pune,1BHK,Rent,15,3,0,0
7386,45,12702949,Pune,1BHK,Rent,6,8,0,0
7387,22,11037160,Delhi,1BHK,Buy,9,6,1,0
7388,29,3228391,Delhi,1BHK,Buy,10,9,0,0
7389,48,14563983,Delhi,1BHK,Buy,9,6,1,0
7390,58,6035876,Bangalore,2BHK,Buy,18,4,0,1
7391,23,3047697,Pune,3BHK,Buy,9,2,1,0
7392,40,14784019,Bangalore,1BHK,Buy,24,3,1,0
7393,26,11343789,Pune,3BHK,Buy,18,7,0,1
7394,59,13910262,Bangalore,3BHK,Rent,9,5,0,0
7395,53,3369693,Delhi,2BHK,Rent,5,7,0,0
7396,21,7819582,Pune,1BHK,Buy,13,7,0,1
7397,57,2418818,Pune,3BHK,Buy,12,6,0,0
7398,26,11685933,Mumbai,3BHK,Buy,9,2,1,0
7399,54,4465254,Pune,1BHK,Buy,19,5,1,0
7400,35,3034416,Pune,2BHK,Buy,20,6,0,0
7401,46,3379176,Bangalore,2BHK,Buy,1,8,0,0
7402,34,3859093,Delhi,1BHK,Rent,11,1,1,0
7403,27,6127196,Mumbai,3BHK,Rent,5,7,1,0
7404,51,12770829,Bangalore,2BHK,Rent,7,5,1,0
7405,44,2792047,Pune,2BHK,Buy,13,7,0,0
7406,51,14357851,Bangalore,3BHK,Rent,23,3,1,0
7407,49,2514004,Delhi,3BHK,Buy,6,4,0,0
7408,52,9712940,Mumbai,3BHK,Rent,13,2,0,0
7409,37,7704415,Bangalore,3BHK,Buy,6,6,0,0
7410,34,8825349,Pune,1BHK,Rent,15,5,1,1
7411,56,4994677,Bangalore,3BHK,Buy,8,1,0,0
7412,44,2019192,Pune,2BHK,Rent,11,1,1,0
7413,47,9212291,Mumbai,3BHK,Rent,10,8,0,0
7414,45,3886338,Mumbai,3BHK,Rent,9,8,1,0
7415,52,3277040,Bangalore,1BHK,Buy,4,6,1,0
7416,38,7554973,Mumbai,1BHK,Buy,14,9,0,1
7417,38,2623521,Delhi,3BHK,Buy,4,1,0,0
7418,57,13897046,Bangalore,1BHK,Buy,24,8,0,1
7419,46,11757946,Pune,1BHK,Buy,15,2,1,0
7420,29,14530151,Bangalore,1BHK,Rent,21,8,1,1
7421,55,14721533,Pune,1BHK,Buy,10,3,1,0
7422,28,2904600,Mumbai,3BHK,Buy,14,6,1,0
7423,40,12538254,Pune,1BHK,Buy,25,7,0,1
7424,42,10083365,Pune,1BHK,Rent,6,3,1,0
7425,39,2286102,Pune,2BHK,Rent,16,2,0,0
7426,50,7743809,Pune,3BHK,Rent,25,1,1,0
7427,48,11545144,Delhi,1BHK,Buy,12,5,1,1
7428,55,6157752,Pune,2BHK,Buy,28,1,0,0
7429,31,10911027,Bangalore,1BHK,Rent,4,1,0,0
7430,51,7233643,Delhi,3BHK,Buy,1,5,1,0
7431,59,6625058,Pune,2BHK,Buy,4,3,1,0
7432,56,12491593,Pune,2BHK,Buy,25,3,0,0
7433,50,3040397,Pune,3BHK,Buy,13,7,1,0
7434,43,13950938,Delhi,2BHK,Buy,7,3,1,0
7435,39,3296629,Pune,2BHK,Rent,15,2,0,0
7436,32,5115005,Pune,1BHK,Rent,6,3,0,0
7437,35,11536525,Pune,2BHK,Rent,14,4,0,1
7438,51,5872866,Mumbai,3BHK,Buy,18,9,1,1
7439,57,13104288,Bangalore,1BHK,Rent,4,2,0,0
7440,57,4991539,Pune,2BHK,Buy,1,6,0,0
7441,35,7660928,Bangalore,1BHK,Rent,29,5,0,1
7442,49,13743265,Mumbai,3BHK,Buy,3,6,1,0
7443,46,14752914,Mumbai,2BHK,Buy,13,5,0,1
7444,22,8454935,Pune,3BHK,Rent,18,6,1,1
7445,40,13276265,Bangalore,3BHK,Rent,29,4,1,1
7446,35,3852675,Delhi,2BHK,Rent,4,8,0,0
7447,24,8700707,Pune,2BHK,Buy,4,9,1,0
7448,42,9657273,Delhi,1BHK,Rent,11,7,0,1
7449,58,3052063,Mumbai,3BHK,Rent,14,1,1,0
7450,43,9571592,Mumbai,2BHK,Rent,25,5,0,1
7451,46,9135590,Bangalore,3BHK,Rent,7,7,1,0
7452,31,13267791,Delhi,2BHK,Buy,29,5,1,1
7453,48,8648561,Delhi,3BHK,Buy,3,5,1,0
7454,22,4602562,Pune,1BHK,Buy,7,5,0,0
7455,28,12046579,Bangalore,3BHK,Rent,8,5,0,0
7456,49,8399177,Bangalore,2BHK,Rent,12,5,1,1
7457,31,12818935,Delhi,1BHK,Rent,7,1,0,0
7458,57,11783545,Mumbai,1BHK,Buy,24,6,1,1
7459,38,11714109,Bangalore,2BHK,Rent,16,6,0,1
7460,34,9117753,Mumbai,1BHK,Buy,25,8,0,1
7461,30,9872789,Pune,3BHK,Rent,17,5,1,1
7462,55,2307311,Bangalore,3BHK,Buy,26,2,0,0
7463,29,5358538,Bangalore,2BHK,Buy,22,7,0,1
7464,55,3854936,Pune,3BHK,Rent,4,1,1,0
7465,31,5353321,Bangalore,2BHK,Rent,17,5,1,1
7466,32,12787503,Delhi,1BHK,Buy,18,5,0,1
7467,23,8701447,Delhi,3BHK,Buy,26,3,1,0
7468,59,5474376,Pune,2BHK,Rent,4,2,0,0
7469,34,6264991,Mumbai,3BHK,Buy,17,4,0,1
7470,48,4517172,Mumbai,1BHK,Rent,15,7,0,0
7471,31,14429890,Bangalore,1BHK,Rent,22,3,0,0
7472,59,6881923,Mumbai,3BHK,Buy,17,6,0,1
7473,45,4878237,Mumbai,1BHK,Buy,13,7,1,0
7474,41,7853452,Pune,2BHK,Rent,25,2,1,0
7475,30,6279531,Mumbai,3BHK,Buy,26,3,0,0
7476,35,10486164,Mumbai,3BHK,Buy,3,9,0,0
7477,39,6762152,Mumbai,1BHK,Rent,12,1,1,0
7478,42,10678008,Delhi,2BHK,Buy,27,8,1,1
7479,41,9870445,Delhi,3BHK,Buy,17,1,1,0
7480,52,6308783,Pune,3BHK,Buy,22,3,0,0
7481,43,13591765,Bangalore,1BHK,Buy,22,6,1,1
7482,33,2920638,Pune,1BHK,Rent,7,8,1,0
7483,25,3814931,Bangalore,2BHK,Buy,7,7,0,0
7484,24,4664639,Bangalore,2BHK,Buy,26,3,1,0
7485,48,6795684,Mumbai,1BHK,Buy,11,6,1,1
7486,34,2387069,Mumbai,2BHK,Buy,16,1,1,0
7487,28,3855121,Pune,1BHK,Rent,4,8,0,0
7488,29,2718954,Pune,3BHK,Rent,16,9,0,0
7489,55,7863270,Pune,1BHK,Rent,5,9,0,0
7490,57,12666259,Delhi,1BHK,Buy,19,4,1,1
7491,41,10863441,Delhi,1BHK,Rent,22,4,1,1
7492,38,14398586,Delhi,3BHK,Rent,29,7,1,1
7493,53,6110891,Delhi,2BHK,Buy,14,7,0,1
7494,28,8267985,Delhi,2BHK,Buy,7,6,0,0
7495,37,9011391,Mumbai,2BHK,Rent,9,7,1,0
7496,51,8895481,Bangalore,1BHK,Rent,25,1,1,0
7497,54,12370977,Delhi,1BHK,Buy,28,9,1,1
7498,26,5661632,Pune,2BHK,Buy,13,6,0,1
7499,42,2227894,Bangalore,3BHK,Buy,16,8,1,0
7500,34,3061449,Delhi,3BHK,Rent,21,5,1,0
7501,23,12611572,Delhi,3BHK,Buy,4,7,1,0
7502,32,4965632,Mumbai,3BHK,Rent,7,3,0,0
7503,56,14546303,Mumbai,1BHK,Rent,3,1,1,0
7504,32,13033509,Mumbai,2BHK,Rent,20,7,0,1
7505,22,12899686,Delhi,3BHK,Buy,15,5,0,1
7506,22,7197296,Mumbai,1BHK,Rent,25,1,1,0
7507,35,14596360,Delhi,1BHK,Rent,21,9,0,1
7508,43,13083206,Bangalore,1BHK,Rent,26,9,0,1
7509,49,10888208,Bangalore,2BHK,Rent,14,6,1,1
7510,37,13995490,Delhi,1BHK,Buy,7,9,0,0
7511,52,11356911,Pune,2BHK,Rent,18,7,1,1
7512,27,12456548,Delhi,2BHK,Buy,25,8,1,1
7513,50,13759411,Bangalore,2BHK,Buy,5,2,1,0
7514,48,8989823,Bangalore,2BHK,Rent,21,2,1,0
7515,34,14648382,Delhi,1BHK,Rent,20,4,0,1
7516,50,3593603,Delhi,1BHK,Buy,8,1,0,0
7517,37,10210518,Delhi,1BHK,Buy,27,8,0,1
7518,52,3368906,Bangalore,3BHK,Buy,20,5,1,0
7519,26,4123699,Pune,3BHK,Buy,18,7,1,0
7520,44,3920831,Delhi,2BHK,Rent,21,2,0,0
7521,26,4803943,Bangalore,2BHK,Rent,19,5,1,0
7522,47,2942980,Delhi,2BHK,Rent,20,9,1,0
7523,38,9025227,Bangalore,2BHK,Rent,3,9,0,0
7524,44,2797118,Delhi,2BHK,Buy,23,2,0,0
7525,57,14731520,Bangalore,3BHK,Buy,6,2,1,0
7526,44,7539086,Delhi,2BHK,Rent,18,5,1,1
7527,58,12271832,Mumbai,1BHK,Rent,27,3,1,0
7528,54,10282577,Delhi,2BHK,Rent,15,1,0,0
7529,35,9633829,Bangalore,1BHK,Buy,14,1,1,0
7530,31,5691689,Delhi,1BHK,Rent,24,5,0,1
7531,42,12627199,Pune,1BHK,Buy,21,3,0,0
7532,44,13553965,Delhi,1BHK,Buy,22,9,0,1
7533,21,11033652,Delhi,2BHK,Buy,8,3,1,0
7534,38,9975961,Delhi,2BHK,Buy,11,3,0,0
7535,32,7200444,Pune,2BHK,Rent,11,3,0,0
7536,48,6659710,Pune,2BHK,Buy,12,1,0,0
7537,27,12772967,Pune,2BHK,Buy,16,3,1,0
7538,43,13815802,Mumbai,3BHK,Rent,7,5,0,0
7539,41,6934210,Pune,1BHK,Rent,27,8,1,1
7540,54,6703157,Mumbai,1BHK,Buy,3,7,1,0
7541,31,2422994,Delhi,3BHK,Rent,2,4,1,0
7542,42,5510251,Mumbai,3BHK,Rent,3,4,0,0
7543,55,10139115,Delhi,2BHK,Buy,8,4,0,0
7544,49,6875630,Mumbai,2BHK,Rent,20,8,1,1
7545,48,11184315,Pune,1BHK,Buy,8,8,0,0
7546,38,7288486,Pune,2BHK,Buy,4,2,1,0
7547,34,2001658,Mumbai,1BHK,Rent,23,7,1,0
7548,38,4322723,Mumbai,2BHK,Rent,13,5,1,0
7549,48,11844648,Pune,2BHK,Rent,22,2,1,0
7550,44,9489305,Delhi,1BHK,Buy,26,3,0,0
7551,28,9061964,Delhi,3BHK,Rent,17,7,0,1
7552,28,14541731,Delhi,3BHK,Buy,29,6,0,1
7553,24,3850007,Delhi,2BHK,Rent,27,6,0,0
7554,47,7494655,Bangalore,3BHK,Buy,24,7,1,1
7555,56,10657128,Delhi,2BHK,Rent,22,6,1,1
7556,25,11751001,Bangalore,3BHK,Buy,18,2,0,0
7557,53,13275668,Bangalore,3BHK,Rent,5,8,1,0
7558,54,4604878,Pune,1BHK,Rent,12,7,0,0
7559,50,9169157,Pune,3BHK,Rent,2,6,1,0
7560,28,10073386,Mumbai,2BHK,Rent,10,5,1,0
7561,59,13466142,Delhi,1BHK,Rent,7,6,0,0
7562,46,4719771,Delhi,3BHK,Buy,15,3,1,0
7563,57,13948167,Pune,1BHK,Buy,27,2,1,0
7564,54,13021212,Pune,3BHK,Rent,26,9,0,1
7565,27,7966800,Pune,2BHK,Buy,22,1,0,0
7566,48,11597815,Mumbai,2BHK,Buy,7,2,0,0
7567,59,14908024,Delhi,1BHK,Rent,15,1,1,0
7568,59,7907287,Mumbai,3BHK,Rent,16,8,1,1
7569,48,7446075,Bangalore,3BHK,Buy,22,4,1,1
7570,34,14458417,Bangalore,1BHK,Buy,26,6,0,1
7571,58,7719267,Delhi,1BHK,Rent,1,5,1,0
7572,24,11941500,Pune,2BHK,Rent,15,8,0,1
7573,38,3707806,Pune,1BHK,Rent,3,7,1,0
7574,45,13044142,Mumbai,3BHK,Buy,10,1,1,0
7575,27,4414625,Bangalore,1BHK,Rent,16,8,1,0
7576,58,5810305,Bangalore,2BHK,Buy,2,4,0,0
7577,48,7226857,Delhi,1BHK,Rent,17,7,1,1
7578,25,7588162,Bangalore,3BHK,Rent,1,3,1,0
7579,23,5851910,Pune,1BHK,Buy,4,2,0,0
7580,51,9268498,Pune,1BHK,Rent,11,1,1,0
7581,40,5571033,Pune,1BHK,Buy,17,5,1,1
7582,39,13354510,Delhi,2BHK,Buy,2,3,1,0
7583,31,2161101,Mumbai,2BHK,Buy,1,3,0,0
7584,23,4700463,Bangalore,2BHK,Rent,29,8,1,0
7585,43,2838394,Delhi,2BHK,Rent,28,1,1,0
7586,27,13909517,Mumbai,3BHK,Rent,28,2,0,0
7587,43,7854769,Delhi,3BHK,Buy,6,1,0,0
7588,27,2469596,Bangalore,2BHK,Rent,11,7,1,0
7589,54,3133435,Pune,2BHK,Rent,4,4,0,0
7590,39,13580293,Mumbai,2BHK,Rent,24,3,1,0
7591,29,14403632,Mumbai,1BHK,Rent,11,3,0,0
7592,38,6058518,Delhi,3BHK,Rent,5,3,1,0
7593,45,7024475,Delhi,1BHK,Buy,10,2,0,0
7594,34,14883789,Pune,2BHK,Rent,5,5,0,0
7595,45,4666829,Delhi,3BHK,Rent,27,1,1,0
7596,39,14743699,Bangalore,2BHK,Rent,27,5,0,1
7597,59,10034508,Bangalore,1BHK,Buy,24,8,0,1
7598,35,5595195,Bangalore,3BHK,Rent,27,7,0,1
7599,36,7173602,Bangalore,1BHK,Buy,26,3,0,0
7600,47,4114732,Pune,3BHK,Buy,22,9,1,0
7601,30,14960956,Pune,2BHK,Rent,22,7,1,1
7602,24,8685495,Pune,3BHK,Buy,3,1,1,0
7603,39,7501953,Delhi,1BHK,Buy,29,6,1,1
7604,48,2223080,Pune,1BHK,Buy,6,4,0,0
7605,41,5549551,Mumbai,1BHK,Rent,26,6,0,1
7606,34,8898199,Mumbai,1BHK,Buy,13,3,1,0
7607,53,7617564,Mumbai,2BHK,Rent,16,5,0,1
7608,30,5099586,Delhi,1BHK,Rent,7,3,0,0
7609,39,4473836,Delhi,2BHK,Buy,18,7,0,0
7610,50,9285315,Pune,3BHK,Buy,3,5,0,0
7611,42,14311921,Bangalore,1BHK,Buy,6,4,1,0
7612,23,4764481,Mumbai,3BHK,Rent,10,7,0,0
7613,57,9095221,Delhi,3BHK,Rent,16,7,1,1
7614,38,4567604,Mumbai,2BHK,Buy,25,9,0,0
7615,31,5535054,Pune,1BHK,Buy,13,3,1,0
7616,22,9045663,Delhi,2BHK,Rent,25,8,1,1
7617,32,11186985,Bangalore,1BHK,Rent,24,7,1,1
7618,26,4143678,Bangalore,3BHK,Rent,24,9,1,0
7619,49,13057765,Delhi,2BHK,Buy,9,2,1,0
7620,50,13986978,Bangalore,1BHK,Buy,27,6,0,1
7621,22,7999410,Pune,3BHK,Rent,16,5,0,1
7622,29,5360966,Bangalore,2BHK,Rent,11,3,0,0
7623,22,8801196,Mumbai,2BHK,Buy,9,7,1,0
7624,49,9577676,Mumbai,2BHK,Rent,10,5,0,0
7625,53,5498352,Mumbai,2BHK,Buy,11,6,1,1
7626,30,3530688,Delhi,3BHK,Rent,29,4,1,0
7627,54,13219469,Delhi,3BHK,Rent,25,7,1,1
7628,28,11421148,Delhi,3BHK,Rent,21,7,1,1
7629,57,5281401,Delhi,3BHK,Rent,22,5,1,1
7630,53,8042242,Delhi,1BHK,Buy,15,7,1,1
7631,26,9868653,Pune,3BHK,Rent,21,7,1,1
7632,39,14260631,Delhi,2BHK,Rent,13,8,0,1
7633,52,13654720,Bangalore,2BHK,Buy,17,1,1,0
7634,47,11226377,Pune,2BHK,Buy,4,4,1,0
7635,21,12919180,Delhi,2BHK,Buy,11,1,0,0
7636,53,4117347,Bangalore,1BHK,Rent,29,3,0,0
7637,52,13955400,Pune,2BHK,Buy,1,8,0,0
7638,25,6807821,Mumbai,2BHK,Rent,28,7,0,1
7639,37,12598025,Pune,2BHK,Buy,1,3,1,0
7640,28,9600807,Delhi,3BHK,Rent,3,4,0,0
7641,54,7414806,Pune,3BHK,Buy,23,2,0,0
7642,29,14422754,Pune,1BHK,Buy,15,2,1,0
7643,43,13847478,Mumbai,1BHK,Buy,1,5,0,0
7644,55,12684222,Pune,1BHK,Rent,23,2,0,0
7645,27,11730886,Pune,2BHK,Rent,26,7,1,1
7646,35,3837993,Mumbai,1BHK,Buy,26,1,1,0
7647,40,5993954,Delhi,3BHK,Rent,29,9,0,1
7648,45,2043585,Bangalore,3BHK,Rent,16,1,1,0
7649,23,7458766,Pune,3BHK,Rent,17,1,1,0
7650,44,6496712,Mumbai,2BHK,Rent,9,9,1,0
7651,54,8717998,Pune,2BHK,Rent,5,7,0,0
7652,42,12413949,Delhi,1BHK,Buy,29,4,0,1
7653,31,14092646,Delhi,1BHK,Rent,6,3,1,0
7654,28,13943219,Mumbai,1BHK,Buy,15,5,1,1
7655,59,12089617,Bangalore,1BHK,Buy,28,2,1,0
7656,55,2927510,Bangalore,2BHK,Buy,9,6,0,0
7657,58,14916875,Pune,3BHK,Rent,27,6,0,1
7658,28,2438292,Mumbai,2BHK,Rent,3,1,0,0
7659,57,3248509,Bangalore,1BHK,Buy,19,9,0,0
7660,47,9043135,Delhi,2BHK,Buy,21,1,0,0
7661,48,13977945,Bangalore,3BHK,Buy,13,6,0,1
7662,54,2756701,Mumbai,2BHK,Buy,13,7,1,0
7663,52,9745665,Delhi,3BHK,Rent,23,8,0,1
7664,35,8453828,Pune,1BHK,Buy,3,2,0,0
7665,37,8252446,Delhi,2BHK,Buy,20,8,0,1
7666,53,14306165,Bangalore,1BHK,Rent,14,2,1,0
7667,36,11146947,Bangalore,1BHK,Buy,2,2,1,0
7668,49,3361349,Bangalore,3BHK,Rent,25,9,1,0
7669,29,9760854,Pune,3BHK,Buy,10,7,1,0
7670,53,3612780,Bangalore,1BHK,Rent,9,8,1,0
7671,49,2061330,Mumbai,3BHK,Rent,13,1,1,0
7672,33,13279743,Pune,3BHK,Rent,11,6,1,1
7673,41,8275178,Delhi,1BHK,Buy,2,1,1,0
7674,41,2363116,Bangalore,1BHK,Rent,16,5,0,0
7675,25,3430343,Mumbai,3BHK,Buy,5,2,0,0
7676,30,4472512,Mumbai,1BHK,Rent,1,9,0,0
7677,26,6179077,Pune,1BHK,Rent,8,3,0,0
7678,33,8618991,Mumbai,3BHK,Rent,22,7,1,1
7679,21,9707133,Pune,2BHK,Buy,16,2,0,0
7680,40,7890714,Pune,2BHK,Rent,14,4,0,1
7681,28,14445774,Pune,1BHK,Rent,26,3,0,0
7682,30,2587699,Delhi,3BHK,Rent,26,1,0,0
7683,29,2764797,Delhi,1BHK,Rent,2,6,0,0
7684,23,13607521,Mumbai,3BHK,Buy,18,5,1,1
7685,31,14567039,Delhi,1BHK,Buy,26,6,0,1
7686,32,7899128,Pune,1BHK,Rent,21,1,1,0
7687,30,6695039,Pune,3BHK,Rent,7,8,1,0
7688,45,6321878,Delhi,1BHK,Rent,25,4,1,1
7689,45,5858223,Mumbai,2BHK,Rent,25,7,0,1
7690,31,3078000,Pune,2BHK,Buy,12,8,1,0
7691,56,13575895,Delhi,3BHK,Rent,15,3,0,0
7692,59,6705230,Bangalore,1BHK,Rent,27,4,0,1
7693,46,2248290,Mumbai,2BHK,Buy,22,9,0,0
7694,34,11710403,Mumbai,3BHK,Rent,2,9,1,0
7695,59,10043364,Mumbai,3BHK,Rent,22,7,0,1
7696,21,3558544,Bangalore,3BHK,Buy,17,3,0,0
7697,24,14855006,Pune,2BHK,Rent,27,4,1,1
7698,50,5806501,Mumbai,2BHK,Buy,11,7,1,1
7699,32,4619189,Delhi,2BHK,Rent,29,6,0,0
7700,55,8358234,Mumbai,2BHK,Buy,2,6,1,0
7701,33,14350853,Delhi,1BHK,Buy,28,4,1,1
7702,51,11914245,Mumbai,2BHK,Rent,19,8,1,1
7703,58,5504179,Delhi,3BHK,Rent,5,9,0,0
7704,43,11267214,Delhi,1BHK,Rent,26,7,1,1
7705,24,3098168,Delhi,2BHK,Rent,17,8,0,0
7706,36,12703983,Bangalore,1BHK,Buy,16,2,0,0
7707,27,11625589,Bangalore,3BHK,Rent,28,4,0,1
7708,42,4629479,Bangalore,2BHK,Rent,26,3,0,0
7709,49,4236422,Pune,1BHK,Rent,13,6,0,0
7710,31,12651186,Delhi,2BHK,Buy,13,2,1,0
7711,53,8013753,Pune,1BHK,Buy,13,7,0,1
7712,49,7508848,Bangalore,1BHK,Buy,5,8,0,0
7713,59,12274036,Delhi,3BHK,Buy,5,4,0,0
7714,32,4100588,Pune,3BHK,Buy,20,8,1,0
7715,27,9957870,Bangalore,2BHK,Rent,19,8,0,1
7716,59,6890521,Pune,2BHK,Rent,7,3,1,0
7717,46,9356089,Pune,1BHK,Rent,11,1,1,0
7718,29,6719902,Bangalore,3BHK,Buy,23,3,1,0
7719,54,12206313,Delhi,3BHK,Rent,1,1,0,0
7720,33,8022156,Mumbai,1BHK,Buy,7,2,0,0
7721,56,5736029,Mumbai,3BHK,Buy,3,8,0,0
7722,45,2846454,Pune,3BHK,Buy,13,4,1,0
7723,44,4761418,Pune,1BHK,Buy,3,9,0,0
7724,37,7908108,Pune,2BHK,Buy,6,7,0,0
7725,22,4639986,Delhi,2BHK,Rent,22,3,1,0
7726,33,9937175,Pune,2BHK,Rent,27,1,0,0
7727,51,7240888,Pune,1BHK,Rent,29,1,1,0
7728,49,4654589,Pune,2BHK,Rent,15,1,0,0
7729,48,5344181,Bangalore,1BHK,Buy,4,3,0,0
7730,47,9632034,Mumbai,1BHK,Rent,5,5,1,0
7731,35,7288210,Mumbai,3BHK,Rent,3,8,1,0
7732,51,13511478,Bangalore,3BHK,Buy,19,8,0,1
7733,35,3827916,Delhi,2BHK,Buy,25,2,0,0
7734,53,2714564,Delhi,1BHK,Buy,21,9,0,0
7735,40,9694379,Delhi,2BHK,Rent,16,9,1,1
7736,32,14718613,Bangalore,2BHK,Rent,17,7,0,1
7737,57,12491464,Mumbai,3BHK,Rent,9,5,0,0
7738,29,11570032,Mumbai,2BHK,Buy,26,5,1,1
7739,43,5334055,Pune,2BHK,Buy,22,8,0,1
7740,28,3162108,Mumbai,3BHK,Buy,9,8,0,0
7741,52,2424452,Delhi,2BHK,Buy,14,5,0,0
7742,34,8358236,Delhi,2BHK,Buy,27,6,1,1
7743,47,5015989,Pune,1BHK,Buy,23,6,0,1
7744,45,7443157,Pune,2BHK,Rent,11,6,1,1
7745,33,8735618,Mumbai,3BHK,Buy,26,5,0,1
7746,41,9657509,Pune,3BHK,Buy,10,9,1,0
7747,51,11071245,Pune,1BHK,Buy,23,1,1,0
7748,57,10045998,Bangalore,3BHK,Buy,5,3,1,0
7749,25,7900173,Mumbai,3BHK,Buy,23,7,1,1
7750,33,8980330,Delhi,3BHK,Buy,26,9,1,1
7751,48,6447434,Bangalore,2BHK,Buy,4,2,1,0
7752,45,4335560,Delhi,1BHK,Buy,11,4,0,0
7753,55,11002789,Pune,1BHK,Buy,27,8,1,1
7754,59,12185151,Pune,1BHK,Rent,6,5,0,0
7755,27,12286574,Delhi,1BHK,Rent,2,8,0,0
7756,58,12361515,Bangalore,3BHK,Rent,26,2,1,0
7757,52,7273724,Bangalore,2BHK,Rent,3,8,0,0
7758,23,2376645,Bangalore,3BHK,Buy,18,6,0,0
7759,59,14411968,Pune,3BHK,Rent,29,5,0,1
7760,57,11962264,Mumbai,3BHK,Rent,26,2,1,0
7761,42,2432911,Pune,3BHK,Buy,18,7,0,0
7762,28,8333966,Delhi,1BHK,Buy,7,1,0,0
7763,37,3480929,Bangalore,1BHK,Buy,21,6,0,0
7764,47,5258832,Mumbai,2BHK,Buy,13,3,1,0
7765,53,8244994,Bangalore,3BHK,Rent,13,6,1,1
7766,37,3777346,Pune,1BHK,Buy,6,1,0,0
7767,32,11912612,Mumbai,2BHK,Buy,3,1,0,0
7768,47,5971792,Mumbai,3BHK,Buy,10,2,1,0
7769,28,5837878,Pune,3BHK,Rent,21,7,0,1
7770,43,7588592,Bangalore,1BHK,Rent,5,4,0,0
7771,49,10125171,Bangalore,3BHK,Buy,11,4,1,1
7772,40,5569829,Bangalore,3BHK,Rent,4,4,0,0
7773,36,9405246,Pune,1BHK,Buy,10,5,0,0
7774,37,5091200,Delhi,2BHK,Rent,4,2,0,0
7775,36,5714886,Delhi,2BHK,Buy,28,7,1,1
7776,39,4880729,Bangalore,1BHK,Rent,13,3,1,0
7777,28,7290990,Mumbai,1BHK,Rent,8,3,1,0
7778,58,12333030,Delhi,2BHK,Rent,6,2,1,0
7779,58,14057874,Bangalore,2BHK,Buy,11,6,0,1
7780,49,6334965,Delhi,1BHK,Rent,2,4,1,0
7781,56,4115229,Bangalore,1BHK,Rent,18,4,1,0
7782,46,9142762,Delhi,1BHK,Rent,18,8,1,1
7783,51,10635405,Delhi,3BHK,Buy,22,2,0,0
7784,32,9611930,Mumbai,1BHK,Rent,12,7,0,1
7785,37,11725016,Mumbai,3BHK,Buy,17,2,1,0
7786,35,4890632,Delhi,2BHK,Buy,19,6,0,0
7787,29,11721896,Bangalore,2BHK,Buy,17,5,1,1
7788,59,13369775,Mumbai,1BHK,Buy,4,8,0,0
7789,32,5089675,Pune,1BHK,Buy,29,6,1,1
7790,52,4507913,Mumbai,2BHK,Rent,17,7,0,0
7791,45,6146181,Delhi,2BHK,Buy,16,6,1,1
7792,59,10483057,Delhi,2BHK,Rent,9,8,0,0
7793,38,8860961,Pune,2BHK,Rent,11,2,0,0
7794,35,13713530,Mumbai,1BHK,Buy,12,7,1,1
7795,52,6188851,Delhi,3BHK,Buy,11,5,1,1
7796,26,6359122,Pune,2BHK,Buy,13,9,0,1
7797,55,6308368,Pune,2BHK,Rent,22,9,0,1
7798,54,5943183,Bangalore,3BHK,Rent,8,8,1,0
7799,58,6813979,Mumbai,1BHK,Rent,14,8,1,1
7800,25,4781268,Mumbai,3BHK,Rent,18,4,0,0
7801,38,8223559,Mumbai,1BHK,Rent,14,8,0,1
7802,36,7952521,Delhi,1BHK,Rent,16,2,1,0
7803,28,13452553,Pune,1BHK,Rent,15,5,1,1
7804,45,13479945,Bangalore,1BHK,Rent,22,4,0,1
7805,52,10475336,Mumbai,1BHK,Rent,20,5,0,1
7806,46,7421211,Bangalore,2BHK,Buy,7,5,0,0
7807,42,7917079,Bangalore,1BHK,Rent,8,5,1,0
7808,51,3154272,Pune,2BHK,Buy,6,7,0,0
7809,30,9332419,Mumbai,1BHK,Buy,29,1,1,0
7810,32,2273591,Bangalore,2BHK,Rent,13,2,0,0
7811,48,7360834,Mumbai,3BHK,Rent,17,7,0,1
7812,26,4183721,Mumbai,3BHK,Rent,8,1,1,0
7813,40,2237963,Mumbai,2BHK,Rent,11,9,1,0
7814,25,13216785,Bangalore,1BHK,Rent,17,3,1,0
7815,43,6028054,Pune,2BHK,Rent,9,6,0,0
7816,29,12237523,Pune,2BHK,Buy,2,4,0,0
7817,49,8985012,Bangalore,1BHK,Buy,27,3,1,0
7818,36,13425633,Delhi,3BHK,Rent,10,8,0,0
7819,42,6944681,Mumbai,2BHK,Buy,22,2,1,0
7820,28,7266440,Mumbai,3BHK,Buy,24,3,0,0
7821,40,3838042,Pune,3BHK,Buy,21,8,0,0
7822,34,14061863,Bangalore,3BHK,Buy,14,3,1,0
7823,59,10916311,Bangalore,2BHK,Buy,2,8,1,0
7824,57,12964464,Delhi,2BHK,Buy,5,7,1,0
7825,54,12300560,Delhi,1BHK,Rent,17,2,0,0
7826,31,11571740,Pune,1BHK,Buy,24,1,0,0
7827,53,7559011,Delhi,2BHK,Buy,8,1,0,0
7828,51,12503985,Delhi,1BHK,Buy,18,2,0,0
7829,54,7757662,Bangalore,3BHK,Buy,22,7,1,1
7830,27,3765040,Bangalore,3BHK,Rent,27,9,1,0
7831,43,4380232,Delhi,2BHK,Buy,24,7,0,0
7832,27,10166076,Pune,3BHK,Rent,26,3,1,0
7833,45,13488210,Delhi,2BHK,Buy,29,8,0,1
7834,23,11270573,Pune,2BHK,Rent,8,8,1,0
7835,58,12850173,Delhi,2BHK,Buy,12,9,1,1
7836,40,14098576,Bangalore,3BHK,Buy,14,9,0,1
7837,54,2845377,Bangalore,2BHK,Buy,23,9,0,0
7838,50,12142842,Pune,2BHK,Rent,3,4,1,0
7839,37,13489510,Delhi,1BHK,Rent,29,4,0,1
7840,30,2605109,Delhi,3BHK,Rent,28,2,1,0
7841,55,9766127,Pune,2BHK,Rent,14,8,0,1
7842,40,2147215,Delhi,1BHK,Buy,27,2,1,0
7843,38,13321936,Mumbai,2BHK,Buy,4,3,0,0
7844,47,11756659,Bangalore,3BHK,Rent,1,9,1,0
7845,56,14043478,Bangalore,1BHK,Buy,9,2,0,0
7846,43,13605855,Pune,1BHK,Buy,14,1,1,0
7847,52,9490282,Delhi,2BHK,Buy,26,5,1,1
7848,30,4189678,Pune,2BHK,Rent,10,7,0,0
7849,31,13216977,Mumbai,3BHK,Rent,18,4,1,1
7850,58,4288421,Delhi,3BHK,Buy,10,4,0,0
7851,26,10497973,Mumbai,2BHK,Rent,7,3,0,0
7852,54,2521291,Pune,1BHK,Rent,8,6,1,0
7853,56,2298510,Bangalore,3BHK,Rent,14,8,0,0
7854,57,6640475,Mumbai,3BHK,Rent,4,2,0,0
7855,37,2099830,Delhi,1BHK,Buy,27,6,0,0
7856,32,12454961,Pune,2BHK,Rent,11,8,0,1
7857,41,8071223,Pune,3BHK,Rent,10,1,0,0
7858,39,14112243,Pune,1BHK,Buy,17,4,1,1
7859,23,4906375,Bangalore,3BHK,Rent,5,1,0,0
7860,38,3319021,Pune,1BHK,Buy,10,4,0,0
7861,39,7369746,Pune,3BHK,Buy,10,9,1,0
7862,26,3152199,Bangalore,2BHK,Rent,22,6,0,0
7863,36,4588897,Pune,1BHK,Buy,7,6,0,0
7864,28,10763576,Pune,3BHK,Buy,17,5,1,1
7865,38,13439043,Mumbai,3BHK,Rent,29,3,1,0
7866,59,11929317,Pune,1BHK,Rent,20,2,1,0
7867,32,9157506,Bangalore,1BHK,Rent,12,9,0,1
7868,30,7161058,Mumbai,2BHK,Buy,5,9,0,0
7869,27,10197458,Pune,1BHK,Buy,5,7,1,0
7870,21,3595164,Bangalore,3BHK,Buy,23,2,1,0
7871,56,2642313,Delhi,2BHK,Buy,4,4,1,0
7872,41,9539339,Pune,1BHK,Buy,26,8,0,1
7873,57,10811309,Delhi,3BHK,Buy,7,6,1,0
7874,44,14441373,Mumbai,1BHK,Rent,24,5,0,1
7875,45,13574621,Bangalore,3BHK,Buy,2,2,1,0
7876,27,7360593,Mumbai,3BHK,Buy,1,1,0,0
7877,37,13173591,Delhi,2BHK,Rent,29,1,1,0
7878,49,4670111,Delhi,2BHK,Buy,26,1,1,0
7879,50,4477512,Delhi,1BHK,Buy,10,6,1,0
7880,27,5952430,Bangalore,2BHK,Buy,1,4,1,0
7881,53,4741310,Delhi,1BHK,Rent,13,9,0,0
7882,27,7370777,Delhi,2BHK,Rent,17,9,1,1
7883,44,12892674,Bangalore,2BHK,Rent,9,3,1,0
7884,31,4866966,Delhi,1BHK,Rent,4,6,1,0
7885,29,13245002,Pune,2BHK,Buy,9,6,0,0
7886,32,3907273,Delhi,2BHK,Buy,7,1,1,0
7887,55,14007035,Bangalore,2BHK,Rent,23,9,1,1
7888,24,12535708,Delhi,2BHK,Buy,29,4,1,1
7889,56,13044773,Bangalore,1BHK,Buy,2,6,0,0
7890,48,10670202,Delhi,3BHK,Buy,18,8,0,1
7891,33,7649396,Pune,1BHK,Rent,28,1,0,0
7892,43,11300940,Bangalore,1BHK,Buy,21,8,0,1
7893,39,4181752,Bangalore,1BHK,Rent,15,6,0,0
7894,57,2135513,Bangalore,2BHK,Buy,10,1,0,0
7895,59,10499923,Bangalore,2BHK,Buy,17,9,1,1
7896,44,6082564,Delhi,3BHK,Rent,7,9,0,0
7897,36,6738707,Delhi,2BHK,Rent,11,8,1,1
7898,53,14158029,Pune,3BHK,Buy,7,7,1,0
7899,32,7854572,Pune,3BHK,Rent,11,1,1,0
7900,54,5887239,Delhi,2BHK,Rent,24,1,0,0
7901,27,2668975,Mumbai,3BHK,Buy,23,8,0,0
7902,31,13155852,Bangalore,1BHK,Rent,24,8,1,1
7903,51,11331479,Delhi,1BHK,Rent,15,1,1,0
7904,49,12072142,Pune,1BHK,Rent,19,8,1,1
7905,33,12528498,Bangalore,3BHK,Rent,19,8,0,1
7906,51,8009536,Pune,3BHK,Rent,24,3,1,0
7907,22,2132053,Mumbai,1BHK,Rent,25,1,1,0
7908,59,7432561,Bangalore,2BHK,Buy,10,3,1,0
7909,35,6154087,Mumbai,1BHK,Rent,16,8,0,1
7910,31,12307967,Mumbai,2BHK,Rent,20,8,0,1
7911,54,8168950,Mumbai,2BHK,Buy,8,7,0,0
7912,59,7727961,Delhi,3BHK,Rent,1,2,0,0
7913,24,2010728,Pune,3BHK,Rent,2,5,0,0
7914,31,7086588,Bangalore,2BHK,Buy,29,8,1,1
7915,49,8113223,Delhi,2BHK,Buy,10,3,1,0
7916,22,12603376,Pune,2BHK,Rent,10,6,1,0
7917,36,4315574,Delhi,3BHK,Rent,10,2,0,0
7918,59,4919798,Pune,1BHK,Buy,9,8,1,0
7919,33,11427575,Bangalore,2BHK,Rent,18,9,0,1
7920,57,10577615,Bangalore,3BHK,Rent,2,1,0,0
7921,37,4839593,Bangalore,1BHK,Buy,24,4,1,0
7922,41,14890644,Bangalore,3BHK,Buy,5,6,1,0
7923,39,7049144,Pune,1BHK,Buy,21,2,1,0
7924,27,12782007,Delhi,3BHK,Rent,11,6,0,1
7925,58,11508133,Bangalore,1BHK,Buy,6,7,1,0
7926,28,7468757,Bangalore,2BHK,Rent,8,6,1,0
7927,33,3061999,Bangalore,3BHK,Buy,8,8,1,0
7928,57,12785966,Mumbai,1BHK,Buy,25,5,0,1
7929,22,4795317,Bangalore,1BHK,Rent,10,3,0,0
7930,31,6191533,Bangalore,1BHK,Buy,11,2,1,0
7931,44,5934147,Pune,2BHK,Rent,19,2,0,0
7932,26,10451587,Mumbai,3BHK,Rent,25,2,1,0
7933,46,8066909,Pune,1BHK,Rent,14,5,0,1
7934,27,8375361,Delhi,2BHK,Rent,11,4,1,1
7935,59,11514154,Mumbai,2BHK,Rent,3,2,0,0
7936,39,4160957,Pune,2BHK,Buy,1,5,0,0
7937,26,6314083,Pune,2BHK,Buy,28,7,1,1
7938,49,3521876,Delhi,2BHK,Rent,27,5,0,0
7939,59,6604156,Delhi,2BHK,Rent,21,8,1,1
7940,22,12976895,Bangalore,2BHK,Rent,23,6,1,1
7941,39,7874900,Bangalore,3BHK,Rent,3,9,1,0
7942,24,14730991,Mumbai,3BHK,Buy,9,5,0,0
7943,26,10752212,Mumbai,2BHK,Buy,1,8,0,0
7944,57,6926528,Delhi,1BHK,Buy,22,6,1,1
7945,48,2396605,Mumbai,1BHK,Buy,12,7,1,0
7946,50,7360985,Bangalore,1BHK,Buy,12,8,0,1
7947,27,9464567,Delhi,2BHK,Buy,6,4,1,0
7948,29,12029953,Pune,1BHK,Rent,29,4,1,1
7949,45,6793480,Delhi,3BHK,Buy,8,6,1,0
7950,53,5737644,Mumbai,3BHK,Buy,29,2,1,0
7951,21,8998673,Bangalore,3BHK,Rent,3,9,0,0
7952,26,9934968,Bangalore,3BHK,Rent,28,8,1,1
7953,38,10106954,Pune,2BHK,Rent,21,2,0,0
7954,30,6719704,Pune,3BHK,Rent,11,1,0,0
7955,48,10293081,Delhi,1BHK,Rent,26,4,0,1
7956,31,10879100,Bangalore,1BHK,Buy,11,4,0,1
7957,53,14369123,Pune,3BHK,Rent,5,2,1,0
7958,21,6269865,Pune,3BHK,Rent,24,5,1,1
7959,33,6836773,Delhi,3BHK,Rent,7,3,1,0
7960,57,6779074,Delhi,1BHK,Buy,19,3,1,0
7961,40,14987432,Bangalore,1BHK,Rent,7,3,0,0
7962,21,10445233,Mumbai,3BHK,Rent,10,4,0,0
7963,23,2990055,Mumbai,1BHK,Buy,8,5,0,0
7964,38,11823687,Bangalore,1BHK,Rent,21,4,1,1
7965,34,14916302,Mumbai,2BHK,Buy,27,9,0,1
7966,51,13388102,Bangalore,3BHK,Buy,21,4,0,1
7967,47,10933863,Bangalore,3BHK,Rent,14,7,1,1
7968,37,13199468,Pune,2BHK,Buy,27,5,0,1
7969,49,14476892,Mumbai,2BHK,Rent,1,9,0,0
7970,56,9206009,Bangalore,1BHK,Rent,13,9,1,1
7971,57,7979212,Mumbai,2BHK,Rent,24,8,0,1
7972,46,5888439,Mumbai,3BHK,Buy,29,6,0,1
7973,37,8110044,Delhi,3BHK,Buy,6,6,0,0
7974,42,11127593,Mumbai,3BHK,Buy,6,2,0,0
7975,45,8275589,Bangalore,1BHK,Buy,21,7,0,1
7976,22,6670660,Pune,1BHK,Buy,5,9,1,0
7977,42,8945889,Mumbai,3BHK,Rent,3,9,0,0
7978,25,5541450,Bangalore,3BHK,Rent,12,2,0,0
7979,24,8389576,Delhi,1BHK,Rent,15,9,1,1
7980,56,7918949,Mumbai,1BHK,Buy,3,7,1,0
7981,26,4811047,Pune,2BHK,Buy,16,5,0,0
7982,41,7488392,Mumbai,1BHK,Buy,18,5,1,1
7983,33,14642233,Bangalore,1BHK,Rent,9,6,0,0
7984,57,13577538,Mumbai,3BHK,Rent,8,8,0,0
7985,45,3236236,Mumbai,3BHK,Buy,11,2,1,0
7986,46,5804178,Delhi,3BHK,Rent,3,3,0,0
7987,59,11935201,Mumbai,2BHK,Buy,5,7,1,0
7988,40,11758559,Pune,1BHK,Rent,10,3,0,0
7989,53,12245168,Mumbai,2BHK,Buy,5,1,1,0
7990,34,6420047,Delhi,1BHK,Buy,8,6,1,0
7991,56,5357027,Bangalore,1BHK,Rent,6,7,0,0
7992,37,9314257,Mumbai,3BHK,Rent,23,9,1,1
7993,41,14485581,Mumbai,1BHK,Buy,21,1,0,0
7994,36,13818141,Delhi,2BHK,Rent,16,9,0,1
7995,36,9512129,Delhi,3BHK,Rent,12,7,0,1
7996,40,14982220,Delhi,2BHK,Rent,17,8,0,1
7997,49,4001754,Mumbai,2BHK,Buy,8,3,1,0
7998,48,4753082,Pune,3BHK,Rent,4,5,0,0
7999,28,13415348,Delhi,1BHK,Rent,21,3,1,0
8000,44,5599696,Bangalore,2BHK,Rent,17,7,1,1
8001,23,5477150,Mumbai,1BHK,Rent,3,2,0,0
8002,45,13248398,Bangalore,3BHK,Buy,18,6,0,1
8003,39,10482936,Bangalore,1BHK,Buy,16,2,0,0
8004,53,3966845,Pune,1BHK,Buy,28,9,0,0
8005,22,3699219,Bangalore,3BHK,Rent,2,6,1,0
8006,35,3286916,Delhi,1BHK,Buy,13,5,1,0
8007,42,7529222,Delhi,2BHK,Rent,1,6,1,0
8008,30,10449809,Mumbai,2BHK,Buy,22,6,0,1
8009,38,8626871,Pune,2BHK,Buy,24,6,0,1
8010,42,8504266,Pune,1BHK,Rent,3,6,0,0
8011,47,4013279,Bangalore,2BHK,Rent,1,9,1,0
8012,33,11123801,Pune,1BHK,Rent,26,7,0,1
8013,53,12887012,Bangalore,1BHK,Buy,2,1,1,0
8014,25,4998811,Bangalore,1BHK,Rent,19,9,0,0
8015,46,10871729,Pune,1BHK,Rent,22,6,1,1
8016,33,7343233,Mumbai,3BHK,Rent,3,8,0,0
8017,47,5919059,Bangalore,2BHK,Buy,25,3,0,0
8018,34,10032835,Delhi,2BHK,Rent,28,3,1,0
8019,44,7637759,Delhi,1BHK,Buy,1,9,1,0
8020,23,2170316,Pune,3BHK,Buy,23,9,1,0
8021,50,2863996,Pune,1BHK,Rent,26,5,1,0
8022,55,11583333,Bangalore,2BHK,Rent,24,5,1,1
8023,34,13198969,Bangalore,2BHK,Rent,9,3,1,0
8024,32,12946422,Delhi,3BHK,Rent,8,7,1,0
8025,48,7014236,Bangalore,1BHK,Buy,5,7,1,0
8026,49,10801721,Delhi,3BHK,Rent,1,3,1,0
8027,37,6515363,Bangalore,1BHK,Rent,15,8,1,1
8028,41,5052033,Mumbai,3BHK,Buy,17,6,1,1
8029,43,10334206,Mumbai,2BHK,Buy,15,3,0,0
8030,40,7083496,Delhi,3BHK,Rent,8,6,1,0
8031,31,10677649,Mumbai,2BHK,Rent,23,1,1,0
8032,54,8994096,Mumbai,2BHK,Rent,21,6,1,1
8033,30,5771655,Pune,1BHK,Rent,26,7,1,1
8034,30,11288889,Bangalore,3BHK,Rent,3,4,1,0
8035,26,5256846,Pune,3BHK,Buy,9,4,0,0
8036,56,7562344,Delhi,3BHK,Buy,20,3,0,0
8037,44,5873680,Pune,3BHK,Buy,14,5,1,1
8038,32,7049025,Delhi,1BHK,Rent,6,1,1,0
8039,43,4653381,Mumbai,1BHK,Rent,27,6,1,0
8040,47,9046492,Pune,1BHK,Rent,20,2,1,0
8041,57,14728218,Mumbai,2BHK,Rent,25,4,0,1
8042,26,12036644,Bangalore,2BHK,Buy,4,6,1,0
8043,21,9632959,Mumbai,2BHK,Buy,24,6,0,1
8044,26,12920225,Bangalore,1BHK,Rent,27,7,0,1
8045,42,4402321,Mumbai,2BHK,Rent,12,1,0,0
8046,44,10929343,Pune,3BHK,Rent,28,6,0,1
8047,45,13751273,Pune,2BHK,Buy,3,9,1,0
8048,35,7783881,Mumbai,1BHK,Buy,24,8,0,1
8049,46,9206757,Delhi,1BHK,Rent,27,8,1,1
8050,28,10131322,Delhi,1BHK,Rent,3,6,0,0
8051,44,4803627,Bangalore,1BHK,Buy,27,4,1,0
8052,58,7196816,Bangalore,3BHK,Rent,21,1,1,0
8053,26,2059834,Mumbai,2BHK,Buy,17,5,0,0
8054,55,7849228,Pune,2BHK,Rent,6,5,0,0
8055,21,10107315,Bangalore,1BHK,Buy,15,7,0,1
8056,56,9213499,Mumbai,2BHK,Rent,11,1,0,0
8057,32,8748655,Bangalore,3BHK,Buy,18,6,1,1
8058,58,8703529,Pune,1BHK,Buy,28,7,0,1
8059,31,10230362,Bangalore,2BHK,Rent,3,1,0,0
8060,32,10262900,Mumbai,2BHK,Buy,27,3,1,0
8061,59,7695265,Bangalore,2BHK,Rent,17,9,1,1
8062,27,13620702,Delhi,2BHK,Buy,11,8,1,1
8063,31,11589334,Bangalore,1BHK,Rent,6,6,1,0
8064,56,11343686,Pune,1BHK,Rent,5,8,1,0
8065,51,4884453,Pune,3BHK,Buy,10,2,0,0
8066,53,14556223,Pune,1BHK,Rent,2,7,0,0
8067,33,11761952,Pune,2BHK,Rent,15,2,0,0
8068,38,4268299,Mumbai,2BHK,Rent,11,3,1,0
8069,44,3142252,Bangalore,2BHK,Rent,24,2,0,0
8070,29,7770827,Bangalore,3BHK,Buy,25,5,0,1
8071,51,5575314,Bangalore,1BHK,Buy,14,5,0,1
8072,30,2893320,Bangalore,1BHK,Rent,14,6,1,0
8073,22,9922505,Mumbai,1BHK,Buy,3,6,1,0
8074,58,5787152,Pune,2BHK,Rent,28,7,0,1
8075,35,4570289,Bangalore,2BHK,Rent,22,8,0,0
8076,23,14383526,Bangalore,2BHK,Rent,22,4,0,1
8077,51,4233355,Pune,3BHK,Buy,16,9,0,0
8078,26,11954270,Delhi,3BHK,Rent,14,3,1,0
8079,23,13101198,Delhi,2BHK,Rent,10,5,1,0
8080,31,3499163,Pune,3BHK,Buy,22,3,1,0
8081,35,11126275,Bangalore,3BHK,Rent,8,2,1,0
8082,48,9225206,Pune,3BHK,Buy,12,5,1,1
8083,30,11716544,Bangalore,1BHK,Buy,5,9,0,0
8084,58,5973369,Bangalore,3BHK,Buy,26,6,1,1
8085,27,14888043,Delhi,2BHK,Rent,26,4,1,1
8086,35,6826616,Delhi,1BHK,Rent,13,7,0,1
8087,38,13423841,Bangalore,3BHK,Rent,24,5,1,1
8088,38,4606894,Bangalore,2BHK,Rent,12,7,0,0
8089,44,10955216,Bangalore,3BHK,Rent,3,2,1,0
8090,22,6467749,Delhi,2BHK,Rent,23,2,1,0
8091,40,4303275,Bangalore,2BHK,Rent,17,9,1,0
8092,54,14806322,Pune,3BHK,Rent,20,4,0,1
8093,46,4223712,Mumbai,3BHK,Rent,5,1,0,0
8094,27,11700219,Mumbai,1BHK,Rent,23,9,0,1
8095,58,3988052,Bangalore,3BHK,Rent,6,1,1,0
8096,50,4409753,Pune,2BHK,Rent,13,2,0,0
8097,25,2637677,Bangalore,1BHK,Buy,6,9,0,0
8098,31,12933411,Pune,2BHK,Buy,13,3,1,0
8099,21,10671684,Delhi,2BHK,Rent,15,1,1,0
8100,54,4363488,Delhi,3BHK,Rent,2,3,1,0
8101,21,2802560,Bangalore,2BHK,Buy,11,9,1,0
8102,39,12508596,Delhi,3BHK,Buy,16,2,0,0
8103,22,6835620,Bangalore,2BHK,Rent,18,5,0,1
8104,41,12340097,Mumbai,1BHK,Rent,2,1,0,0
8105,40,13577466,Pune,3BHK,Rent,10,1,1,0
8106,43,14861764,Pune,1BHK,Rent,13,7,1,1
8107,41,2369625,Mumbai,3BHK,Rent,28,3,1,0
8108,44,3203880,Mumbai,1BHK,Buy,8,1,0,0
8109,24,5334066,Mumbai,3BHK,Rent,7,1,0,0
8110,32,7924555,Mumbai,1BHK,Buy,16,5,0,1
8111,42,2272196,Delhi,1BHK,Buy,17,3,0,0
8112,40,3854529,Pune,3BHK,Rent,9,4,1,0
8113,38,12699587,Pune,3BHK,Rent,27,6,1,1
8114,21,13045594,Mumbai,2BHK,Buy,27,2,1,0
8115,50,6929009,Bangalore,2BHK,Rent,8,7,0,0
8116,53,2157044,Bangalore,3BHK,Buy,29,5,0,0
8117,44,7871881,Bangalore,3BHK,Buy,25,8,0,1
8118,34,13789964,Bangalore,1BHK,Rent,20,4,0,1
8119,56,11384171,Delhi,1BHK,Rent,5,8,1,0
8120,25,6127617,Pune,2BHK,Rent,27,4,1,1
8121,31,9966937,Pune,2BHK,Buy,5,5,0,0
8122,44,5167758,Pune,2BHK,Buy,27,3,0,0
8123,51,11955117,Bangalore,1BHK,Buy,25,4,0,1
8124,33,4006456,Mumbai,1BHK,Rent,24,9,1,0
8125,36,9032457,Bangalore,1BHK,Buy,13,5,0,1
8126,44,12466709,Pune,2BHK,Rent,16,4,0,1
8127,33,5235559,Bangalore,3BHK,Rent,26,4,0,1
8128,44,8368856,Mumbai,2BHK,Buy,22,7,0,1
8129,46,4075598,Mumbai,1BHK,Rent,27,2,1,0
8130,22,10335948,Bangalore,2BHK,Buy,26,4,1,1
8131,36,12765959,Pune,2BHK,Rent,11,3,1,0
8132,58,6686740,Delhi,2BHK,Rent,15,7,1,1
8133,21,5040149,Pune,2BHK,Buy,26,4,1,1
8134,31,14441952,Delhi,1BHK,Rent,17,8,0,1
8135,55,7621548,Pune,2BHK,Buy,15,5,0,1
8136,49,14961882,Bangalore,1BHK,Rent,23,9,0,1
8137,57,7162865,Delhi,2BHK,Buy,25,9,0,1
8138,37,11785237,Pune,1BHK,Buy,12,3,0,0
8139,59,10644680,Bangalore,3BHK,Rent,4,9,0,0
8140,48,14659409,Pune,1BHK,Rent,4,4,1,0
8141,49,9095593,Mumbai,1BHK,Buy,21,9,0,1
8142,23,2175748,Mumbai,3BHK,Buy,16,2,0,0
8143,30,13767066,Pune,3BHK,Buy,15,5,1,1
8144,34,10742392,Bangalore,3BHK,Buy,8,6,1,0
8145,32,6404421,Pune,3BHK,Rent,27,3,1,0
8146,50,3055677,Bangalore,3BHK,Rent,21,2,0,0
8147,52,4421791,Delhi,3BHK,Rent,20,1,0,0
8148,52,5543687,Mumbai,2BHK,Rent,8,7,1,0
8149,52,8824695,Delhi,2BHK,Rent,11,4,1,1
8150,46,5808102,Bangalore,3BHK,Buy,21,8,1,1
8151,21,5706196,Pune,1BHK,Buy,24,8,1,1
8152,22,8086289,Mumbai,1BHK,Rent,17,8,0,1
8153,37,10635725,Bangalore,3BHK,Rent,3,2,1,0
8154,50,12676366,Bangalore,2BHK,Buy,7,5,1,0
8155,59,14307865,Mumbai,2BHK,Rent,12,8,0,1
8156,27,5842996,Pune,1BHK,Rent,1,2,0,0
8157,47,12362907,Mumbai,3BHK,Buy,11,2,1,0
8158,29,13667878,Pune,2BHK,Rent,5,1,0,0
8159,42,9317994,Pune,3BHK,Rent,6,6,0,0
8160,54,2409759,Bangalore,3BHK,Rent,14,5,1,0
8161,21,8441804,Pune,1BHK,Rent,28,1,1,0
8162,29,13654350,Pune,3BHK,Buy,29,8,0,1
8163,40,5486822,Mumbai,3BHK,Rent,17,8,1,1
8164,39,10396357,Mumbai,1BHK,Rent,23,5,1,1
8165,56,4436746,Pune,2BHK,Buy,25,3,0,0
8166,24,14139167,Bangalore,3BHK,Buy,25,8,0,1
8167,29,12057959,Mumbai,1BHK,Buy,3,3,0,0
8168,42,11809555,Delhi,2BHK,Rent,4,4,0,0
8169,38,14812128,Bangalore,3BHK,Buy,1,7,0,0
8170,32,6608903,Mumbai,2BHK,Buy,29,7,1,1
8171,59,14399346,Mumbai,1BHK,Rent,4,4,0,0
8172,29,2640546,Delhi,3BHK,Buy,14,9,1,0
8173,26,14215108,Pune,1BHK,Rent,21,6,1,1
8174,39,11450365,Mumbai,1BHK,Rent,7,8,1,0
8175,27,9384930,Delhi,3BHK,Rent,21,7,1,1
8176,36,14324173,Delhi,1BHK,Buy,24,4,1,1
8177,25,8781076,Mumbai,2BHK,Rent,7,2,0,0
8178,36,8564462,Bangalore,1BHK,Buy,1,2,1,0
8179,21,14873744,Mumbai,3BHK,Buy,28,8,1,1
8180,57,7815185,Delhi,3BHK,Rent,2,8,0,0
8181,59,12975457,Mumbai,2BHK,Rent,23,1,1,0
8182,39,3323659,Bangalore,3BHK,Buy,3,1,0,0
8183,57,7206275,Pune,1BHK,Rent,18,4,1,1
8184,37,4463448,Pune,1BHK,Buy,11,1,0,0
8185,46,6572763,Mumbai,3BHK,Buy,12,1,0,0
8186,42,5385162,Mumbai,2BHK,Buy,14,5,1,1
8187,28,11412812,Delhi,2BHK,Buy,9,1,0,0
8188,53,4338299,Bangalore,3BHK,Buy,28,6,0,0
8189,22,10787096,Delhi,1BHK,Buy,10,4,1,0
8190,50,9777382,Delhi,3BHK,Rent,13,5,1,1
8191,40,3203913,Pune,3BHK,Buy,24,9,1,0
8192,38,12740503,Delhi,2BHK,Buy,24,2,1,0
8193,30,14039284,Delhi,1BHK,Rent,3,3,1,0
8194,44,10994456,Pune,2BHK,Rent,27,3,1,0
8195,24,7602459,Pune,2BHK,Buy,26,9,0,1
8196,57,12030755,Bangalore,1BHK,Buy,9,3,1,0
8197,24,10397905,Bangalore,1BHK,Buy,24,5,1,1
8198,33,5012417,Bangalore,1BHK,Rent,28,6,1,1
8199,45,8480962,Mumbai,3BHK,Buy,2,6,1,0
8200,33,4030829,Pune,1BHK,Buy,23,6,1,0
8201,38,3238831,Mumbai,3BHK,Rent,8,1,1,0
8202,44,10999890,Mumbai,2BHK,Rent,28,6,1,1
8203,22,10023365,Bangalore,1BHK,Rent,7,1,1,0
8204,53,8504514,Pune,3BHK,Buy,9,6,1,0
8205,39,10249152,Mumbai,3BHK,Rent,13,6,0,1
8206,29,3842653,Delhi,3BHK,Buy,7,3,0,0
8207,48,10982590,Delhi,3BHK,Rent,28,3,0,0
8208,55,13813266,Pune,2BHK,Rent,7,6,1,0
8209,59,14623605,Mumbai,1BHK,Buy,1,2,1,0
8210,30,8125759,Bangalore,1BHK,Buy,2,5,0,0
8211,21,2419794,Mumbai,1BHK,Rent,21,3,1,0
8212,41,4691142,Delhi,1BHK,Buy,29,5,0,0
8213,29,13881325,Delhi,1BHK,Buy,29,3,1,0
8214,35,8048689,Bangalore,1BHK,Rent,27,2,1,0
8215,55,6652328,Pune,3BHK,Buy,17,4,1,1
8216,25,2520436,Mumbai,1BHK,Buy,28,5,1,0
8217,42,4091526,Delhi,3BHK,Rent,10,6,0,0
8218,43,7632392,Mumbai,2BHK,Buy,15,2,1,0
8219,27,13043587,Bangalore,3BHK,Buy,16,3,0,0
8220,43,5796568,Bangalore,2BHK,Buy,23,3,1,0
8221,45,10531120,Pune,1BHK,Rent,21,6,0,1
8222,47,10379595,Bangalore,2BHK,Buy,13,1,1,0
8223,26,5036753,Pune,2BHK,Buy,21,7,1,1
8224,54,12166247,Mumbai,3BHK,Buy,8,8,1,0
8225,29,8663054,Delhi,3BHK,Buy,9,7,1,0
8226,53,10258687,Delhi,2BHK,Buy,26,4,0,1
8227,26,14740791,Pune,2BHK,Rent,1,7,0,0
8228,57,2700662,Delhi,1BHK,Buy,26,1,0,0
8229,51,9556968,Pune,3BHK,Rent,4,8,0,0
8230,54,2663399,Pune,2BHK,Buy,27,3,0,0
8231,49,6704250,Mumbai,3BHK,Rent,18,9,1,1
8232,34,7552451,Mumbai,1BHK,Buy,25,1,0,0
8233,56,12295455,Bangalore,1BHK,Rent,25,6,0,1
8234,56,3276828,Pune,2BHK,Buy,1,1,0,0
8235,35,13913281,Mumbai,1BHK,Buy,3,8,1,0
8236,28,6164513,Pune,2BHK,Buy,10,3,0,0
8237,46,3945853,Pune,3BHK,Buy,24,4,0,0
8238,56,4676853,Pune,3BHK,Rent,2,6,0,0
8239,41,2590246,Mumbai,2BHK,Buy,18,4,0,0
8240,48,14089899,Pune,2BHK,Buy,2,8,1,0
8241,24,13874001,Pune,2BHK,Buy,13,9,1,1
8242,36,3827346,Bangalore,3BHK,Buy,21,5,0,0
8243,42,14566618,Pune,3BHK,Rent,9,1,1,0
8244,32,8360364,Bangalore,1BHK,Buy,23,8,1,1
8245,36,8242003,Pune,1BHK,Buy,29,2,0,0
8246,58,2317332,Bangalore,3BHK,Buy,23,6,1,0
8247,57,6416728,Mumbai,3BHK,Buy,2,6,1,0
8248,49,14003038,Mumbai,2BHK,Rent,2,7,1,0
8249,38,11224289,Delhi,3BHK,Buy,5,9,1,0
8250,30,4655687,Pune,3BHK,Rent,28,1,1,0
8251,59,10851986,Delhi,1BHK,Buy,14,8,1,1
8252,38,8055720,Delhi,1BHK,Rent,23,5,1,1
8253,21,6920347,Bangalore,2BHK,Rent,23,6,1,1
8254,59,3297983,Mumbai,1BHK,Buy,25,8,0,0
8255,41,2267587,Pune,2BHK,Buy,3,8,1,0
8256,21,7111006,Pune,3BHK,Buy,14,7,1,1
8257,35,5801167,Bangalore,3BHK,Buy,1,7,1,0
8258,24,7077554,Delhi,2BHK,Rent,9,1,0,0
8259,40,7674441,Bangalore,1BHK,Rent,16,8,0,1
8260,30,3192549,Delhi,1BHK,Rent,17,3,1,0
8261,43,6393135,Pune,3BHK,Rent,8,5,0,0
8262,54,10358409,Bangalore,1BHK,Buy,15,4,0,1
8263,53,14756716,Delhi,2BHK,Buy,21,3,1,0
8264,54,10638886,Bangalore,3BHK,Rent,8,5,0,0
8265,59,10537187,Mumbai,1BHK,Buy,7,3,0,0
8266,30,6978674,Bangalore,3BHK,Rent,9,9,0,0
8267,40,14926841,Pune,3BHK,Rent,2,9,0,0
8268,21,5403154,Bangalore,1BHK,Rent,25,6,0,1
8269,33,6491839,Pune,2BHK,Buy,10,3,0,0
8270,21,5704187,Pune,1BHK,Rent,5,5,0,0
8271,25,7687826,Bangalore,1BHK,Rent,16,8,1,1
8272,36,7095755,Bangalore,1BHK,Rent,21,9,0,1
8273,35,14328253,Bangalore,1BHK,Buy,1,3,0,0
8274,48,7108364,Mumbai,1BHK,Buy,6,5,0,0
8275,51,3945112,Mumbai,1BHK,Rent,10,2,1,0
8276,43,10241891,Delhi,2BHK,Buy,10,2,1,0
8277,37,11663576,Bangalore,3BHK,Buy,26,2,1,0
8278,54,4339326,Delhi,2BHK,Buy,26,6,0,0
8279,33,10478761,Delhi,1BHK,Buy,19,3,1,0
8280,34,9556484,Pune,2BHK,Rent,13,5,0,1
8281,31,8539344,Delhi,3BHK,Rent,26,8,1,1
8282,48,12575124,Bangalore,2BHK,Rent,19,5,0,1
8283,52,11553109,Mumbai,1BHK,Rent,3,2,0,0
8284,55,6204262,Delhi,3BHK,Buy,13,6,0,1
8285,51,9479801,Delhi,1BHK,Rent,4,2,1,0
8286,37,3135736,Mumbai,1BHK,Buy,25,8,1,0
8287,29,12239109,Delhi,3BHK,Rent,29,2,1,0
8288,30,13708209,Bangalore,3BHK,Rent,8,7,1,0
8289,28,14866255,Delhi,1BHK,Buy,12,4,1,1
8290,41,10126401,Pune,2BHK,Rent,22,4,0,1
8291,33,12724722,Delhi,3BHK,Buy,24,8,0,1
8292,25,12420480,Pune,2BHK,Rent,24,4,1,1
8293,26,8719160,Mumbai,2BHK,Rent,17,8,0,1
8294,50,3865501,Mumbai,3BHK,Buy,25,9,1,0
8295,51,13845482,Delhi,2BHK,Rent,1,8,0,0
8296,37,12509491,Delhi,3BHK,Buy,27,4,0,1
8297,31,4235300,Mumbai,3BHK,Buy,2,5,1,0
8298,40,12224687,Pune,3BHK,Rent,9,6,0,0
8299,29,11274966,Mumbai,3BHK,Rent,23,9,1,1
8300,22,8251565,Mumbai,2BHK,Buy,26,5,0,1
8301,57,2041410,Pune,2BHK,Rent,1,2,0,0
8302,21,3803137,Mumbai,3BHK,Rent,19,7,0,0
8303,24,11269988,Delhi,3BHK,Buy,17,6,0,1
8304,56,6422747,Delhi,3BHK,Buy,5,3,1,0
8305,45,13575377,Mumbai,3BHK,Rent,15,8,1,1
8306,23,9725792,Delhi,1BHK,Buy,20,3,0,0
8307,29,8869070,Bangalore,2BHK,Rent,24,4,1,1
8308,42,11868949,Mumbai,2BHK,Rent,25,9,1,1
8309,43,11228136,Bangalore,3BHK,Rent,12,4,1,1
8310,32,10050970,Mumbai,1BHK,Buy,4,2,0,0
8311,30,7158198,Mumbai,1BHK,Buy,15,9,1,1
8312,54,6633572,Bangalore,1BHK,Rent,3,8,1,0
8313,30,8072479,Mumbai,3BHK,Buy,14,4,1,1
8314,50,4544955,Delhi,1BHK,Buy,4,6,1,0
8315,42,7042028,Bangalore,3BHK,Buy,19,6,0,1
8316,26,10349650,Mumbai,1BHK,Buy,6,2,0,0
8317,22,6531867,Delhi,3BHK,Buy,17,9,1,1
8318,50,12134683,Bangalore,3BHK,Rent,18,6,1,1
8319,22,12311369,Bangalore,2BHK,Buy,8,5,1,0
8320,52,7908947,Delhi,3BHK,Buy,19,2,0,0
8321,36,11150360,Mumbai,1BHK,Buy,20,1,1,0
8322,32,6076372,Mumbai,2BHK,Rent,12,7,1,1
8323,21,8133401,Bangalore,1BHK,Rent,17,4,0,1
8324,28,11928522,Pune,3BHK,Buy,19,7,0,1
8325,33,8678134,Mumbai,2BHK,Rent,1,5,1,0
8326,35,5307408,Mumbai,3BHK,Buy,11,1,0,0
8327,28,2889297,Delhi,3BHK,Rent,10,5,0,0
8328,30,13843767,Pune,1BHK,Rent,16,4,0,1
8329,25,2557715,Pune,1BHK,Buy,5,1,0,0
8330,39,11956517,Bangalore,1BHK,Rent,17,2,0,0
8331,58,14011594,Delhi,2BHK,Buy,28,9,0,1
8332,31,7926635,Delhi,1BHK,Buy,9,1,0,0
8333,40,5013433,Mumbai,3BHK,Rent,23,4,0,1
8334,40,12466994,Bangalore,2BHK,Rent,27,8,1,1
8335,41,14413430,Mumbai,1BHK,Rent,8,5,1,0
8336,38,3852978,Pune,1BHK,Buy,25,7,0,0
8337,30,7233295,Delhi,1BHK,Buy,10,2,1,0
8338,54,13517270,Bangalore,3BHK,Buy,8,4,1,0
8339,46,13164491,Mumbai,1BHK,Rent,3,4,1,0
8340,50,11401594,Mumbai,3BHK,Rent,23,1,0,0
8341,29,10609575,Pune,2BHK,Rent,23,8,1,1
8342,51,8179650,Delhi,1BHK,Rent,23,3,1,0
8343,24,14817537,Pune,3BHK,Buy,12,4,1,1
8344,26,10499557,Mumbai,1BHK,Rent,24,2,1,0
8345,34,3175471,Delhi,1BHK,Buy,4,5,0,0
8346,24,8580915,Delhi,2BHK,Buy,27,5,1,1
8347,46,8018455,Pune,2BHK,Buy,22,3,1,0
8348,59,14666716,Delhi,3BHK,Rent,18,8,1,1
8349,37,3779182,Pune,3BHK,Rent,23,1,0,0
8350,39,8070893,Delhi,3BHK,Rent,9,2,1,0
8351,26,6895201,Delhi,2BHK,Rent,21,1,0,0
8352,49,4094035,Bangalore,3BHK,Rent,4,6,0,0
8353,31,6667217,Delhi,2BHK,Rent,2,4,0,0
8354,36,12343377,Mumbai,2BHK,Rent,7,1,1,0
8355,50,9978304,Bangalore,1BHK,Rent,18,7,0,1
8356,45,14566291,Pune,1BHK,Rent,2,9,0,0
8357,31,13888929,Mumbai,3BHK,Rent,25,5,0,1
8358,27,9493288,Pune,2BHK,Rent,2,7,1,0
8359,46,9497674,Pune,2BHK,Rent,10,4,1,0
8360,42,7373402,Mumbai,2BHK,Rent,3,4,0,0
8361,45,13839510,Pune,1BHK,Rent,19,4,1,1
8362,39,13334437,Bangalore,2BHK,Buy,2,5,1,0
8363,51,4807979,Mumbai,3BHK,Buy,26,8,1,0
8364,46,7493570,Pune,3BHK,Buy,3,4,0,0
8365,56,2559421,Pune,1BHK,Rent,9,7,1,0
8366,43,12398493,Delhi,3BHK,Buy,11,9,1,1
8367,33,3196886,Delhi,2BHK,Rent,11,6,0,0
8368,45,5193973,Pune,2BHK,Rent,27,4,0,1
8369,22,3381194,Mumbai,3BHK,Buy,3,5,1,0
8370,22,4324962,Bangalore,1BHK,Rent,5,8,1,0
8371,36,7439619,Pune,2BHK,Rent,12,4,0,1
8372,29,8029050,Pune,2BHK,Rent,15,4,1,1
8373,48,13750921,Pune,1BHK,Rent,23,7,0,1
8374,33,9405106,Delhi,2BHK,Buy,17,6,0,1
8375,55,14641116,Mumbai,3BHK,Rent,16,1,1,0
8376,33,13423333,Pune,3BHK,Buy,17,9,0,1
8377,51,14065470,Delhi,1BHK,Buy,15,5,1,1
8378,41,7676448,Pune,1BHK,Rent,26,2,1,0
8379,52,11721068,Pune,3BHK,Buy,13,5,0,1
8380,54,7798164,Mumbai,1BHK,Rent,2,8,1,0
8381,28,2588162,Delhi,3BHK,Rent,17,6,1,0
8382,22,5243389,Bangalore,1BHK,Buy,1,8,0,0
8383,58,9971265,Mumbai,3BHK,Buy,10,5,1,0
8384,52,4812194,Bangalore,2BHK,Buy,4,4,0,0
8385,48,6893864,Delhi,2BHK,Rent,10,3,0,0
8386,57,14605882,Delhi,3BHK,Buy,12,2,1,0
8387,21,13414159,Bangalore,2BHK,Buy,28,9,1,1
8388,30,7936311,Delhi,3BHK,Buy,3,1,1,0
8389,24,10047660,Mumbai,1BHK,Rent,1,2,1,0
8390,55,2415474,Pune,2BHK,Rent,19,6,0,0
8391,30,9953210,Bangalore,2BHK,Buy,1,6,1,0
8392,31,10091569,Pune,2BHK,Buy,19,1,1,0
8393,34,5203028,Bangalore,3BHK,Buy,4,8,1,0
8394,58,6256219,Pune,2BHK,Rent,27,4,0,1
8395,32,11576700,Pune,1BHK,Rent,13,7,0,1
8396,37,4696587,Mumbai,2BHK,Rent,27,9,0,0
8397,36,12037536,Pune,1BHK,Rent,14,2,1,0
8398,55,4082003,Bangalore,2BHK,Rent,14,7,0,0
8399,22,10455143,Pune,2BHK,Buy,24,1,0,0
8400,31,14062384,Delhi,1BHK,Buy,3,3,1,0
8401,23,11277755,Pune,2BHK,Rent,19,4,1,1
8402,49,12349107,Pune,1BHK,Rent,29,3,0,0
8403,38,11917877,Delhi,1BHK,Buy,25,8,0,1
8404,40,6089254,Delhi,1BHK,Buy,11,7,1,1
8405,34,12671336,Bangalore,2BHK,Buy,9,3,1,0
8406,54,3179568,Delhi,2BHK,Buy,6,7,0,0
8407,51,7679226,Delhi,1BHK,Buy,26,2,0,0
8408,38,10563561,Bangalore,2BHK,Buy,4,3,0,0
8409,50,7829567,Bangalore,3BHK,Buy,26,7,0,1
8410,45,13964003,Pune,1BHK,Buy,5,5,0,0
8411,39,4541781,Mumbai,1BHK,Buy,29,9,1,0
8412,28,13233177,Bangalore,3BHK,Buy,9,8,1,0
8413,48,5470150,Delhi,3BHK,Buy,1,6,0,0
8414,28,3686150,Pune,1BHK,Rent,23,4,1,0
8415,51,9238599,Delhi,3BHK,Rent,15,3,1,0
8416,23,10030013,Bangalore,1BHK,Rent,11,6,1,1
8417,23,6946649,Mumbai,2BHK,Buy,23,9,1,1
8418,42,7911319,Pune,3BHK,Buy,26,5,1,1
8419,37,8287399,Bangalore,1BHK,Rent,1,7,0,0
8420,56,11313007,Bangalore,1BHK,Rent,17,7,0,1
8421,37,7074251,Delhi,1BHK,Buy,15,7,1,1
8422,34,11489326,Mumbai,3BHK,Buy,14,9,0,1
8423,29,9729333,Bangalore,2BHK,Buy,9,2,1,0
8424,50,7124360,Delhi,2BHK,Rent,23,8,1,1
8425,41,12403509,Pune,3BHK,Buy,4,2,0,0
8426,32,14680724,Delhi,1BHK,Buy,9,1,1,0
8427,57,12650462,Pune,1BHK,Buy,28,6,0,1
8428,52,5740079,Delhi,1BHK,Buy,5,2,1,0
8429,31,3703854,Mumbai,3BHK,Rent,3,5,1,0
8430,40,7517271,Delhi,3BHK,Rent,18,1,1,0
8431,55,3328323,Mumbai,1BHK,Buy,9,7,0,0
8432,31,3150675,Mumbai,1BHK,Rent,4,1,0,0
8433,28,9844286,Pune,1BHK,Rent,7,8,1,0
8434,24,10126991,Delhi,3BHK,Buy,1,5,0,0
8435,47,4022601,Delhi,3BHK,Rent,16,5,1,0
8436,58,14782442,Delhi,2BHK,Buy,25,3,0,0
8437,50,5370116,Mumbai,1BHK,Buy,28,2,1,0
8438,47,11225354,Bangalore,1BHK,Rent,25,6,1,1
8439,41,6371100,Delhi,2BHK,Buy,26,4,1,1
8440,40,14283372,Delhi,1BHK,Buy,6,4,0,0
8441,24,14862286,Bangalore,2BHK,Buy,6,6,1,0
8442,31,6024389,Pune,3BHK,Buy,14,2,0,0
8443,33,4431791,Delhi,2BHK,Rent,22,2,0,0
8444,29,4460686,Bangalore,2BHK,Buy,5,4,0,0
8445,24,13970282,Delhi,3BHK,Rent,11,6,0,1
8446,32,12439891,Mumbai,1BHK,Rent,1,2,0,0
8447,29,9191611,Bangalore,2BHK,Rent,20,7,1,1
8448,33,3917953,Mumbai,2BHK,Buy,10,8,1,0
8449,46,8956779,Bangalore,1BHK,Rent,1,9,0,0
8450,58,11356623,Pune,2BHK,Rent,21,6,0,1
8451,33,2907233,Mumbai,3BHK,Rent,29,2,1,0
8452,59,14050992,Delhi,2BHK,Rent,4,6,1,0
8453,48,11059405,Bangalore,1BHK,Rent,8,8,0,0
8454,39,3130523,Delhi,1BHK,Rent,1,1,0,0
8455,44,10260772,Pune,2BHK,Rent,8,6,0,0
8456,39,8091209,Bangalore,1BHK,Buy,14,1,0,0
8457,33,14575664,Pune,1BHK,Buy,24,6,1,1
8458,33,7885804,Bangalore,2BHK,Rent,17,4,1,1
8459,48,8567087,Mumbai,2BHK,Rent,9,3,0,0
8460,22,5485256,Delhi,1BHK,Buy,29,3,0,0
8461,30,11710583,Mumbai,2BHK,Rent,25,4,0,1
8462,42,11033756,Mumbai,3BHK,Rent,6,3,0,0
8463,33,5016635,Mumbai,2BHK,Buy,1,9,1,0
8464,29,13948857,Mumbai,1BHK,Rent,23,4,0,1
8465,53,13084591,Bangalore,3BHK,Rent,23,1,1,0
8466,34,13569430,Delhi,1BHK,Rent,9,4,0,0
8467,40,2952602,Bangalore,1BHK,Rent,1,1,1,0
8468,35,7463518,Bangalore,3BHK,Buy,14,3,0,0
8469,52,7776902,Bangalore,2BHK,Rent,24,4,0,1
8470,53,4398901,Mumbai,1BHK,Rent,28,4,1,0
8471,37,3172685,Pune,2BHK,Buy,29,9,1,0
8472,44,12680233,Mumbai,2BHK,Buy,11,6,1,1
8473,50,14483017,Bangalore,3BHK,Rent,8,3,0,0
8474,33,7807290,Mumbai,1BHK,Rent,23,7,1,1
8475,36,12258913,Delhi,3BHK,Rent,12,4,0,1
8476,22,4208665,Delhi,3BHK,Rent,6,7,0,0
8477,37,10425288,Mumbai,1BHK,Rent,17,2,1,0
8478,52,8374908,Mumbai,1BHK,Rent,11,7,1,1
8479,28,12536804,Pune,3BHK,Rent,10,8,1,0
8480,23,11402887,Mumbai,3BHK,Buy,27,7,0,1
8481,32,2699444,Mumbai,3BHK,Buy,8,6,0,0
8482,40,9484614,Pune,1BHK,Rent,12,4,0,1
8483,36,12838406,Mumbai,1BHK,Rent,21,9,1,1
8484,34,8837896,Mumbai,3BHK,Rent,4,1,1,0
8485,36,2609026,Mumbai,1BHK,Rent,21,5,0,0
8486,53,3206093,Mumbai,1BHK,Rent,21,1,1,0
8487,50,7974928,Mumbai,1BHK,Rent,13,1,0,0
8488,32,7707249,Bangalore,2BHK,Buy,26,6,1,1
8489,35,11541717,Mumbai,2BHK,Buy,3,6,1,0
8490,38,11311417,Pune,3BHK,Rent,20,7,1,1
8491,48,7237915,Mumbai,2BHK,Rent,4,9,0,0
8492,43,10578540,Bangalore,3BHK,Rent,8,6,1,0
8493,34,7447565,Pune,3BHK,Buy,5,2,0,0
8494,50,2048648,Pune,1BHK,Buy,22,4,0,0
8495,53,12679922,Mumbai,3BHK,Buy,26,9,0,1
8496,35,13762329,Delhi,3BHK,Rent,2,2,0,0
8497,27,7809281,Bangalore,3BHK,Buy,25,7,1,1
8498,35,11278544,Delhi,3BHK,Rent,8,4,0,0
8499,58,9994751,Mumbai,1BHK,Rent,24,6,1,1
8500,31,8280993,Bangalore,1BHK,Rent,26,1,0,0
8501,49,14878118,Delhi,3BHK,Rent,5,8,1,0
8502,51,4430929,Bangalore,2BHK,Buy,16,6,0,0
8503,45,4070796,Mumbai,2BHK,Rent,21,7,1,0
8504,44,3614468,Bangalore,3BHK,Rent,15,6,0,0
8505,39,14615033,Mumbai,1BHK,Buy,19,7,0,1
8506,22,14500343,Delhi,3BHK,Rent,13,5,1,1
8507,42,4746455,Bangalore,3BHK,Rent,11,3,1,0
8508,40,9804527,Pune,1BHK,Rent,16,6,1,1
8509,53,10142958,Mumbai,2BHK,Buy,18,9,1,1
8510,28,11413191,Bangalore,3BHK,Rent,25,6,0,1
8511,45,7942425,Pune,1BHK,Rent,15,9,1,1
8512,29,11436728,Pune,1BHK,Buy,6,2,0,0
8513,54,5191963,Pune,3BHK,Rent,8,1,1,0
8514,43,3181296,Pune,1BHK,Rent,4,4,1,0
8515,25,7586237,Mumbai,3BHK,Rent,21,5,0,1
8516,45,12993198,Bangalore,2BHK,Rent,26,7,1,1
8517,28,4578669,Pune,3BHK,Buy,16,8,1,0
8518,36,5869005,Bangalore,2BHK,Buy,21,1,1,0
8519,35,13026537,Bangalore,1BHK,Rent,11,6,1,1
8520,21,8678213,Delhi,3BHK,Buy,26,1,1,0
8521,42,4523517,Bangalore,1BHK,Rent,20,8,1,0
8522,23,13430576,Mumbai,3BHK,Rent,27,1,1,0
8523,58,5576068,Mumbai,1BHK,Buy,2,4,1,0
8524,34,12487076,Pune,2BHK,Rent,22,3,1,0
8525,56,2988494,Bangalore,3BHK,Rent,4,2,1,0
8526,38,10448654,Mumbai,1BHK,Rent,14,8,0,1
8527,38,4962227,Mumbai,3BHK,Rent,11,6,1,0
8528,23,13472874,Mumbai,3BHK,Buy,4,4,1,0
8529,30,6149956,Pune,2BHK,Buy,26,3,1,0
8530,59,10108507,Mumbai,1BHK,Buy,3,6,1,0
8531,21,4212746,Bangalore,3BHK,Buy,24,6,0,0
8532,47,10897174,Mumbai,3BHK,Buy,22,5,1,1
8533,47,4775614,Mumbai,3BHK,Rent,25,3,1,0
8534,31,3833601,Pune,3BHK,Buy,5,9,0,0
8535,25,7357310,Bangalore,3BHK,Buy,6,6,1,0
8536,27,5533654,Mumbai,1BHK,Rent,9,5,1,0
8537,39,13435221,Bangalore,3BHK,Rent,4,7,0,0
8538,49,4503240,Bangalore,3BHK,Rent,26,1,0,0
8539,35,10962990,Mumbai,3BHK,Rent,7,7,1,0
8540,55,14179727,Pune,1BHK,Rent,13,1,1,0
8541,57,6847418,Bangalore,3BHK,Buy,10,9,1,0
8542,32,14471533,Delhi,3BHK,Buy,12,6,1,1
8543,50,2753523,Mumbai,2BHK,Buy,10,7,1,0
8544,40,12529437,Bangalore,2BHK,Rent,11,7,0,1
8545,57,6123244,Bangalore,3BHK,Buy,11,1,1,0
8546,23,14462600,Bangalore,3BHK,Rent,22,2,0,0
8547,29,9875904,Mumbai,2BHK,Buy,6,3,0,0
8548,59,8555706,Delhi,1BHK,Rent,6,8,1,0
8549,46,4504037,Bangalore,1BHK,Buy,20,9,1,0
8550,22,4609855,Bangalore,2BHK,Buy,26,8,1,0
8551,43,11462407,Pune,3BHK,Rent,6,6,0,0
8552,43,12939642,Mumbai,2BHK,Rent,12,2,0,0
8553,41,10162170,Mumbai,1BHK,Rent,23,2,0,0
8554,36,9794833,Bangalore,2BHK,Buy,29,7,1,1
8555,29,4517850,Pune,1BHK,Rent,14,9,1,0
8556,33,13332561,Bangalore,3BHK,Rent,18,6,0,1
8557,48,4786655,Bangalore,3BHK,Rent,27,1,1,0
8558,47,11592496,Mumbai,3BHK,Buy,25,9,0,1
8559,37,10660767,Pune,1BHK,Rent,23,7,1,1
8560,58,13354356,Bangalore,2BHK,Buy,19,3,1,0
8561,56,14514863,Mumbai,3BHK,Buy,10,2,1,0
8562,21,4148652,Bangalore,1BHK,Buy,10,3,0,0
8563,38,7044661,Bangalore,3BHK,Rent,7,2,0,0
8564,29,7596003,Pune,2BHK,Buy,26,2,1,0
8565,33,10222819,Pune,3BHK,Rent,10,4,0,0
8566,35,14270292,Pune,1BHK,Rent,14,6,0,1
8567,24,6418349,Bangalore,1BHK,Rent,5,3,0,0
8568,53,13190751,Delhi,3BHK,Buy,25,9,1,1
8569,44,11382302,Pune,3BHK,Buy,22,5,1,1
8570,56,3767588,Delhi,1BHK,Buy,11,5,1,0
8571,30,14765071,Delhi,3BHK,Rent,29,7,0,1
8572,56,10599469,Delhi,3BHK,Rent,7,9,0,0
8573,40,4938493,Mumbai,3BHK,Buy,20,1,0,0
8574,31,12235181,Bangalore,2BHK,Buy,18,9,0,1
8575,32,6484045,Pune,2BHK,Rent,11,2,0,0
8576,38,10612984,Bangalore,2BHK,Rent,20,3,0,0
8577,50,3638487,Bangalore,3BHK,Rent,25,5,1,0
8578,57,9414332,Mumbai,1BHK,Rent,3,4,1,0
8579,40,2878269,Mumbai,3BHK,Buy,7,5,1,0
8580,45,2049314,Mumbai,3BHK,Buy,29,5,1,0
8581,32,7809133,Bangalore,2BHK,Rent,4,5,0,0
8582,41,12176812,Delhi,1BHK,Buy,19,5,0,1
8583,45,13864437,Bangalore,2BHK,Buy,21,2,0,0
8584,31,13718858,Mumbai,1BHK,Rent,18,1,0,0
8585,29,9533006,Bangalore,3BHK,Rent,11,8,1,1
8586,45,3429911,Mumbai,3BHK,Buy,14,3,1,0
8587,55,2328897,Mumbai,3BHK,Rent,10,7,1,0
8588,52,4394538,Pune,1BHK,Buy,14,8,1,0
8589,34,13666337,Delhi,2BHK,Rent,4,6,1,0
8590,21,2368406,Mumbai,2BHK,Buy,23,6,0,0
8591,37,13788604,Pune,2BHK,Rent,12,3,0,0
8592,45,13371998,Delhi,1BHK,Buy,12,9,1,1
8593,28,4458020,Mumbai,1BHK,Rent,2,3,1,0
8594,25,3586444,Delhi,3BHK,Rent,26,5,0,0
8595,25,8274528,Delhi,2BHK,Rent,6,6,1,0
8596,55,5774150,Bangalore,1BHK,Rent,5,1,0,0
8597,39,7076703,Pune,2BHK,Rent,19,9,0,1
8598,43,9098630,Delhi,2BHK,Buy,21,7,0,1
8599,29,12503593,Bangalore,1BHK,Buy,15,1,1,0
8600,50,5766437,Delhi,1BHK,Rent,10,6,1,0
8601,36,4692787,Bangalore,3BHK,Buy,7,7,0,0
8602,53,3122731,Mumbai,3BHK,Buy,19,5,0,0
8603,22,13361983,Mumbai,3BHK,Rent,8,5,0,0
8604,34,6940172,Bangalore,2BHK,Buy,15,7,0,1
8605,21,9791387,Mumbai,2BHK,Buy,23,3,0,0
8606,46,10503135,Mumbai,3BHK,Buy,4,3,0,0
8607,45,8520938,Mumbai,2BHK,Buy,13,1,0,0
8608,36,4822097,Delhi,2BHK,Rent,29,8,1,0
8609,35,4612705,Bangalore,2BHK,Buy,5,2,0,0
8610,46,14045810,Pune,2BHK,Buy,26,3,0,0
8611,36,9646437,Pune,1BHK,Buy,11,7,1,1
8612,34,2726272,Bangalore,1BHK,Buy,16,8,1,0
8613,49,9733290,Delhi,3BHK,Rent,20,9,0,1
8614,44,7789937,Mumbai,3BHK,Buy,18,8,1,1
8615,35,7703209,Mumbai,2BHK,Rent,28,7,0,1
8616,39,4306142,Delhi,2BHK,Rent,15,1,0,0
8617,28,9362481,Pune,1BHK,Rent,25,1,1,0
8618,54,11334971,Bangalore,2BHK,Rent,1,8,0,0
8619,22,2139648,Bangalore,2BHK,Rent,8,7,1,0
8620,47,10827698,Delhi,3BHK,Buy,4,2,1,0
8621,30,3518991,Mumbai,2BHK,Buy,9,9,1,0
8622,55,13832825,Mumbai,1BHK,Rent,19,7,1,1
8623,43,14304142,Mumbai,2BHK,Rent,7,9,0,0
8624,28,10328316,Bangalore,2BHK,Buy,15,1,0,0
8625,48,6581024,Pune,2BHK,Buy,3,3,0,0
8626,43,7212246,Bangalore,2BHK,Rent,26,2,0,0
8627,24,2855860,Delhi,2BHK,Buy,12,6,1,0
8628,34,6942312,Bangalore,1BHK,Buy,23,4,1,1
8629,49,6198625,Delhi,3BHK,Rent,2,2,1,0
8630,21,6986512,Bangalore,2BHK,Rent,19,2,1,0
8631,24,5123544,Pune,3BHK,Rent,24,6,0,1
8632,52,8569719,Delhi,3BHK,Rent,7,9,1,0
8633,53,5831657,Mumbai,1BHK,Rent,11,6,1,1
8634,46,9860741,Mumbai,3BHK,Buy,19,4,1,1
8635,37,8421534,Bangalore,2BHK,Rent,8,9,1,0
8636,59,4791108,Bangalore,2BHK,Buy,13,2,1,0
8637,43,2315111,Pune,2BHK,Rent,9,6,0,0
8638,52,13174183,Pune,2BHK,Rent,2,7,0,0
8639,35,6085572,Mumbai,1BHK,Rent,18,3,0,0
8640,33,6007883,Bangalore,3BHK,Rent,15,4,1,1
8641,22,10501228,Delhi,1BHK,Rent,23,7,1,1
8642,39,9739916,Pune,3BHK,Rent,11,9,1,1
8643,44,9348227,Delhi,1BHK,Buy,24,5,1,1
8644,44,13264745,Delhi,1BHK,Rent,15,2,0,0
8645,31,14161282,Pune,1BHK,Rent,21,8,0,1
8646,42,11495179,Bangalore,2BHK,Buy,18,9,1,1
8647,35,10518720,Delhi,2BHK,Buy,14,2,1,0
8648,30,3791770,Bangalore,1BHK,Rent,26,1,0,0
8649,47,8329706,Delhi,3BHK,Buy,21,4,0,1
8650,29,2782129,Bangalore,3BHK,Buy,19,1,0,0
8651,48,11322188,Bangalore,2BHK,Rent,13,1,1,0
8652,21,10096967,Bangalore,1BHK,Rent,25,5,1,1
8653,37,12148383,Bangalore,2BHK,Buy,16,7,1,1
8654,51,10191187,Pune,2BHK,Rent,2,3,0,0
8655,30,8859186,Delhi,2BHK,Buy,25,7,1,1
8656,57,3578256,Bangalore,1BHK,Buy,2,5,1,0
8657,49,9848225,Mumbai,1BHK,Buy,17,8,0,1
8658,38,3565474,Delhi,2BHK,Buy,26,7,0,0
8659,58,5618789,Delhi,1BHK,Rent,22,1,0,0
8660,59,10413417,Bangalore,3BHK,Rent,27,1,1,0
8661,26,9455127,Delhi,3BHK,Rent,22,7,1,1
8662,32,2623761,Mumbai,2BHK,Rent,20,6,0,0
8663,34,14511661,Mumbai,3BHK,Rent,29,9,1,1
8664,30,4564527,Mumbai,2BHK,Rent,18,8,1,0
8665,40,9839334,Delhi,2BHK,Rent,29,6,1,1
8666,35,14577264,Delhi,2BHK,Rent,10,6,0,0
8667,51,10987606,Bangalore,1BHK,Rent,12,9,0,1
8668,27,13717604,Delhi,1BHK,Rent,27,4,0,1
8669,30,13587412,Delhi,1BHK,Rent,3,9,0,0
8670,30,10674106,Bangalore,1BHK,Rent,29,8,1,1
8671,59,6852976,Mumbai,2BHK,Buy,6,3,1,0
8672,48,5453705,Bangalore,1BHK,Rent,20,4,0,1
8673,50,7771486,Pune,3BHK,Rent,5,7,0,0
8674,57,14170987,Delhi,3BHK,Rent,27,3,1,0
8675,23,4459288,Delhi,1BHK,Rent,25,3,1,0
8676,35,8449720,Pune,3BHK,Rent,21,8,0,1
8677,41,3942849,Pune,3BHK,Buy,26,5,1,0
8678,57,3149302,Pune,1BHK,Buy,27,5,0,0
8679,32,8380655,Bangalore,2BHK,Rent,8,8,1,0
8680,24,4478491,Mumbai,2BHK,Rent,18,6,0,0
8681,29,3030412,Bangalore,2BHK,Rent,16,5,1,0
8682,59,2168561,Pune,1BHK,Buy,28,1,0,0
8683,48,5396859,Bangalore,2BHK,Rent,14,5,0,1
8684,43,12331789,Delhi,2BHK,Rent,6,8,1,0
8685,42,6746865,Bangalore,3BHK,Buy,11,9,0,1
8686,44,6748065,Pune,2BHK,Buy,27,6,1,1
8687,46,2585698,Delhi,1BHK,Rent,6,3,0,0
8688,50,14576612,Mumbai,2BHK,Rent,5,8,0,0
8689,53,6601199,Bangalore,3BHK,Buy,15,5,0,1
8690,36,6549429,Bangalore,3BHK,Rent,6,2,0,0
8691,42,8336766,Pune,3BHK,Rent,21,1,0,0
8692,38,5753422,Mumbai,3BHK,Buy,16,8,0,1
8693,27,14774667,Delhi,2BHK,Rent,18,2,1,0
8694,46,7617789,Pune,3BHK,Buy,21,3,0,0
8695,28,11725320,Pune,3BHK,Rent,1,9,1,0
8696,26,11466617,Bangalore,3BHK,Rent,3,1,1,0
8697,50,8055245,Mumbai,2BHK,Buy,23,8,1,1
8698,59,7156828,Pune,1BHK,Buy,20,2,1,0
8699,43,10286772,Bangalore,3BHK,Buy,24,8,1,1
8700,52,12151279,Delhi,3BHK,Buy,3,2,1,0
8701,42,13150890,Pune,3BHK,Buy,7,7,0,0
8702,29,4428581,Delhi,2BHK,Buy,14,3,1,0
8703,51,11285161,Delhi,2BHK,Buy,18,4,0,1
8704,27,6622791,Bangalore,3BHK,Buy,24,1,0,0
8705,29,11641647,Mumbai,1BHK,Buy,15,1,0,0
8706,33,8140994,Delhi,3BHK,Rent,13,8,0,1
8707,23,2023439,Pune,1BHK,Rent,19,8,0,0
8708,55,11795154,Mumbai,1BHK,Buy,29,2,1,0
8709,53,12890077,Mumbai,2BHK,Rent,22,4,0,1
8710,41,11005672,Bangalore,2BHK,Buy,2,2,0,0
8711,51,3486709,Pune,2BHK,Buy,7,8,1,0
8712,54,6548793,Pune,1BHK,Rent,13,7,1,1
8713,52,7093659,Bangalore,1BHK,Buy,4,7,0,0
8714,55,7064195,Bangalore,1BHK,Buy,6,3,1,0
8715,35,2244361,Mumbai,2BHK,Buy,18,5,1,0
8716,52,3482988,Delhi,2BHK,Buy,19,1,0,0
8717,26,8970385,Delhi,2BHK,Rent,15,4,0,1
8718,41,2906030,Delhi,3BHK,Buy,3,4,0,0
8719,53,13183007,Delhi,1BHK,Rent,20,1,0,0
8720,52,7068707,Pune,1BHK,Rent,17,7,1,1
8721,39,6642824,Pune,3BHK,Buy,16,5,1,1
8722,53,9463331,Bangalore,1BHK,Rent,13,1,0,0
8723,48,6689948,Bangalore,1BHK,Rent,22,5,0,1
8724,51,8717071,Delhi,3BHK,Rent,27,8,0,1
8725,41,13258203,Bangalore,1BHK,Rent,22,8,0,1
8726,54,5957396,Pune,2BHK,Buy,20,2,0,0
8727,35,7728831,Delhi,3BHK,Buy,8,1,0,0
8728,34,3789806,Delhi,1BHK,Buy,21,2,1,0
8729,39,11929153,Pune,2BHK,Rent,26,6,0,1
8730,35,11355643,Mumbai,1BHK,Rent,14,5,1,1
8731,26,10469178,Delhi,3BHK,Buy,4,4,0,0
8732,29,5926427,Bangalore,2BHK,Rent,7,8,1,0
8733,57,2952573,Mumbai,1BHK,Rent,10,5,0,0
8734,40,3777182,Pune,3BHK,Buy,15,4,1,0
8735,54,2693920,Mumbai,1BHK,Rent,26,8,1,0
8736,58,7694166,Mumbai,1BHK,Rent,16,1,0,0
8737,46,2435643,Delhi,2BHK,Buy,8,9,0,0
8738,38,5009192,Mumbai,1BHK,Buy,2,2,0,0
8739,48,5075152,Bangalore,3BHK,Buy,29,8,0,1
8740,29,6791344,Delhi,3BHK,Buy,17,9,0,1
8741,52,9548352,Pune,2BHK,Buy,6,8,1,0
8742,26,12010006,Bangalore,2BHK,Buy,16,9,0,1
8743,34,10755055,Delhi,1BHK,Buy,2,4,1,0
8744,48,7401882,Mumbai,3BHK,Rent,27,2,1,0
8745,44,3958303,Bangalore,2BHK,Buy,24,3,0,0
8746,33,13230162,Delhi,1BHK,Rent,29,8,0,1
8747,32,11814615,Delhi,1BHK,Buy,21,5,0,1
8748,39,5255298,Pune,3BHK,Rent,18,4,0,1
8749,41,3653986,Delhi,3BHK,Rent,11,3,1,0
8750,47,9372432,Pune,1BHK,Rent,12,3,1,0
8751,39,6326943,Mumbai,3BHK,Rent,5,7,1,0
8752,44,10960774,Delhi,1BHK,Rent,2,8,1,0
8753,46,4146002,Delhi,1BHK,Buy,22,5,0,0
8754,48,5015750,Mumbai,3BHK,Buy,24,8,1,1
8755,38,11055103,Delhi,2BHK,Buy,18,9,0,1
8756,56,14399812,Delhi,1BHK,Rent,22,4,1,1
8757,49,2058791,Bangalore,3BHK,Rent,6,2,1,0
8758,37,13364975,Pune,1BHK,Rent,1,5,1,0
8759,24,10209842,Delhi,1BHK,Buy,9,2,1,0
8760,49,9922872,Delhi,1BHK,Rent,15,2,0,0
8761,24,2139118,Pune,3BHK,Rent,28,6,0,0
8762,30,9268516,Bangalore,3BHK,Buy,8,1,1,0
8763,45,7945046,Pune,3BHK,Buy,28,2,0,0
8764,51,8554954,Delhi,2BHK,Buy,14,5,1,1
8765,23,4726217,Mumbai,1BHK,Rent,4,5,1,0
8766,22,7862520,Mumbai,2BHK,Rent,7,3,1,0
8767,45,12739924,Bangalore,1BHK,Buy,20,5,0,1
8768,26,4470394,Bangalore,3BHK,Rent,8,9,1,0
8769,46,2589352,Delhi,1BHK,Rent,10,2,0,0
8770,28,11756512,Bangalore,1BHK,Rent,18,6,1,1
8771,55,10416032,Delhi,1BHK,Rent,18,8,0,1
8772,47,9026855,Mumbai,2BHK,Buy,19,3,1,0
8773,45,5804130,Bangalore,3BHK,Rent,4,2,1,0
8774,38,9304737,Delhi,3BHK,Rent,27,1,0,0
8775,21,5644221,Pune,1BHK,Buy,13,1,1,0
8776,59,14852195,Bangalore,3BHK,Rent,6,4,1,0
8777,23,10661978,Delhi,2BHK,Rent,21,6,1,1
8778,24,9707410,Delhi,2BHK,Buy,26,7,1,1
8779,57,6667818,Pune,3BHK,Rent,13,8,1,1
8780,35,14928708,Mumbai,2BHK,Buy,26,8,0,1
8781,28,3040062,Pune,2BHK,Rent,23,1,0,0
8782,58,6789239,Delhi,3BHK,Rent,22,8,0,1
8783,39,5738633,Pune,3BHK,Rent,16,1,1,0
8784,46,10549495,Pune,1BHK,Buy,20,3,0,0
8785,59,6891894,Delhi,1BHK,Rent,27,5,1,1
8786,30,9534476,Mumbai,2BHK,Rent,10,8,1,0
8787,58,3817820,Pune,3BHK,Buy,9,8,0,0
8788,34,10049412,Pune,2BHK,Rent,7,6,1,0
8789,39,12962425,Bangalore,3BHK,Rent,17,4,0,1
8790,50,8692666,Bangalore,2BHK,Rent,24,4,0,1
8791,25,5673547,Delhi,2BHK,Buy,20,8,1,1
8792,51,7907583,Delhi,2BHK,Buy,7,3,0,0
8793,27,11142988,Delhi,1BHK,Buy,27,8,0,1
8794,39,7118037,Bangalore,3BHK,Rent,2,4,1,0
8795,51,13890791,Delhi,2BHK,Buy,28,9,0,1
8796,59,4844814,Pune,1BHK,Rent,19,2,0,0
8797,44,11519308,Pune,2BHK,Buy,1,1,1,0
8798,54,12967680,Mumbai,2BHK,Buy,2,4,0,0
8799,43,11088757,Delhi,3BHK,Rent,27,9,1,1
8800,26,2757758,Pune,2BHK,Buy,5,7,1,0
8801,58,12475116,Pune,3BHK,Buy,18,9,0,1
8802,56,2927028,Mumbai,1BHK,Rent,29,9,1,0
8803,47,9986227,Pune,1BHK,Rent,6,9,1,0
8804,31,3828864,Mumbai,2BHK,Rent,6,9,0,0
8805,25,6282378,Mumbai,1BHK,Rent,22,7,1,1
8806,37,11545529,Bangalore,3BHK,Rent,28,8,1,1
8807,27,11655018,Pune,3BHK,Rent,27,2,0,0
8808,47,3504895,Bangalore,1BHK,Rent,16,9,0,0
8809,35,9791829,Pune,3BHK,Rent,16,2,1,0
8810,33,14011490,Bangalore,3BHK,Buy,3,8,1,0
8811,31,7297083,Mumbai,2BHK,Rent,27,2,0,0
8812,46,13680498,Mumbai,2BHK,Buy,3,8,1,0
8813,42,7783083,Mumbai,3BHK,Rent,26,3,0,0
8814,48,11625243,Mumbai,1BHK,Rent,23,2,1,0
8815,44,6162974,Pune,3BHK,Buy,29,6,1,1
8816,49,10310774,Delhi,2BHK,Buy,29,6,1,1
8817,29,5625991,Pune,1BHK,Buy,4,1,1,0
8818,24,4219369,Bangalore,3BHK,Rent,6,7,1,0
8819,38,6340405,Pune,1BHK,Rent,28,1,1,0
8820,36,10477675,Pune,1BHK,Rent,24,4,0,1
8821,53,14636432,Bangalore,1BHK,Rent,3,6,1,0
8822,49,9410085,Mumbai,3BHK,Buy,25,8,1,1
8823,59,8444489,Bangalore,2BHK,Rent,9,8,1,0
8824,30,11332947,Bangalore,1BHK,Buy,3,7,0,0
8825,29,13297549,Delhi,1BHK,Rent,6,5,1,0
8826,51,13512473,Delhi,3BHK,Rent,21,6,0,1
8827,48,14715228,Mumbai,2BHK,Buy,20,8,1,1
8828,23,2067952,Bangalore,2BHK,Rent,24,3,0,0
8829,34,8805528,Bangalore,3BHK,Buy,26,6,1,1
8830,45,7759951,Bangalore,1BHK,Rent,9,4,1,0
8831,35,5747235,Pune,3BHK,Rent,15,3,1,0
8832,22,11301345,Delhi,2BHK,Rent,28,3,1,0
8833,44,14326607,Delhi,1BHK,Rent,9,4,1,0
8834,34,7267872,Mumbai,1BHK,Rent,5,6,1,0
8835,27,7880322,Delhi,2BHK,Buy,21,1,0,0
8836,56,14837078,Delhi,1BHK,Rent,27,2,1,0
8837,44,4273162,Mumbai,3BHK,Rent,16,4,1,0
8838,47,9070831,Bangalore,2BHK,Rent,3,9,0,0
8839,57,11350847,Pune,2BHK,Rent,9,8,0,0
8840,58,9652910,Mumbai,1BHK,Buy,17,8,1,1
8841,50,6190635,Delhi,2BHK,Rent,28,7,0,1
8842,47,2205532,Mumbai,3BHK,Buy,3,6,0,0
8843,59,6844218,Delhi,2BHK,Buy,7,7,0,0
8844,35,8241841,Bangalore,1BHK,Buy,7,6,0,0
8845,46,8053572,Bangalore,2BHK,Buy,21,3,0,0
8846,21,9006423,Bangalore,1BHK,Buy,6,6,0,0
8847,24,11499036,Delhi,1BHK,Rent,20,7,0,1
8848,49,13562716,Mumbai,3BHK,Buy,8,6,1,0
8849,21,2477563,Delhi,2BHK,Buy,4,2,1,0
8850,42,9411289,Bangalore,3BHK,Buy,26,6,1,1
8851,31,10560871,Bangalore,3BHK,Buy,15,2,0,0
8852,30,13801410,Bangalore,2BHK,Buy,6,1,1,0
8853,37,5022488,Delhi,3BHK,Buy,16,5,1,1
8854,56,6707583,Pune,3BHK,Rent,5,4,1,0
8855,46,2704914,Bangalore,1BHK,Rent,12,9,1,0
8856,41,4840999,Mumbai,3BHK,Buy,14,9,0,0
8857,33,6510465,Bangalore,2BHK,Buy,26,9,0,1
8858,29,3499090,Delhi,1BHK,Buy,6,3,0,0
8859,31,14304448,Mumbai,3BHK,Buy,3,3,0,0
8860,31,6638909,Delhi,3BHK,Buy,29,3,0,0
8861,26,2728666,Pune,2BHK,Rent,19,5,0,0
8862,21,12642357,Pune,3BHK,Rent,10,6,1,0
8863,26,14009644,Delhi,2BHK,Rent,7,6,1,0
8864,33,10993526,Bangalore,3BHK,Rent,13,3,0,0
8865,42,11379583,Mumbai,3BHK,Rent,1,2,1,0
8866,51,7966451,Bangalore,2BHK,Rent,1,6,1,0
8867,42,5794146,Delhi,1BHK,Buy,17,4,0,1
8868,57,7385192,Delhi,2BHK,Buy,22,9,1,1
8869,47,4031172,Bangalore,1BHK,Rent,4,2,0,0
8870,34,4559909,Mumbai,1BHK,Buy,14,4,1,0
8871,25,13278736,Mumbai,2BHK,Rent,6,2,0,0
8872,56,11101949,Mumbai,2BHK,Rent,14,5,0,1
8873,52,2934836,Mumbai,3BHK,Rent,15,3,0,0
8874,54,4373684,Mumbai,3BHK,Buy,1,4,1,0
8875,27,8535791,Pune,1BHK,Buy,20,9,1,1
8876,30,10914590,Pune,3BHK,Rent,16,5,1,1
8877,37,7370607,Delhi,2BHK,Buy,4,9,1,0
8878,50,11392789,Pune,1BHK,Rent,2,5,0,0
8879,41,6020362,Mumbai,3BHK,Buy,1,9,0,0
8880,33,3572464,Mumbai,3BHK,Buy,13,8,1,0
8881,21,13048817,Mumbai,2BHK,Rent,16,1,1,0
8882,21,6626940,Delhi,2BHK,Rent,8,3,1,0
8883,53,9442917,Delhi,3BHK,Rent,22,5,0,1
8884,58,7805023,Bangalore,1BHK,Rent,4,3,1,0
8885,45,4669086,Pune,1BHK,Buy,2,1,0,0
8886,46,5580196,Pune,2BHK,Rent,28,2,1,0
8887,33,12496670,Bangalore,2BHK,Buy,13,2,1,0
8888,48,8898501,Bangalore,2BHK,Rent,5,4,1,0
8889,53,4581517,Pune,3BHK,Buy,25,6,1,0
8890,57,13238009,Mumbai,3BHK,Rent,23,2,0,0
8891,50,10099542,Pune,2BHK,Rent,20,6,0,1
8892,28,6852033,Mumbai,1BHK,Rent,21,1,0,0
8893,21,7093032,Delhi,2BHK,Buy,24,8,0,1
8894,32,14930150,Pune,2BHK,Buy,27,3,0,0
8895,25,10214369,Pune,1BHK,Rent,13,8,1,1
8896,44,6193319,Delhi,1BHK,Buy,5,3,1,0
8897,26,12773311,Delhi,1BHK,Rent,16,1,1,0
8898,45,9140440,Delhi,1BHK,Buy,28,4,0,1
8899,21,5312739,Delhi,3BHK,Rent,6,3,0,0
8900,45,11696337,Delhi,3BHK,Rent,16,8,1,1
8901,21,11856570,Bangalore,2BHK,Buy,29,1,0,0
8902,52,6790500,Bangalore,3BHK,Buy,26,9,1,1
8903,23,8415962,Delhi,2BHK,Buy,22,9,1,1
8904,39,9253504,Delhi,2BHK,Rent,24,6,1,1
8905,49,3922244,Delhi,1BHK,Buy,13,5,0,0
8906,22,4859281,Delhi,1BHK,Buy,11,5,0,0
8907,29,10315462,Mumbai,3BHK,Buy,21,6,0,1
8908,37,9017415,Mumbai,3BHK,Buy,1,7,0,0
8909,56,4969137,Delhi,3BHK,Buy,4,8,1,0
8910,37,6933574,Delhi,3BHK,Rent,3,3,1,0
8911,32,11787763,Pune,1BHK,Rent,18,1,1,0
8912,40,3097584,Delhi,1BHK,Buy,23,5,0,0
8913,23,8882538,Delhi,3BHK,Rent,16,1,0,0
8914,24,5460762,Bangalore,2BHK,Buy,13,2,0,0
8915,37,10766011,Mumbai,1BHK,Buy,13,8,1,1
8916,57,10353204,Delhi,1BHK,Rent,7,3,0,0
8917,35,3495166,Mumbai,1BHK,Rent,24,4,0,0
8918,53,11728732,Mumbai,1BHK,Rent,15,6,0,1
8919,36,4424519,Pune,3BHK,Rent,26,8,1,0
8920,31,3028512,Mumbai,3BHK,Rent,15,1,1,0
8921,40,9036968,Mumbai,2BHK,Rent,5,2,1,0
8922,58,10873556,Delhi,1BHK,Rent,17,6,1,1
8923,44,13123319,Bangalore,3BHK,Buy,22,8,0,1
8924,36,8847946,Delhi,3BHK,Buy,22,8,1,1
8925,50,11528595,Delhi,1BHK,Buy,11,3,0,0
8926,54,10936537,Bangalore,3BHK,Rent,24,4,1,1
8927,21,12695603,Bangalore,3BHK,Buy,13,4,1,1
8928,44,5113119,Pune,3BHK,Buy,10,4,1,0
8929,44,2305056,Bangalore,2BHK,Buy,15,2,0,0
8930,29,2506313,Delhi,3BHK,Buy,2,6,1,0
8931,42,14953283,Bangalore,1BHK,Rent,11,8,1,1
8932,32,6680078,Bangalore,1BHK,Buy,25,9,0,1
8933,37,6396850,Bangalore,1BHK,Buy,11,1,0,0
8934,45,10517381,Mumbai,3BHK,Buy,29,1,1,0
8935,48,4206810,Pune,2BHK,Buy,22,9,0,0
8936,35,8858436,Mumbai,3BHK,Buy,1,4,1,0
8937,50,5768900,Mumbai,1BHK,Rent,25,7,1,1
8938,47,6907227,Pune,2BHK,Buy,8,2,0,0
8939,42,4940322,Mumbai,2BHK,Buy,26,1,1,0
8940,30,11736570,Bangalore,3BHK,Buy,17,7,0,1
8941,51,11316053,Pune,1BHK,Buy,8,6,1,0
8942,47,10496574,Mumbai,3BHK,Buy,13,3,1,0
8943,32,6887491,Delhi,1BHK,Buy,23,4,1,1
8944,51,10565905,Mumbai,2BHK,Rent,5,1,1,0
8945,52,4789608,Delhi,3BHK,Buy,29,7,0,0
8946,52,11094514,Bangalore,2BHK,Buy,6,9,0,0
8947,55,3439977,Delhi,1BHK,Rent,20,1,1,0
8948,41,10719061,Mumbai,2BHK,Rent,25,2,0,0
8949,30,14521838,Mumbai,2BHK,Buy,25,2,0,0
8950,36,2610784,Mumbai,2BHK,Buy,29,6,1,0
8951,27,6879932,Pune,3BHK,Rent,26,5,1,1
8952,24,7983594,Pune,1BHK,Buy,14,6,1,1
8953,47,2760397,Mumbai,2BHK,Rent,17,1,0,0
8954,45,6304382,Mumbai,2BHK,Buy,16,6,1,1
8955,51,10299614,Bangalore,2BHK,Buy,28,6,1,1
8956,31,11533426,Pune,2BHK,Buy,9,7,1,0
8957,40,14349655,Pune,1BHK,Rent,19,2,0,0
8958,56,10831700,Pune,1BHK,Rent,28,6,0,1
8959,37,4979631,Delhi,3BHK,Rent,2,9,0,0
8960,31,6883143,Mumbai,1BHK,Rent,4,9,1,0
8961,50,14478241,Bangalore,1BHK,Buy,20,2,0,0
8962,55,2775128,Bangalore,2BHK,Buy,9,5,0,0
8963,58,14432518,Mumbai,3BHK,Rent,4,7,1,0
8964,42,9615570,Mumbai,3BHK,Rent,5,5,1,0
8965,47,9569798,Bangalore,2BHK,Rent,6,3,0,0
8966,57,13150382,Delhi,3BHK,Rent,20,1,0,0
8967,55,11071309,Bangalore,1BHK,Buy,1,7,0,0
8968,24,7351804,Delhi,3BHK,Rent,13,8,0,1
8969,36,5931212,Delhi,2BHK,Buy,18,6,1,1
8970,36,11466789,Pune,3BHK,Rent,3,7,1,0
8971,41,9935922,Mumbai,3BHK,Buy,20,9,0,1
8972,46,10360334,Pune,3BHK,Rent,5,2,1,0
8973,56,10022115,Delhi,2BHK,Buy,13,5,1,1
8974,39,11637364,Bangalore,1BHK,Buy,10,3,0,0
8975,37,13350398,Pune,3BHK,Buy,26,2,0,0
8976,46,12579135,Bangalore,1BHK,Buy,3,3,0,0
8977,42,8995844,Delhi,1BHK,Buy,11,4,1,1
8978,48,12317553,Bangalore,1BHK,Buy,1,2,0,0
8979,21,9921241,Pune,3BHK,Buy,27,2,0,0
8980,56,4420056,Delhi,1BHK,Buy,27,8,1,0
8981,57,3714185,Mumbai,3BHK,Buy,15,3,0,0
8982,22,9932167,Pune,3BHK,Rent,24,3,1,0
8983,37,3670411,Pune,3BHK,Rent,24,4,0,0
8984,58,3354559,Mumbai,1BHK,Buy,29,5,1,0
8985,41,14294773,Delhi,3BHK,Rent,4,3,1,0
8986,29,14098297,Mumbai,2BHK,Rent,15,6,0,1
8987,33,5459633,Pune,2BHK,Buy,7,3,0,0
8988,31,13019670,Delhi,2BHK,Buy,15,8,0,1
8989,36,12534183,Bangalore,3BHK,Rent,4,4,0,0
8990,36,7810041,Pune,2BHK,Buy,3,5,0,0
8991,22,2759904,Bangalore,3BHK,Buy,23,3,1,0
8992,28,11484749,Mumbai,3BHK,Buy,14,5,0,1
8993,33,7906046,Delhi,3BHK,Rent,6,7,0,0
8994,37,9078645,Mumbai,1BHK,Rent,1,3,0,0
8995,59,11922646,Bangalore,2BHK,Rent,9,3,1,0
8996,44,13424734,Pune,3BHK,Buy,12,1,0,0
8997,23,10394828,Delhi,2BHK,Buy,18,2,1,0
8998,50,4991992,Mumbai,2BHK,Buy,29,4,1,0
8999,33,6904418,Bangalore,1BHK,Buy,3,9,0,0
9000,39,3928337,Bangalore,2BHK,Buy,21,3,0,0
9001,27,14710548,Pune,3BHK,Rent,19,5,1,1
9002,29,10337388,Bangalore,3BHK,Buy,3,9,1,0
9003,39,8792302,Delhi,2BHK,Rent,24,4,1,1
9004,42,12901481,Bangalore,2BHK,Buy,14,4,1,1
9005,38,3863296,Pune,1BHK,Rent,4,6,1,0
9006,43,13084540,Mumbai,3BHK,Buy,13,7,0,1
9007,22,14864165,Delhi,2BHK,Buy,13,6,1,1
9008,31,5919144,Mumbai,2BHK,Buy,26,4,1,1
9009,51,12543086,Mumbai,3BHK,Buy,2,7,1,0
9010,53,9349896,Bangalore,2BHK,Rent,21,3,1,0
9011,34,14283213,Bangalore,1BHK,Buy,2,3,1,0
9012,36,10738314,Pune,2BHK,Rent,10,7,0,0
9013,31,14964510,Bangalore,2BHK,Rent,11,6,0,1
9014,53,4340567,Bangalore,1BHK,Rent,28,2,1,0
9015,27,7001753,Mumbai,1BHK,Buy,24,1,0,0
9016,51,5540765,Delhi,1BHK,Buy,15,6,1,1
9017,34,5229285,Bangalore,3BHK,Rent,3,9,0,0
9018,48,12673220,Delhi,2BHK,Buy,14,3,0,0
9019,36,6204676,Bangalore,2BHK,Rent,18,9,0,1
9020,39,11537234,Bangalore,1BHK,Rent,19,6,0,1
9021,37,10220402,Pune,3BHK,Buy,19,4,1,1
9022,46,6527781,Bangalore,1BHK,Buy,1,2,0,0
9023,26,9380889,Pune,2BHK,Rent,19,9,1,1
9024,29,3886780,Mumbai,3BHK,Rent,3,5,0,0
9025,37,9319401,Delhi,3BHK,Buy,20,5,0,1
9026,51,6909334,Bangalore,2BHK,Buy,29,2,0,0
9027,32,2095856,Pune,3BHK,Buy,8,5,1,0
9028,43,12910237,Mumbai,3BHK,Rent,25,6,0,1
9029,25,10052546,Bangalore,1BHK,Rent,17,2,0,0
9030,56,2792539,Pune,3BHK,Rent,1,1,0,0
9031,56,10610976,Pune,1BHK,Buy,6,6,1,0
9032,23,7016297,Mumbai,3BHK,Rent,17,9,0,1
9033,44,6402050,Bangalore,1BHK,Rent,28,9,0,1
9034,37,3739204,Bangalore,1BHK,Rent,21,9,1,0
9035,59,11862008,Delhi,3BHK,Buy,28,5,0,1
9036,46,8267049,Bangalore,1BHK,Rent,1,1,0,0
9037,24,13266745,Pune,2BHK,Buy,13,3,1,0
9038,32,4835512,Delhi,2BHK,Rent,24,8,0,0
9039,21,2648431,Delhi,3BHK,Rent,12,9,1,0
9040,41,7919488,Bangalore,3BHK,Buy,5,4,1,0
9041,39,13768165,Delhi,3BHK,Buy,22,3,1,0
9042,41,2805064,Pune,2BHK,Buy,20,2,0,0
9043,38,2274244,Pune,3BHK,Rent,13,5,1,0
9044,23,13844410,Mumbai,3BHK,Buy,8,2,1,0
9045,52,14518701,Pune,1BHK,Rent,12,9,0,1
9046,30,4305129,Mumbai,3BHK,Rent,25,9,0,0
9047,35,10857700,Delhi,2BHK,Buy,9,3,0,0
9048,25,2078944,Mumbai,2BHK,Buy,17,4,1,0
9049,24,12929816,Bangalore,3BHK,Buy,14,9,1,1
9050,48,12374057,Mumbai,2BHK,Buy,7,1,1,0
9051,24,3984540,Bangalore,1BHK,Rent,4,7,0,0
9052,35,6810233,Delhi,1BHK,Rent,29,2,1,0
9053,37,9961240,Mumbai,3BHK,Buy,29,9,1,1
9054,23,7113269,Pune,3BHK,Buy,26,3,0,0
9055,30,8783048,Bangalore,1BHK,Rent,27,6,1,1
9056,43,11433341,Delhi,1BHK,Rent,24,5,0,1
9057,38,12252226,Pune,3BHK,Buy,7,2,0,0
9058,21,10230798,Bangalore,2BHK,Rent,17,9,1,1
9059,55,3724931,Delhi,3BHK,Rent,17,3,1,0
9060,51,6464165,Delhi,3BHK,Rent,1,6,1,0
9061,21,3258515,Pune,3BHK,Rent,2,9,1,0
9062,23,9550576,Delhi,3BHK,Rent,26,8,0,1
9063,23,6782614,Mumbai,3BHK,Rent,18,5,0,1
9064,57,4281892,Delhi,3BHK,Rent,9,6,1,0
9065,39,2815982,Bangalore,3BHK,Rent,5,3,0,0
9066,49,6673671,Bangalore,2BHK,Buy,1,5,0,0
9067,45,8856612,Bangalore,3BHK,Rent,7,6,1,0
9068,53,11535223,Mumbai,1BHK,Buy,26,3,0,0
9069,56,5323180,Pune,3BHK,Buy,2,2,1,0
9070,49,9738976,Mumbai,2BHK,Buy,3,9,1,0
9071,46,13829280,Mumbai,1BHK,Buy,4,7,0,0
9072,24,3583750,Mumbai,3BHK,Buy,3,4,1,0
9073,34,5618558,Delhi,3BHK,Rent,19,3,0,0
9074,47,5346709,Pune,1BHK,Buy,25,4,0,1
9075,53,3867540,Delhi,3BHK,Rent,12,9,0,0
9076,42,11549949,Mumbai,2BHK,Buy,15,9,0,1
9077,23,4066776,Bangalore,3BHK,Rent,4,6,1,0
9078,43,11317175,Mumbai,2BHK,Rent,24,9,1,1
9079,41,3333809,Pune,3BHK,Buy,1,9,0,0
9080,43,6643462,Bangalore,1BHK,Rent,16,6,0,1
9081,24,6115061,Pune,2BHK,Buy,29,5,1,1
9082,41,9259513,Mumbai,3BHK,Rent,6,3,1,0
9083,57,6752177,Pune,3BHK,Rent,17,1,0,0
9084,51,5086395,Delhi,1BHK,Buy,5,4,1,0
9085,41,13200124,Bangalore,1BHK,Rent,23,1,0,0
9086,46,3298898,Pune,2BHK,Rent,13,1,1,0
9087,55,6444787,Bangalore,2BHK,Rent,12,6,0,1
9088,58,14585350,Bangalore,2BHK,Rent,1,5,1,0
9089,44,8646695,Mumbai,3BHK,Rent,25,7,1,1
9090,31,10805036,Mumbai,3BHK,Rent,12,1,1,0
9091,49,7948602,Bangalore,2BHK,Buy,27,1,0,0
9092,23,11189066,Pune,3BHK,Rent,25,8,0,1
9093,21,3430888,Bangalore,1BHK,Buy,22,6,0,0
9094,39,3886006,Mumbai,3BHK,Rent,2,8,1,0
9095,42,9857983,Pune,2BHK,Buy,18,6,0,1
9096,34,11361856,Bangalore,3BHK,Rent,9,6,1,0
9097,34,4148191,Mumbai,1BHK,Buy,16,7,0,0
9098,36,13190951,Bangalore,2BHK,Rent,29,2,0,0
9099,53,9818420,Bangalore,2BHK,Buy,20,3,0,0
9100,33,2689963,Bangalore,2BHK,Buy,15,4,1,0
9101,58,7189566,Pune,2BHK,Buy,22,1,0,0
9102,32,9970766,Mumbai,3BHK,Rent,29,9,1,1
9103,58,9176340,Mumbai,1BHK,Rent,10,9,1,0
9104,59,3033687,Delhi,3BHK,Rent,2,4,1,0
9105,53,8697777,Bangalore,3BHK,Buy,4,1,1,0
9106,53,5376848,Bangalore,2BHK,Rent,18,1,0,0
9107,49,10965043,Delhi,1BHK,Buy,19,6,1,1
9108,25,3075091,Bangalore,3BHK,Rent,18,2,1,0
9109,26,9560402,Pune,1BHK,Buy,14,1,0,0
9110,51,7825169,Delhi,1BHK,Buy,8,2,1,0
9111,36,4068051,Mumbai,1BHK,Buy,5,7,1,0
9112,51,4810909,Bangalore,1BHK,Rent,5,4,0,0
9113,45,11661399,Mumbai,3BHK,Buy,8,7,1,0
9114,53,8075090,Bangalore,1BHK,Rent,11,7,0,1
9115,33,2889515,Delhi,3BHK,Buy,24,4,1,0
9116,30,9774203,Mumbai,1BHK,Rent,29,2,1,0
9117,44,8501093,Bangalore,1BHK,Buy,23,9,0,1
9118,30,9179164,Pune,3BHK,Buy,21,3,1,0
9119,51,5464780,Delhi,2BHK,Buy,7,1,0,0
9120,33,3505859,Bangalore,3BHK,Rent,13,8,1,0
9121,23,3497488,Bangalore,1BHK,Buy,17,4,0,0
9122,54,12373117,Bangalore,3BHK,Buy,19,9,1,1
9123,48,11269088,Delhi,1BHK,Rent,3,8,0,0
9124,39,11644932,Bangalore,3BHK,Rent,2,7,1,0
9125,43,4767359,Bangalore,3BHK,Buy,6,9,1,0
9126,52,4799703,Mumbai,3BHK,Rent,19,2,0,0
9127,33,5966416,Mumbai,2BHK,Rent,15,4,1,1
9128,53,11302065,Delhi,3BHK,Buy,4,5,1,0
9129,54,3470566,Delhi,3BHK,Rent,19,5,1,0
9130,53,2651631,Pune,2BHK,Buy,7,1,0,0
9131,25,7776295,Bangalore,2BHK,Buy,20,9,1,1
9132,23,3812146,Mumbai,1BHK,Buy,21,9,1,0
9133,27,9833354,Mumbai,1BHK,Rent,14,5,1,1
9134,44,2867595,Bangalore,3BHK,Rent,7,3,0,0
9135,42,13724172,Bangalore,1BHK,Buy,20,8,0,1
9136,43,10387903,Delhi,3BHK,Buy,14,7,0,1
9137,50,7099015,Pune,2BHK,Rent,22,5,1,1
9138,38,7868992,Pune,2BHK,Rent,25,1,1,0
9139,52,7805832,Delhi,3BHK,Buy,22,7,1,1
9140,27,4153947,Delhi,1BHK,Buy,5,1,0,0
9141,53,2687693,Mumbai,1BHK,Buy,15,1,0,0
9142,25,13778956,Delhi,1BHK,Rent,12,9,1,1
9143,48,5181807,Pune,3BHK,Buy,29,6,0,1
9144,28,13618561,Mumbai,1BHK,Rent,17,7,1,1
9145,35,7791427,Pune,2BHK,Buy,24,2,0,0
9146,24,2288715,Bangalore,2BHK,Rent,21,8,0,0
9147,54,13585455,Pune,2BHK,Rent,5,7,1,0
9148,25,2270153,Mumbai,2BHK,Buy,19,5,1,0
9149,53,9450242,Pune,2BHK,Rent,10,8,1,0
9150,25,11940931,Mumbai,2BHK,Rent,12,2,0,0
9151,58,2300374,Mumbai,2BHK,Buy,2,6,0,0
9152,54,3159940,Delhi,2BHK,Rent,17,4,0,0
9153,46,3366769,Pune,2BHK,Rent,25,7,0,0
9154,21,5531145,Delhi,3BHK,Buy,5,6,0,0
9155,24,4478762,Delhi,3BHK,Rent,26,6,0,0
9156,59,12129042,Pune,2BHK,Rent,28,5,1,1
9157,46,6837645,Mumbai,2BHK,Buy,15,5,0,1
9158,53,10286356,Bangalore,2BHK,Buy,20,2,0,0
9159,53,7676411,Pune,1BHK,Buy,23,7,0,1
9160,28,9172906,Delhi,3BHK,Rent,13,7,0,1
9161,40,7013531,Delhi,2BHK,Buy,20,8,0,1
9162,36,2638100,Mumbai,3BHK,Buy,11,4,1,0
9163,41,4398487,Delhi,2BHK,Buy,18,9,0,0
9164,46,14768437,Bangalore,1BHK,Buy,9,3,1,0
9165,43,5158181,Delhi,2BHK,Buy,16,3,1,0
9166,38,7363728,Mumbai,3BHK,Buy,24,2,0,0
9167,51,7686421,Pune,3BHK,Buy,28,7,0,1
9168,32,6768585,Mumbai,3BHK,Rent,15,2,1,0
9169,21,5518652,Delhi,3BHK,Rent,4,7,0,0
9170,29,12531466,Mumbai,2BHK,Buy,24,3,0,0
9171,23,8814780,Delhi,1BHK,Buy,12,1,0,0
9172,46,3222465,Mumbai,1BHK,Rent,13,8,0,0
9173,29,4030624,Pune,2BHK,Buy,9,8,0,0
9174,36,12052906,Delhi,2BHK,Rent,15,1,1,0
9175,44,5856798,Bangalore,3BHK,Buy,18,6,1,1
9176,34,2575087,Bangalore,2BHK,Rent,20,4,1,0
9177,23,8352420,Bangalore,1BHK,Buy,27,5,1,1
9178,54,5347950,Bangalore,2BHK,Rent,22,8,1,1
9179,53,4456675,Delhi,2BHK,Rent,7,8,0,0
9180,44,10055830,Delhi,1BHK,Buy,21,7,0,1
9181,29,14168611,Pune,1BHK,Rent,26,5,0,1
9182,33,13480487,Mumbai,2BHK,Rent,12,6,1,1
9183,22,9774296,Delhi,3BHK,Buy,10,8,0,0
9184,27,4923728,Bangalore,3BHK,Rent,29,5,0,0
9185,41,8123790,Delhi,3BHK,Rent,7,3,1,0
9186,39,4762660,Bangalore,1BHK,Rent,14,9,1,0
9187,45,9452396,Pune,1BHK,Rent,27,9,1,1
9188,42,13355011,Mumbai,3BHK,Buy,15,1,0,0
9189,31,11063829,Delhi,2BHK,Rent,4,7,1,0
9190,53,8260432,Mumbai,2BHK,Rent,8,4,1,0
9191,52,8746389,Bangalore,2BHK,Rent,19,6,1,1
9192,41,5299280,Bangalore,1BHK,Rent,29,7,0,1
9193,59,4115789,Mumbai,1BHK,Buy,19,8,1,0
9194,40,11890704,Pune,3BHK,Rent,5,5,1,0
9195,28,12008903,Mumbai,2BHK,Buy,22,5,1,1
9196,57,6818529,Mumbai,1BHK,Buy,3,6,1,0
9197,29,9297881,Delhi,1BHK,Rent,10,7,1,0
9198,45,6512620,Delhi,3BHK,Buy,15,5,1,1
9199,45,3074013,Bangalore,2BHK,Rent,2,5,0,0
9200,53,13935701,Delhi,1BHK,Rent,21,4,0,1
9201,22,13942223,Pune,1BHK,Rent,10,1,1,0
9202,39,10411727,Pune,1BHK,Buy,22,7,0,1
9203,40,2701477,Pune,1BHK,Buy,16,7,0,0
9204,49,3458071,Bangalore,2BHK,Rent,3,6,0,0
9205,26,8098147,Pune,3BHK,Buy,7,2,1,0
9206,37,2230882,Pune,2BHK,Buy,19,2,1,0
9207,45,9597189,Delhi,3BHK,Buy,15,6,0,1
9208,58,8165187,Bangalore,1BHK,Buy,12,9,0,1
9209,24,10864721,Mumbai,2BHK,Rent,29,5,0,1
9210,50,12022277,Pune,3BHK,Rent,2,7,0,0
9211,40,11455385,Delhi,3BHK,Rent,13,2,1,0
9212,23,9597668,Mumbai,1BHK,Buy,26,6,0,1
9213,43,4125786,Pune,3BHK,Rent,20,6,1,0
9214,38,12369448,Mumbai,3BHK,Rent,19,6,0,1
9215,46,7591845,Mumbai,3BHK,Rent,7,6,1,0
9216,56,4405071,Bangalore,1BHK,Buy,24,4,1,0
9217,28,8405546,Bangalore,2BHK,Buy,3,5,1,0
9218,37,3055374,Pune,1BHK,Buy,6,4,1,0
9219,51,2508377,Pune,3BHK,Rent,1,6,1,0
9220,57,4556471,Bangalore,3BHK,Rent,21,9,1,0
9221,53,3650024,Pune,2BHK,Rent,2,5,1,0
9222,47,5223479,Pune,3BHK,Buy,1,5,0,0
9223,24,13476766,Bangalore,2BHK,Rent,29,3,1,0
9224,42,10571090,Mumbai,3BHK,Buy,23,7,0,1
9225,46,9643064,Pune,3BHK,Buy,26,5,0,1
9226,52,8290610,Delhi,1BHK,Buy,4,2,0,0
9227,44,12449977,Bangalore,1BHK,Rent,5,9,0,0
9228,55,8663240,Pune,2BHK,Buy,2,5,0,0
9229,57,2364758,Pune,1BHK,Rent,16,7,0,0
9230,52,13580291,Bangalore,2BHK,Buy,8,7,0,0
9231,27,3968062,Delhi,1BHK,Rent,15,8,1,0
9232,53,4786376,Delhi,2BHK,Buy,11,4,0,0
9233,51,9199186,Bangalore,3BHK,Rent,29,7,0,1
9234,32,3520910,Delhi,2BHK,Rent,10,3,0,0
9235,31,7852658,Pune,1BHK,Buy,3,9,0,0
9236,44,7813481,Delhi,2BHK,Rent,23,8,0,1
9237,28,9384382,Pune,1BHK,Rent,11,9,0,1
9238,52,6041328,Mumbai,3BHK,Buy,17,2,1,0
9239,58,9589438,Delhi,1BHK,Buy,10,4,0,0
9240,42,10112499,Mumbai,3BHK,Rent,17,1,0,0
9241,54,13735223,Bangalore,3BHK,Buy,14,8,0,1
9242,39,2814356,Delhi,1BHK,Rent,23,4,0,0
9243,40,9160481,Pune,3BHK,Buy,1,4,0,0
9244,34,14351121,Delhi,1BHK,Buy,28,7,1,1
9245,53,3162320,Bangalore,2BHK,Buy,25,6,0,0
9246,30,4328897,Bangalore,3BHK,Rent,9,3,0,0
9247,36,2217522,Pune,2BHK,Buy,24,8,1,0
9248,24,11061418,Delhi,2BHK,Rent,24,2,0,0
9249,47,10000824,Mumbai,1BHK,Rent,15,1,1,0
9250,48,8125860,Bangalore,1BHK,Buy,4,2,1,0
9251,36,12584751,Bangalore,3BHK,Buy,20,9,1,1
9252,53,5866692,Pune,1BHK,Buy,21,5,0,1
9253,39,8957111,Delhi,2BHK,Buy,25,5,0,1
9254,41,5152502,Mumbai,2BHK,Buy,3,6,1,0
9255,42,14582091,Delhi,2BHK,Rent,20,3,1,0
9256,29,3716126,Delhi,3BHK,Buy,26,1,0,0
9257,29,6618806,Mumbai,1BHK,Rent,21,8,0,1
9258,29,3780261,Pune,2BHK,Rent,7,7,1,0
9259,47,2228552,Bangalore,3BHK,Buy,21,8,1,0
9260,37,13082475,Pune,1BHK,Buy,25,9,0,1
9261,28,8378969,Pune,1BHK,Rent,22,2,1,0
9262,36,7569038,Delhi,2BHK,Rent,3,5,1,0
9263,38,2751247,Mumbai,3BHK,Buy,22,2,1,0
9264,53,14789836,Bangalore,2BHK,Rent,22,8,1,1
9265,21,7035992,Delhi,2BHK,Rent,15,4,1,1
9266,32,3832413,Bangalore,3BHK,Rent,28,4,0,0
9267,26,5919668,Delhi,2BHK,Buy,10,8,0,0
9268,25,5335430,Mumbai,3BHK,Rent,16,7,0,1
9269,36,2246968,Bangalore,3BHK,Rent,17,1,0,0
9270,38,4028851,Bangalore,2BHK,Rent,23,7,1,0
9271,38,4935299,Pune,2BHK,Buy,19,3,0,0
9272,21,13541802,Delhi,1BHK,Buy,1,5,1,0
9273,39,12219047,Delhi,1BHK,Rent,1,8,0,0
9274,28,2804069,Delhi,3BHK,Rent,21,6,1,0
9275,23,9732600,Pune,3BHK,Rent,14,8,1,1
9276,45,6263049,Pune,3BHK,Buy,26,5,0,1
9277,25,12142310,Bangalore,1BHK,Buy,26,9,1,1
9278,39,10097186,Delhi,2BHK,Rent,2,6,1,0
9279,38,13013591,Delhi,2BHK,Rent,2,9,0,0
9280,51,5530662,Bangalore,1BHK,Rent,28,4,0,1
9281,53,2487843,Bangalore,2BHK,Rent,20,2,1,0
9282,38,3011987,Bangalore,2BHK,Rent,10,8,0,0
9283,59,11983536,Mumbai,2BHK,Rent,15,5,1,1
9284,36,13082335,Mumbai,1BHK,Rent,27,2,0,0
9285,36,10993338,Bangalore,3BHK,Buy,28,6,1,1
9286,58,12962608,Pune,2BHK,Buy,28,3,0,0
9287,27,2014425,Pune,2BHK,Buy,15,1,0,0
9288,34,6507929,Delhi,3BHK,Rent,7,6,0,0
9289,45,2077347,Mumbai,2BHK,Buy,8,8,1,0
9290,52,5622058,Mumbai,2BHK,Rent,11,1,0,0
9291,58,7839485,Bangalore,3BHK,Buy,16,3,0,0
9292,42,6710370,Bangalore,1BHK,Buy,26,6,1,1
9293,36,3391819,Bangalore,1BHK,Buy,23,3,0,0
9294,49,7530912,Bangalore,2BHK,Buy,25,7,1,1
9295,36,13516365,Bangalore,2BHK,Buy,7,6,0,0
9296,32,7751533,Pune,3BHK,Rent,20,9,0,1
9297,37,12813740,Pune,3BHK,Rent,9,6,0,0
9298,57,12272606,Bangalore,2BHK,Buy,25,7,1,1
9299,47,8902288,Pune,2BHK,Rent,19,2,0,0
9300,45,14122251,Bangalore,1BHK,Buy,26,4,1,1
9301,33,6607741,Bangalore,1BHK,Buy,24,5,0,1
9302,28,5916053,Mumbai,1BHK,Buy,1,2,0,0
9303,25,12988030,Pune,1BHK,Rent,18,7,1,1
9304,32,5274073,Pune,3BHK,Buy,8,4,1,0
9305,23,10985739,Mumbai,1BHK,Buy,29,9,0,1
9306,55,13454577,Pune,1BHK,Rent,8,8,1,0
9307,53,6223555,Mumbai,2BHK,Buy,22,9,1,1
9308,42,5585530,Delhi,1BHK,Rent,8,8,0,0
9309,29,7997933,Pune,2BHK,Rent,14,5,1,1
9310,38,9938738,Bangalore,2BHK,Rent,24,9,1,1
9311,49,2971388,Mumbai,1BHK,Rent,2,5,0,0
9312,59,13324812,Bangalore,1BHK,Rent,3,8,0,0
9313,47,3582904,Bangalore,2BHK,Rent,7,4,1,0
9314,56,5322678,Pune,3BHK,Rent,3,5,1,0
9315,37,2399185,Mumbai,2BHK,Rent,29,4,1,0
9316,54,9353194,Delhi,3BHK,Rent,15,2,0,0
9317,23,12079976,Bangalore,3BHK,Rent,11,4,1,1
9318,25,11773995,Bangalore,1BHK,Rent,2,5,0,0
9319,34,10917933,Delhi,1BHK,Rent,22,6,0,1
9320,23,6516974,Mumbai,1BHK,Rent,18,4,1,1
9321,43,10214378,Pune,1BHK,Rent,14,4,1,1
9322,59,3194341,Bangalore,2BHK,Rent,18,6,1,0
9323,50,11956589,Pune,3BHK,Rent,27,7,1,1
9324,43,13364354,Mumbai,2BHK,Rent,2,7,1,0
9325,47,3107666,Delhi,3BHK,Buy,4,4,0,0
9326,30,11836362,Pune,2BHK,Buy,14,5,1,1
9327,45,3018364,Mumbai,3BHK,Rent,7,3,1,0
9328,33,2490167,Pune,1BHK,Rent,15,5,0,0
9329,36,11788880,Pune,3BHK,Buy,6,5,0,0
9330,54,4375740,Bangalore,1BHK,Buy,5,4,0,0
9331,57,10691195,Pune,3BHK,Rent,20,6,0,1
9332,42,12109050,Bangalore,2BHK,Rent,18,5,0,1
9333,37,2431600,Mumbai,3BHK,Buy,11,8,1,0
9334,43,4074678,Mumbai,2BHK,Rent,8,2,0,0
9335,56,12994850,Bangalore,2BHK,Buy,29,6,0,1
9336,29,4456525,Delhi,1BHK,Rent,12,2,0,0
9337,22,11811642,Pune,3BHK,Buy,18,6,1,1
9338,52,3597112,Mumbai,2BHK,Rent,15,4,0,0
9339,42,6633682,Mumbai,3BHK,Rent,27,1,1,0
9340,33,11086658,Delhi,1BHK,Buy,8,6,1,0
9341,28,11826849,Mumbai,1BHK,Rent,26,3,1,0
9342,21,6132857,Bangalore,3BHK,Buy,4,7,1,0
9343,37,4865264,Delhi,2BHK,Buy,28,3,1,0
9344,32,9408040,Mumbai,2BHK,Buy,21,4,0,1
9345,24,9138197,Delhi,2BHK,Rent,15,9,1,1
9346,33,2043237,Delhi,3BHK,Buy,11,7,1,0
9347,51,5010551,Mumbai,2BHK,Rent,1,4,0,0
9348,27,8196116,Mumbai,2BHK,Buy,2,2,0,0
9349,43,9610280,Mumbai,2BHK,Buy,27,5,1,1
9350,44,3656094,Delhi,1BHK,Buy,8,8,0,0
9351,25,9692442,Bangalore,2BHK,Buy,16,2,1,0
9352,25,13045028,Bangalore,3BHK,Rent,1,9,0,0
9353,37,2785345,Pune,3BHK,Rent,3,5,1,0
9354,50,11432245,Mumbai,2BHK,Rent,18,6,1,1
9355,29,14133614,Bangalore,3BHK,Rent,26,7,1,1
9356,26,4267784,Pune,3BHK,Rent,16,9,0,0
9357,45,4974633,Pune,2BHK,Rent,21,7,0,0
9358,39,8791679,Mumbai,1BHK,Buy,28,4,0,1
9359,36,5322787,Pune,2BHK,Rent,20,5,0,1
9360,41,12123529,Bangalore,3BHK,Rent,20,3,1,0
9361,22,9299258,Pune,3BHK,Rent,13,1,0,0
9362,30,10436775,Pune,2BHK,Rent,20,3,0,0
9363,36,3296181,Bangalore,3BHK,Rent,27,1,1,0
9364,57,7572262,Pune,1BHK,Rent,4,5,1,0
9365,35,8537606,Pune,2BHK,Buy,4,7,0,0
9366,33,10058115,Delhi,3BHK,Buy,22,9,1,1
9367,33,9357070,Pune,1BHK,Rent,2,4,0,0
9368,52,11852619,Pune,3BHK,Buy,13,1,0,0
9369,28,11424200,Delhi,1BHK,Rent,13,7,0,1
9370,38,5699618,Delhi,3BHK,Buy,20,3,1,0
9371,56,9918791,Delhi,2BHK,Rent,7,1,1,0
9372,46,7077817,Mumbai,3BHK,Buy,7,4,1,0
9373,30,4644556,Mumbai,2BHK,Buy,17,9,1,0
9374,51,8416265,Bangalore,1BHK,Rent,10,6,1,0
9375,53,2682622,Pune,1BHK,Rent,12,6,0,0
9376,49,12850780,Bangalore,3BHK,Buy,25,7,0,1
9377,25,14590455,Mumbai,2BHK,Rent,23,1,1,0
9378,33,11282251,Pune,2BHK,Rent,27,5,0,1
9379,21,5096818,Pune,1BHK,Rent,22,4,0,1
9380,43,14097902,Delhi,1BHK,Rent,16,4,1,1
9381,23,10287143,Mumbai,3BHK,Rent,2,7,1,0
9382,23,6187635,Pune,1BHK,Rent,22,2,1,0
9383,27,13682629,Delhi,1BHK,Buy,21,5,0,1
9384,56,4493691,Pune,2BHK,Rent,9,7,1,0
9385,55,2838537,Mumbai,2BHK,Rent,12,3,0,0
9386,35,9669144,Bangalore,2BHK,Buy,17,2,1,0
9387,23,10280774,Bangalore,1BHK,Buy,16,1,1,0
9388,49,10101351,Pune,3BHK,Buy,5,5,1,0
9389,50,2850262,Delhi,3BHK,Rent,19,5,1,0
9390,59,14394735,Delhi,1BHK,Buy,25,4,1,1
9391,38,5285130,Delhi,3BHK,Buy,28,8,0,1
9392,31,9515257,Mumbai,1BHK,Buy,17,2,0,0
9393,58,6989347,Bangalore,3BHK,Buy,22,4,1,1
9394,21,2276016,Bangalore,1BHK,Buy,3,5,1,0
9395,49,13307122,Pune,2BHK,Buy,17,9,0,1
9396,30,12295638,Bangalore,3BHK,Buy,27,3,1,0
9397,48,11499898,Delhi,2BHK,Buy,15,1,1,0
9398,51,14554246,Mumbai,2BHK,Rent,19,4,0,1
9399,39,11394906,Delhi,3BHK,Rent,15,6,0,1
9400,23,10193168,Delhi,1BHK,Buy,18,7,0,1
9401,56,4697881,Bangalore,2BHK,Rent,26,4,0,0
9402,35,2636024,Mumbai,2BHK,Rent,12,4,0,0
9403,53,4048149,Mumbai,1BHK,Rent,28,6,1,0
9404,46,5893644,Delhi,1BHK,Buy,12,1,0,0
9405,36,6134667,Pune,3BHK,Buy,24,5,0,1
9406,56,13502406,Bangalore,3BHK,Rent,3,3,0,0
9407,53,8563488,Pune,1BHK,Buy,11,8,0,1
9408,40,5322099,Delhi,2BHK,Rent,23,5,0,1
9409,33,5270518,Bangalore,1BHK,Buy,10,7,1,0
9410,53,12020237,Pune,3BHK,Rent,22,8,1,1
9411,25,5161663,Pune,2BHK,Buy,15,8,0,1
9412,57,3908010,Pune,2BHK,Buy,23,2,1,0
9413,34,6537079,Bangalore,3BHK,Rent,11,2,1,0
9414,47,7188537,Pune,2BHK,Rent,23,5,1,1
9415,43,13011368,Mumbai,1BHK,Rent,26,3,1,0
9416,34,6502480,Delhi,3BHK,Rent,1,1,1,0
9417,24,13087811,Bangalore,2BHK,Buy,20,8,0,1
9418,59,5032563,Mumbai,3BHK,Buy,4,6,1,0
9419,39,3486630,Pune,2BHK,Rent,21,3,0,0
9420,24,9903232,Delhi,1BHK,Rent,26,8,0,1
9421,50,13797032,Pune,3BHK,Buy,21,1,1,0
9422,39,2085591,Mumbai,2BHK,Buy,8,3,0,0
9423,51,3032673,Pune,1BHK,Buy,20,9,0,0
9424,51,9897687,Bangalore,1BHK,Buy,13,6,1,1
9425,29,13746042,Mumbai,1BHK,Rent,17,1,0,0
9426,33,4046416,Bangalore,2BHK,Rent,15,9,1,0
9427,34,8071436,Delhi,2BHK,Buy,21,7,1,1
9428,30,4011718,Bangalore,1BHK,Buy,1,1,0,0
9429,51,5125384,Bangalore,1BHK,Rent,28,1,1,0
9430,57,12339938,Pune,1BHK,Rent,3,5,1,0
9431,43,7086870,Pune,1BHK,Buy,24,4,1,1
9432,47,5967925,Mumbai,1BHK,Rent,26,8,1,1
9433,26,8636206,Delhi,2BHK,Rent,21,2,1,0
9434,46,12320038,Mumbai,3BHK,Buy,23,6,1,1
9435,22,13326873,Delhi,3BHK,Rent,17,8,1,1
9436,33,14515072,Delhi,3BHK,Buy,22,1,0,0
9437,39,14383117,Bangalore,2BHK,Buy,28,3,1,0
9438,21,13110111,Pune,3BHK,Buy,24,1,1,0
9439,52,10452082,Delhi,3BHK,Rent,22,7,1,1
9440,42,12460015,Pune,3BHK,Rent,4,1,0,0
9441,49,6879177,Delhi,3BHK,Rent,27,9,0,1
9442,22,12246208,Pune,1BHK,Buy,8,8,1,0
9443,58,4471492,Mumbai,2BHK,Rent,15,3,1,0
9444,31,3858626,Pune,3BHK,Rent,8,4,1,0
9445,37,7294512,Bangalore,1BHK,Buy,14,9,0,1
9446,28,4505777,Delhi,3BHK,Rent,6,6,0,0
9447,42,9349561,Bangalore,3BHK,Rent,24,5,1,1
9448,24,11470066,Delhi,3BHK,Buy,28,5,0,1
9449,31,7812085,Bangalore,3BHK,Rent,22,1,1,0
9450,28,6801080,Delhi,3BHK,Rent,15,1,1,0
9451,29,10928597,Pune,1BHK,Rent,20,3,1,0
9452,46,8497809,Delhi,3BHK,Rent,27,2,0,0
9453,22,9036687,Bangalore,1BHK,Rent,28,1,0,0
9454,36,3641089,Bangalore,3BHK,Rent,22,5,0,0
9455,51,11096460,Delhi,2BHK,Buy,9,3,1,0
9456,26,7245868,Delhi,1BHK,Buy,24,7,1,1
9457,41,11473103,Mumbai,3BHK,Buy,23,8,0,1
9458,46,7746119,Mumbai,1BHK,Rent,5,6,1,0
9459,39,3752362,Pune,3BHK,Buy,13,5,0,0
9460,48,8998983,Pune,3BHK,Buy,7,5,0,0
9461,28,2009013,Pune,1BHK,Buy,17,1,1,0
9462,34,7675209,Pune,3BHK,Rent,8,6,0,0
9463,44,13144694,Pune,3BHK,Buy,5,6,1,0
9464,57,3801952,Delhi,3BHK,Rent,23,3,1,0
9465,46,13542174,Mumbai,3BHK,Buy,7,4,1,0
9466,51,12517128,Delhi,3BHK,Buy,8,4,0,0
9467,52,4653668,Mumbai,3BHK,Buy,7,6,0,0
9468,22,7490248,Mumbai,1BHK,Buy,22,8,0,1
9469,45,8210095,Bangalore,2BHK,Rent,12,9,0,1
9470,22,9648273,Bangalore,3BHK,Buy,6,9,1,0
9471,21,4283997,Mumbai,1BHK,Buy,21,5,0,0
9472,56,8189023,Delhi,2BHK,Buy,21,8,0,1
9473,32,12893799,Mumbai,1BHK,Rent,4,8,1,0
9474,29,2678870,Pune,2BHK,Buy,23,4,1,0
9475,56,4226954,Delhi,2BHK,Buy,29,4,1,0
9476,48,14359101,Delhi,2BHK,Rent,28,3,1,0
9477,58,8558035,Mumbai,1BHK,Rent,27,5,0,1
9478,53,5970578,Pune,2BHK,Buy,3,8,1,0
9479,42,10446563,Mumbai,3BHK,Buy,5,8,0,0
9480,45,14904563,Pune,3BHK,Buy,19,9,0,1
9481,38,14633945,Delhi,2BHK,Buy,8,1,0,0
9482,26,9032905,Mumbai,2BHK,Rent,5,4,1,0
9483,38,9327511,Pune,3BHK,Buy,27,6,1,1
9484,36,14393740,Bangalore,1BHK,Buy,13,5,0,1
9485,35,6241523,Delhi,1BHK,Buy,10,4,0,0
9486,28,13175597,Delhi,3BHK,Rent,6,3,1,0
9487,33,8774452,Bangalore,1BHK,Rent,1,2,1,0
9488,27,14781212,Pune,1BHK,Buy,11,9,0,1
9489,37,3457315,Delhi,2BHK,Rent,20,3,0,0
9490,52,7799494,Pune,1BHK,Buy,9,4,1,0
9491,42,12860530,Bangalore,3BHK,Buy,16,1,1,0
9492,33,4270429,Mumbai,1BHK,Rent,15,1,0,0
9493,43,2917629,Delhi,2BHK,Rent,5,9,1,0
9494,49,11417360,Delhi,3BHK,Rent,15,4,1,1
9495,42,4950319,Pune,3BHK,Buy,1,4,1,0
9496,21,10755148,Delhi,3BHK,Rent,15,6,0,1
9497,49,4113527,Mumbai,2BHK,Buy,4,2,1,0
9498,25,2133783,Bangalore,3BHK,Rent,28,6,1,0
9499,55,2271326,Delhi,2BHK,Buy,16,7,1,0
9500,30,7862234,Bangalore,2BHK,Buy,22,1,1,0
9501,39,14445169,Pune,1BHK,Buy,7,8,1,0
9502,57,11377643,Mumbai,3BHK,Rent,23,6,1,1
9503,27,5579894,Delhi,1BHK,Rent,8,9,1,0
9504,55,11581176,Bangalore,1BHK,Rent,21,4,1,1
9505,33,8837888,Mumbai,2BHK,Buy,22,2,0,0
9506,30,10508878,Bangalore,1BHK,Rent,27,9,0,1
9507,22,5885506,Pune,1BHK,Rent,27,8,1,1
9508,26,4755077,Mumbai,1BHK,Rent,2,2,0,0
9509,28,3137485,Mumbai,3BHK,Rent,12,8,1,0
9510,56,3495734,Pune,1BHK,Buy,26,8,1,0
9511,45,7220901,Pune,2BHK,Rent,28,5,0,1
9512,27,12379379,Delhi,3BHK,Buy,2,7,0,0
9513,43,7897829,Pune,2BHK,Buy,14,7,1,1
9514,39,2295943,Pune,3BHK,Buy,19,4,1,0
9515,42,4557145,Bangalore,3BHK,Buy,20,6,1,0
9516,33,2034510,Mumbai,3BHK,Buy,6,6,0,0
9517,41,3545805,Bangalore,2BHK,Rent,22,6,0,0
9518,21,14670831,Pune,1BHK,Rent,19,9,1,1
9519,39,11121334,Delhi,3BHK,Buy,17,2,1,0
9520,53,12907951,Bangalore,2BHK,Rent,3,8,1,0
9521,24,14898298,Bangalore,3BHK,Buy,20,8,0,1
9522,23,14019639,Mumbai,1BHK,Buy,25,1,1,0
9523,47,12461152,Mumbai,3BHK,Buy,10,2,1,0
9524,55,7921507,Mumbai,2BHK,Buy,24,4,1,1
9525,48,10335447,Delhi,3BHK,Rent,13,5,0,1
9526,26,6674569,Delhi,2BHK,Buy,20,5,1,1
9527,26,10196403,Pune,1BHK,Rent,23,6,1,1
9528,43,10247729,Pune,1BHK,Rent,29,7,0,1
9529,53,9082785,Mumbai,3BHK,Rent,29,1,0,0
9530,36,2131235,Bangalore,1BHK,Rent,25,7,0,0
9531,44,13767022,Mumbai,2BHK,Buy,18,6,0,1
9532,25,8606140,Pune,3BHK,Rent,19,5,1,1
9533,33,4573283,Bangalore,2BHK,Buy,17,6,0,0
9534,32,6438671,Pune,3BHK,Rent,8,8,0,0
9535,25,2816462,Delhi,2BHK,Buy,18,6,1,0
9536,57,9395345,Mumbai,3BHK,Buy,7,5,0,0
9537,51,11291605,Mumbai,2BHK,Rent,23,6,0,1
9538,48,11561887,Bangalore,2BHK,Rent,11,9,1,1
9539,48,3471274,Mumbai,3BHK,Rent,3,1,1,0
9540,50,6094290,Pune,2BHK,Buy,2,3,1,0
9541,38,4416551,Pune,1BHK,Rent,19,3,1,0
9542,47,2878839,Delhi,2BHK,Rent,28,9,0,0
9543,55,12079424,Pune,3BHK,Rent,24,3,1,0
9544,46,8749602,Bangalore,1BHK,Buy,28,6,1,1
9545,59,13978052,Pune,1BHK,Rent,25,9,1,1
9546,38,5041035,Delhi,2BHK,Rent,11,5,0,1
9547,53,11898187,Delhi,2BHK,Buy,8,9,1,0
9548,45,8138708,Mumbai,2BHK,Rent,11,9,0,1
9549,51,12771578,Bangalore,1BHK,Buy,2,6,0,0
9550,57,7234514,Pune,1BHK,Buy,12,8,1,1
9551,22,14196286,Delhi,1BHK,Buy,29,9,0,1
9552,53,14483272,Pune,3BHK,Buy,9,9,1,0
9553,59,6496874,Delhi,3BHK,Buy,6,8,0,0
9554,52,11486768,Mumbai,2BHK,Buy,12,4,1,1
9555,38,3741951,Delhi,3BHK,Buy,18,8,1,0
9556,37,6791843,Mumbai,3BHK,Buy,25,2,1,0
9557,54,14652265,Bangalore,2BHK,Buy,5,3,0,0
9558,59,8124341,Pune,2BHK,Buy,22,9,1,1
9559,27,7325870,Pune,1BHK,Buy,17,4,0,1
9560,55,10131064,Mumbai,1BHK,Buy,16,2,0,0
9561,50,2680050,Bangalore,2BHK,Buy,12,3,1,0
9562,32,6187551,Mumbai,2BHK,Buy,29,7,0,1
9563,55,14166910,Delhi,3BHK,Rent,2,9,0,0
9564,31,2295906,Mumbai,3BHK,Buy,16,7,1,0
9565,24,9721182,Bangalore,3BHK,Rent,1,8,0,0
9566,45,6887163,Delhi,2BHK,Rent,20,3,0,0
9567,52,12966964,Pune,2BHK,Rent,2,7,1,0
9568,40,11838070,Pune,1BHK,Rent,13,1,1,0
9569,51,9557791,Pune,3BHK,Rent,16,6,1,1
9570,24,5240868,Bangalore,1BHK,Rent,1,3,1,0
9571,58,4967658,Bangalore,2BHK,Buy,19,2,0,0
9572,21,13551351,Bangalore,3BHK,Rent,4,4,0,0
9573,23,3945188,Bangalore,1BHK,Buy,20,9,1,0
9574,57,12147741,Bangalore,2BHK,Buy,3,6,0,0
9575,42,5522591,Delhi,1BHK,Rent,2,9,1,0
9576,37,9355884,Mumbai,3BHK,Buy,12,8,1,1
9577,34,2579649,Pune,1BHK,Buy,24,5,0,0
9578,55,6870922,Bangalore,1BHK,Rent,26,8,1,1
9579,33,8264250,Pune,2BHK,Buy,13,2,0,0
9580,55,2959012,Bangalore,3BHK,Rent,27,8,0,0
9581,22,4033864,Pune,1BHK,Rent,18,1,0,0
9582,33,13921253,Mumbai,2BHK,Rent,5,3,1,0
9583,36,10853552,Pune,3BHK,Rent,23,7,0,1
9584,38,5173138,Pune,2BHK,Rent,25,4,0,1
9585,27,2785334,Bangalore,3BHK,Buy,12,7,0,0
9586,56,3975975,Delhi,2BHK,Rent,19,1,1,0
9587,50,7445894,Delhi,2BHK,Rent,1,7,0,0
9588,27,4996206,Pune,2BHK,Buy,9,3,1,0
9589,35,4094889,Delhi,1BHK,Rent,1,2,0,0
9590,39,8005079,Mumbai,1BHK,Rent,24,9,0,1
9591,57,4502632,Mumbai,2BHK,Rent,18,2,0,0
9592,22,14873094,Delhi,3BHK,Rent,23,3,1,0
9593,33,10624138,Delhi,2BHK,Rent,28,3,1,0
9594,51,12340552,Mumbai,1BHK,Rent,3,4,1,0
9595,36,4368432,Delhi,3BHK,Rent,6,7,0,0
9596,26,13809693,Delhi,1BHK,Buy,22,7,0,1
9597,48,13743016,Bangalore,2BHK,Rent,4,9,0,0
9598,52,7351426,Bangalore,1BHK,Buy,24,8,1,1
9599,30,10940327,Delhi,1BHK,Rent,12,6,1,1
9600,38,5188018,Delhi,1BHK,Rent,12,6,1,1
9601,24,2985043,Bangalore,2BHK,Rent,5,5,0,0
9602,29,8770207,Bangalore,1BHK,Buy,23,2,1,0
9603,27,3931823,Delhi,2BHK,Buy,29,6,0,0
9604,28,8421830,Bangalore,2BHK,Buy,21,6,0,1
9605,27,13577083,Mumbai,1BHK,Rent,13,5,0,1
9606,23,9940294,Pune,3BHK,Rent,12,6,0,1
9607,37,2724568,Mumbai,1BHK,Buy,4,5,0,0
9608,22,6847724,Bangalore,1BHK,Buy,6,4,1,0
9609,35,6001175,Mumbai,1BHK,Rent,19,3,1,0
9610,49,2670247,Pune,3BHK,Rent,6,1,0,0
9611,42,3567692,Bangalore,3BHK,Rent,6,4,1,0
9612,24,3511718,Mumbai,2BHK,Buy,11,9,0,0
9613,26,7459523,Mumbai,3BHK,Buy,27,7,0,1
9614,58,7495996,Pune,3BHK,Rent,22,7,1,1
9615,46,14873547,Bangalore,1BHK,Rent,14,7,0,1
9616,31,14336848,Delhi,2BHK,Rent,27,4,1,1
9617,46,2559168,Bangalore,2BHK,Buy,3,7,0,0
9618,37,3239613,Pune,3BHK,Rent,29,2,1,0
9619,44,4470352,Pune,3BHK,Buy,8,8,0,0
9620,48,2349829,Pune,1BHK,Buy,4,8,0,0
9621,55,3915883,Pune,3BHK,Buy,27,9,1,0
9622,51,11532025,Delhi,3BHK,Rent,16,5,0,1
9623,33,3770826,Bangalore,2BHK,Rent,18,8,0,0
9624,55,9280116,Bangalore,3BHK,Buy,7,2,1,0
9625,36,13996842,Mumbai,1BHK,Buy,11,8,1,1
9626,35,8176977,Delhi,2BHK,Rent,8,9,1,0
9627,38,6079399,Delhi,2BHK,Buy,27,6,0,1
9628,57,4612902,Mumbai,3BHK,Rent,20,6,0,0
9629,47,8117403,Mumbai,1BHK,Rent,6,4,1,0
9630,55,3605869,Bangalore,2BHK,Rent,24,8,0,0
9631,55,3286479,Bangalore,1BHK,Rent,16,7,1,0
9632,48,5930174,Bangalore,1BHK,Buy,5,9,1,0
9633,59,14689291,Delhi,3BHK,Rent,25,1,0,0
9634,58,4934312,Delhi,1BHK,Buy,6,8,0,0
9635,29,6858355,Mumbai,2BHK,Buy,6,8,0,0
9636,32,4106908,Pune,3BHK,Buy,28,9,1,0
9637,35,11036566,Pune,2BHK,Rent,29,7,0,1
9638,41,10162772,Pune,1BHK,Rent,2,9,0,0
9639,55,9873647,Pune,1BHK,Buy,7,8,1,0
9640,53,5320108,Pune,3BHK,Rent,9,9,0,0
9641,39,4113685,Bangalore,3BHK,Rent,15,9,1,0
9642,43,10486025,Mumbai,2BHK,Rent,21,1,0,0
9643,33,11792646,Pune,2BHK,Rent,14,3,1,0
9644,21,10039880,Pune,1BHK,Rent,21,6,0,1
9645,49,4819672,Pune,3BHK,Buy,28,7,0,0
9646,44,11882126,Bangalore,1BHK,Rent,13,4,1,1
9647,36,2348492,Pune,1BHK,Rent,27,2,0,0
9648,45,4956649,Mumbai,2BHK,Buy,5,4,0,0
9649,43,9753901,Bangalore,2BHK,Rent,17,6,0,1
9650,48,4023001,Bangalore,2BHK,Buy,5,4,1,0
9651,36,9171284,Delhi,3BHK,Buy,26,2,0,0
9652,58,6525931,Delhi,2BHK,Rent,24,9,1,1
9653,31,6338748,Bangalore,3BHK,Buy,3,1,0,0
9654,23,6625202,Pune,1BHK,Buy,9,7,1,0
9655,35,12319525,Pune,3BHK,Rent,9,9,1,0
9656,21,5606743,Pune,2BHK,Buy,22,3,0,0
9657,27,12053196,Pune,3BHK,Rent,4,6,1,0
9658,21,12945089,Delhi,3BHK,Buy,20,9,1,1
9659,52,13877045,Mumbai,2BHK,Rent,11,9,1,1
9660,29,10438182,Bangalore,2BHK,Buy,17,4,0,1
9661,49,8654667,Pune,1BHK,Rent,14,8,1,1
9662,46,8274333,Delhi,3BHK,Rent,10,8,1,0
9663,43,10528625,Mumbai,1BHK,Buy,5,7,0,0
9664,49,14612330,Bangalore,1BHK,Buy,21,6,1,1
9665,58,5228335,Bangalore,3BHK,Rent,21,3,0,0
9666,53,4995742,Bangalore,1BHK,Buy,28,4,1,0
9667,27,5556074,Pune,3BHK,Buy,17,9,0,1
9668,32,14407025,Bangalore,1BHK,Buy,16,7,0,1
9669,51,6324842,Pune,1BHK,Rent,1,8,1,0
9670,52,4034328,Mumbai,3BHK,Rent,10,6,1,0
9671,40,14796611,Delhi,2BHK,Rent,12,1,1,0
9672,37,11649649,Delhi,3BHK,Buy,18,9,0,1
9673,56,12990348,Delhi,2BHK,Buy,1,3,0,0
9674,23,13059683,Bangalore,3BHK,Buy,29,3,0,0
9675,21,6451774,Delhi,3BHK,Rent,24,9,0,1
9676,47,3948031,Mumbai,2BHK,Rent,28,4,1,0
9677,53,14944893,Pune,2BHK,Rent,12,8,0,1
9678,40,9553193,Delhi,3BHK,Rent,20,4,0,1
9679,34,6473852,Pune,3BHK,Buy,6,2,1,0
9680,56,3645493,Pune,3BHK,Buy,8,5,0,0
9681,25,9353188,Delhi,2BHK,Buy,14,3,1,0
9682,43,6643138,Delhi,3BHK,Rent,5,4,1,0
9683,35,4504153,Delhi,2BHK,Buy,22,3,1,0
9684,26,4276583,Bangalore,1BHK,Buy,4,1,1,0
9685,53,10872631,Delhi,2BHK,Rent,22,4,0,1
9686,39,7519718,Bangalore,1BHK,Rent,16,9,1,1
9687,33,2953618,Mumbai,3BHK,Buy,6,7,1,0
9688,49,2032799,Pune,3BHK,Rent,3,6,0,0
9689,26,8433684,Mumbai,2BHK,Buy,4,9,0,0
9690,35,10267840,Delhi,1BHK,Buy,22,4,0,1
9691,36,4399941,Pune,3BHK,Rent,8,6,0,0
9692,44,12935958,Delhi,3BHK,Rent,29,3,1,0
9693,43,6534062,Delhi,1BHK,Buy,14,3,0,0
9694,30,7465566,Pune,3BHK,Rent,7,8,0,0
9695,37,5279115,Mumbai,3BHK,Rent,4,5,1,0
9696,50,4058836,Delhi,2BHK,Buy,19,8,1,0
9697,30,5374067,Pune,3BHK,Buy,11,9,1,1
9698,39,4109572,Mumbai,1BHK,Buy,15,2,0,0
9699,49,6474760,Bangalore,3BHK,Rent,24,7,0,1
9700,22,11196435,Mumbai,2BHK,Rent,16,2,1,0
9701,56,10691053,Mumbai,3BHK,Rent,6,7,0,0
9702,39,4144124,Pune,1BHK,Buy,12,3,0,0
9703,27,3129429,Mumbai,3BHK,Rent,8,8,0,0
9704,46,4741575,Bangalore,1BHK,Buy,25,4,1,0
9705,35,14665416,Bangalore,2BHK,Rent,25,9,0,1
9706,58,7003590,Delhi,3BHK,Buy,10,4,0,0
9707,23,5267101,Bangalore,3BHK,Rent,11,2,1,0
9708,58,6527228,Delhi,2BHK,Buy,9,4,0,0
9709,36,5569873,Bangalore,1BHK,Buy,26,5,1,1
9710,22,6562906,Mumbai,1BHK,Buy,17,8,1,1
9711,51,4606804,Delhi,3BHK,Buy,28,3,0,0
9712,48,3374340,Bangalore,1BHK,Rent,14,9,0,0
9713,27,6016284,Mumbai,1BHK,Rent,3,9,0,0
9714,50,3935204,Mumbai,3BHK,Rent,9,3,0,0
9715,27,4500989,Delhi,1BHK,Rent,20,8,0,0
9716,56,2117781,Pune,1BHK,Rent,26,6,0,0
9717,49,6719565,Mumbai,3BHK,Buy,28,6,1,1
9718,44,12211256,Mumbai,3BHK,Rent,18,2,0,0
9719,59,13774546,Pune,1BHK,Rent,17,8,0,1
9720,24,7039522,Delhi,3BHK,Buy,5,7,1,0
9721,49,13639255,Bangalore,1BHK,Rent,20,2,0,0
9722,25,5182825,Bangalore,1BHK,Rent,21,4,1,1
9723,49,6315707,Mumbai,1BHK,Rent,27,5,0,1
9724,50,14355013,Pune,1BHK,Buy,21,9,1,1
9725,49,2549634,Mumbai,3BHK,Buy,24,2,0,0
9726,46,4727073,Delhi,3BHK,Rent,6,7,0,0
9727,39,5236145,Mumbai,2BHK,Buy,3,5,0,0
9728,46,4539521,Bangalore,3BHK,Rent,16,2,1,0
9729,57,5105038,Pune,2BHK,Buy,15,3,1,0
9730,47,13530660,Delhi,1BHK,Buy,25,5,1,1
9731,50,3911950,Mumbai,3BHK,Rent,8,1,1,0
9732,50,4988731,Bangalore,1BHK,Buy,9,7,1,0
9733,23,10217439,Mumbai,2BHK,Rent,4,1,0,0
9734,27,12229588,Bangalore,3BHK,Buy,13,6,1,1
9735,29,12271679,Pune,3BHK,Rent,24,6,0,1
9736,33,10323024,Delhi,3BHK,Buy,27,1,1,0
9737,35,4940639,Mumbai,3BHK,Rent,3,7,0,0
9738,25,10098801,Delhi,1BHK,Rent,21,8,1,1
9739,49,7700462,Pune,3BHK,Rent,7,3,0,0
9740,55,9482035,Bangalore,2BHK,Rent,16,1,0,0
9741,47,3711638,Pune,3BHK,Buy,17,2,1,0
9742,47,11327652,Pune,2BHK,Rent,17,1,0,0
9743,28,14378218,Delhi,2BHK,Buy,19,9,1,1
9744,52,9044392,Pune,1BHK,Buy,20,4,0,1
9745,40,5735268,Mumbai,3BHK,Rent,17,7,0,1
9746,30,12532664,Bangalore,2BHK,Rent,24,5,1,1
9747,33,13629677,Pune,3BHK,Rent,2,9,0,0
9748,49,6977188,Mumbai,1BHK,Rent,27,9,0,1
9749,55,2789031,Bangalore,1BHK,Buy,5,6,1,0
9750,28,14285741,Delhi,3BHK,Rent,16,5,1,1
9751,49,2740079,Bangalore,2BHK,Rent,29,1,1,0
9752,51,6905829,Delhi,1BHK,Rent,22,4,1,1
9753,50,3238503,Bangalore,2BHK,Rent,11,5,0,0
9754,42,11672033,Pune,2BHK,Buy,22,9,1,1
9755,41,8815762,Delhi,3BHK,Buy,6,2,1,0
9756,32,5564936,Delhi,1BHK,Buy,11,2,1,0
9757,31,11862980,Delhi,3BHK,Rent,1,3,0,0
9758,22,2333060,Pune,3BHK,Buy,19,3,1,0
9759,22,7934040,Pune,3BHK,Rent,3,7,0,0
9760,54,3954201,Bangalore,2BHK,Buy,8,1,1,0
9761,23,13068818,Bangalore,3BHK,Rent,22,2,0,0
9762,36,9555555,Pune,1BHK,Buy,18,1,0,0
9763,24,11674031,Pune,2BHK,Rent,13,9,0,1
9764,43,9115375,Delhi,3BHK,Rent,1,9,1,0
9765,40,10532623,Bangalore,1BHK,Buy,20,3,1,0
9766,45,8787839,Bangalore,3BHK,Rent,17,3,1,0
9767,50,12588102,Delhi,3BHK,Buy,5,1,0,0
9768,38,13071505,Delhi,3BHK,Buy,12,5,1,1
9769,31,14421918,Delhi,2BHK,Buy,11,3,0,0
9770,49,3548160,Mumbai,3BHK,Rent,24,2,1,0
9771,37,4894978,Mumbai,1BHK,Buy,26,3,1,0
9772,46,5480030,Pune,3BHK,Rent,18,8,1,1
9773,43,8809368,Bangalore,3BHK,Rent,8,8,1,0
9774,40,10775412,Delhi,2BHK,Buy,29,1,1,0
9775,22,3860288,Delhi,3BHK,Buy,24,2,0,0
9776,44,12609981,Bangalore,1BHK,Rent,22,1,0,0
9777,51,9589254,Mumbai,1BHK,Rent,24,8,1,1
9778,47,11514502,Bangalore,3BHK,Buy,13,1,0,0
9779,22,12355847,Pune,1BHK,Rent,2,6,1,0
9780,34,13866642,Mumbai,1BHK,Rent,23,8,1,1
9781,24,9756688,Bangalore,3BHK,Rent,16,8,1,1
9782,33,9310986,Bangalore,1BHK,Buy,12,7,1,1
9783,56,11383278,Pune,1BHK,Buy,8,8,0,0
9784,55,4412008,Bangalore,3BHK,Buy,4,8,0,0
9785,28,4611173,Mumbai,2BHK,Rent,14,3,0,0
9786,22,10043048,Delhi,2BHK,Buy,9,2,0,0
9787,26,3710525,Delhi,3BHK,Buy,11,4,0,0
9788,51,4931825,Delhi,2BHK,Rent,16,5,1,0
9789,30,11183217,Mumbai,2BHK,Buy,6,2,1,0
9790,41,10911707,Bangalore,2BHK,Buy,12,8,0,1
9791,30,13699936,Bangalore,2BHK,Buy,19,8,0,1
9792,43,8930250,Bangalore,3BHK,Rent,16,4,1,1
9793,23,13244866,Bangalore,2BHK,Rent,13,5,1,1
9794,52,5595775,Delhi,2BHK,Buy,4,5,1,0
9795,40,2576115,Mumbai,3BHK,Rent,12,5,0,0
9796,30,5562452,Pune,3BHK,Buy,4,9,1,0
9797,49,4021013,Mumbai,2BHK,Buy,17,9,0,0
9798,54,5750517,Bangalore,1BHK,Buy,14,4,1,1
9799,57,4165924,Bangalore,3BHK,Buy,29,1,1,0
9800,40,4637051,Mumbai,3BHK,Rent,26,8,0,0
9801,28,10541962,Mumbai,2BHK,Buy,17,1,1,0
9802,27,9028181,Delhi,1BHK,Rent,1,7,1,0
9803,26,3516008,Bangalore,3BHK,Rent,20,4,1,0
9804,31,6336716,Mumbai,3BHK,Buy,1,1,0,0
9805,38,2358773,Bangalore,3BHK,Buy,22,4,0,0
9806,49,8103996,Mumbai,1BHK,Buy,2,7,1,0
9807,45,3419330,Bangalore,3BHK,Buy,17,8,0,0
9808,41,8149644,Mumbai,3BHK,Rent,23,2,1,0
9809,23,5228763,Bangalore,1BHK,Rent,22,9,0,1
9810,38,11193205,Pune,3BHK,Rent,1,5,0,0
9811,44,12070794,Delhi,1BHK,Rent,12,8,0,1
9812,58,14542602,Pune,1BHK,Buy,13,2,1,0
9813,30,3103091,Delhi,1BHK,Buy,14,2,0,0
9814,47,14280148,Delhi,2BHK,Rent,10,4,0,0
9815,32,10498054,Mumbai,3BHK,Rent,12,4,0,1
9816,27,9894800,Pune,3BHK,Rent,25,3,1,0
9817,37,7950767,Delhi,3BHK,Buy,22,5,1,1
9818,21,2059789,Bangalore,1BHK,Buy,18,2,1,0
9819,46,4680928,Mumbai,2BHK,Rent,7,1,1,0
9820,35,7973322,Mumbai,1BHK,Buy,19,4,0,1
9821,53,13701452,Bangalore,3BHK,Rent,15,6,1,1
9822,57,11093568,Bangalore,1BHK,Rent,7,6,1,0
9823,51,11262497,Delhi,2BHK,Buy,14,2,1,0
9824,55,14238472,Bangalore,3BHK,Buy,9,6,1,0
9825,21,7083212,Mumbai,1BHK,Rent,5,4,1,0
9826,28,4601855,Bangalore,2BHK,Buy,1,1,1,0
9827,32,2930340,Pune,1BHK,Buy,16,1,0,0
9828,39,14133149,Mumbai,1BHK,Buy,5,2,1,0
9829,45,14373416,Bangalore,3BHK,Buy,24,4,0,1
9830,52,8829484,Mumbai,2BHK,Buy,8,8,0,0
9831,32,6027876,Delhi,1BHK,Buy,19,3,1,0
9832,33,7911342,Pune,2BHK,Rent,20,5,0,1
9833,48,4309117,Delhi,3BHK,Rent,12,3,0,0
9834,21,5590278,Pune,3BHK,Rent,8,8,0,0
9835,26,3162493,Bangalore,3BHK,Rent,8,4,0,0
9836,28,14160254,Mumbai,2BHK,Buy,23,8,1,1
9837,24,13035269,Bangalore,2BHK,Rent,6,8,0,0
9838,25,10913615,Delhi,1BHK,Buy,20,9,1,1
9839,45,10603122,Mumbai,2BHK,Rent,26,2,1,0
9840,42,8183524,Bangalore,3BHK,Rent,29,7,0,1
9841,48,10520749,Bangalore,1BHK,Buy,9,1,0,0
9842,59,4676154,Mumbai,2BHK,Buy,2,4,0,0
9843,43,3121861,Mumbai,3BHK,Rent,18,4,0,0
9844,24,10663687,Delhi,3BHK,Buy,1,4,1,0
9845,24,9836439,Pune,1BHK,Buy,11,7,0,1
9846,41,13391554,Pune,3BHK,Buy,15,5,0,1
9847,57,10777439,Mumbai,2BHK,Buy,12,5,1,1
9848,22,8125568,Pune,3BHK,Rent,3,3,1,0
9849,27,14863596,Delhi,1BHK,Buy,19,5,1,1
9850,36,3815689,Pune,3BHK,Rent,20,5,1,0
9851,37,5616177,Mumbai,3BHK,Rent,19,8,0,1
9852,40,7148715,Delhi,2BHK,Rent,10,2,0,0
9853,43,12632053,Mumbai,2BHK,Rent,16,8,1,1
9854,54,5462653,Delhi,2BHK,Rent,6,4,0,0
9855,31,10919983,Delhi,2BHK,Rent,9,9,1,0
9856,54,12441686,Mumbai,3BHK,Rent,8,8,0,0
9857,53,12912376,Bangalore,2BHK,Buy,22,5,1,1
9858,46,7900439,Mumbai,3BHK,Rent,16,5,1,1
9859,22,13712724,Delhi,2BHK,Buy,8,9,1,0
9860,43,6172791,Mumbai,2BHK,Buy,24,5,0,1
9861,42,5591006,Mumbai,2BHK,Rent,26,9,0,1
9862,54,10575197,Delhi,3BHK,Rent,22,6,0,1
9863,35,4801377,Pune,2BHK,Rent,18,1,0,0
9864,30,2467153,Delhi,3BHK,Buy,5,8,0,0
9865,35,4829707,Mumbai,2BHK,Buy,20,1,1,0
9866,49,2500642,Delhi,2BHK,Buy,12,2,1,0
9867,43,13023942,Delhi,1BHK,Rent,6,6,1,0
9868,37,7665256,Pune,2BHK,Buy,2,5,1,0
9869,29,9655271,Bangalore,3BHK,Rent,4,2,1,0
9870,56,6747864,Mumbai,1BHK,Buy,16,6,1,1
9871,29,7821189,Mumbai,3BHK,Rent,29,7,1,1
9872,36,2221120,Pune,3BHK,Rent,24,3,1,0
9873,56,3082221,Delhi,1BHK,Rent,14,8,0,0
9874,53,2021179,Bangalore,2BHK,Buy,17,4,0,0
9875,51,6185711,Mumbai,1BHK,Buy,19,9,0,1
9876,26,6729283,Bangalore,3BHK,Buy,4,7,0,0
9877,30,2653724,Bangalore,2BHK,Buy,18,3,0,0
9878,36,5405733,Delhi,1BHK,Buy,12,5,1,1
9879,24,9552750,Delhi,3BHK,Rent,2,9,1,0
9880,42,11669083,Delhi,2BHK,Rent,6,9,1,0
9881,33,13704446,Mumbai,3BHK,Rent,6,8,1,0
9882,36,7005703,Bangalore,2BHK,Rent,3,8,0,0
9883,49,2552766,Bangalore,2BHK,Buy,8,9,0,0
9884,26,11886175,Mumbai,1BHK,Buy,12,5,0,1
9885,46,2988128,Pune,2BHK,Rent,3,9,0,0
9886,31,2302476,Delhi,3BHK,Rent,2,6,1,0
9887,44,9216026,Mumbai,2BHK,Buy,21,6,1,1
9888,49,5971473,Delhi,3BHK,Buy,29,6,1,1
9889,23,8337356,Bangalore,2BHK,Rent,23,7,1,1
9890,30,12612621,Mumbai,2BHK,Rent,1,9,1,0
9891,21,8856842,Pune,1BHK,Buy,18,3,1,0
9892,46,6175089,Delhi,2BHK,Buy,18,6,0,1
9893,32,11106548,Bangalore,2BHK,Buy,8,5,1,0
9894,34,10557781,Bangalore,3BHK,Rent,26,4,0,1
9895,45,3204707,Pune,3BHK,Rent,22,8,1,0
9896,28,13312818,Pune,3BHK,Buy,14,3,0,0
9897,24,10933599,Delhi,2BHK,Rent,29,2,0,0
9898,48,7084429,Bangalore,3BHK,Rent,13,4,0,1
9899,27,6648937,Pune,3BHK,Buy,15,3,0,0
9900,30,6908892,Mumbai,2BHK,Rent,15,7,1,1
9901,56,9998597,Pune,3BHK,Rent,13,4,0,1
9902,22,14270218,Mumbai,1BHK,Rent,4,9,1,0
9903,46,13021676,Bangalore,1BHK,Buy,4,5,1,0
9904,34,8919399,Delhi,3BHK,Buy,5,3,0,0
9905,36,13735497,Bangalore,3BHK,Rent,3,2,0,0
9906,37,6462966,Bangalore,3BHK,Rent,12,6,1,1
9907,42,6363867,Bangalore,2BHK,Rent,20,6,1,1
9908,24,7381898,Bangalore,1BHK,Rent,12,1,1,0
9909,39,3573474,Delhi,1BHK,Buy,20,7,0,0
9910,22,8754510,Pune,3BHK,Rent,7,5,1,0
9911,59,14879367,Delhi,3BHK,Rent,7,7,0,0
9912,29,11563603,Delhi,2BHK,Rent,1,4,0,0
9913,39,12223473,Delhi,2BHK,Rent,12,5,0,1
9914,36,5974036,Delhi,1BHK,Buy,3,7,0,0
9915,45,7716288,Pune,2BHK,Rent,15,6,0,1
9916,38,10624220,Bangalore,1BHK,Buy,9,1,0,0
9917,43,14826007,Pune,3BHK,Buy,22,1,1,0
9918,41,13322525,Pune,3BHK,Rent,22,2,1,0
9919,31,5668839,Bangalore,1BHK,Buy,20,3,1,0
9920,59,8637792,Pune,3BHK,Buy,26,1,0,0
9921,24,6788664,Delhi,2BHK,Buy,9,2,1,0
9922,45,8541896,Delhi,3BHK,Rent,14,2,0,0
9923,52,11480158,Bangalore,3BHK,Buy,28,7,1,1
9924,50,11932346,Bangalore,1BHK,Buy,3,6,1,0
9925,46,11350942,Bangalore,2BHK,Rent,8,9,1,0
9926,56,7849151,Delhi,2BHK,Buy,29,5,1,1
9927,54,13842303,Bangalore,3BHK,Rent,6,3,0,0
9928,29,8652463,Pune,3BHK,Rent,12,1,1,0
9929,32,10117526,Pune,2BHK,Rent,2,1,0,0
9930,22,11275077,Mumbai,2BHK,Rent,3,2,0,0
9931,58,11654070,Mumbai,1BHK,Rent,14,3,0,0
9932,25,5212806,Bangalore,3BHK,Buy,17,5,0,1
9933,25,9185655,Mumbai,3BHK,Rent,3,7,1,0
9934,42,13077999,Delhi,2BHK,Buy,4,4,1,0
9935,25,2895719,Delhi,1BHK,Buy,15,6,0,0
9936,24,6338281,Pune,2BHK,Rent,22,6,1,1
9937,29,8290413,Pune,3BHK,Buy,26,2,1,0
9938,49,7756874,Mumbai,3BHK,Buy,7,6,0,0
9939,42,8050913,Mumbai,3BHK,Rent,19,5,0,1
9940,47,9443723,Delhi,3BHK,Rent,14,6,1,1
9941,30,12703931,Pune,1BHK,Rent,16,4,1,1
9942,36,5842043,Mumbai,3BHK,Buy,27,1,1,0
9943,30,5348979,Delhi,2BHK,Buy,13,9,1,1
9944,26,12378732,Pune,1BHK,Buy,23,3,0,0
9945,25,6467694,Delhi,1BHK,Buy,29,1,1,0
9946,26,10653210,Delhi,3BHK,Rent,20,4,1,1
9947,45,3567737,Pune,1BHK,Buy,17,7,0,0
9948,24,11626763,Delhi,3BHK,Buy,17,4,1,1
9949,52,3054604,Mumbai,1BHK,Rent,24,4,0,0
9950,55,3283399,Delhi,1BHK,Buy,10,9,0,0
9951,30,4411197,Mumbai,2BHK,Rent,7,6,1,0
9952,54,4094716,Bangalore,2BHK,Buy,20,9,1,0
9953,56,12717084,Bangalore,2BHK,Rent,17,2,0,0
9954,26,8953122,Bangalore,1BHK,Buy,22,7,1,1
9955,36,13378747,Delhi,2BHK,Rent,27,7,1,1
9956,39,11202718,Bangalore,2BHK,Buy,12,8,1,1
9957,54,2876876,Bangalore,2BHK,Buy,11,9,1,0
9958,45,10663115,Delhi,1BHK,Rent,10,8,0,0
9959,51,12106610,Pune,3BHK,Rent,23,2,0,0
9960,37,7357313,Delhi,2BHK,Rent,22,3,1,0
9961,50,4145696,Mumbai,1BHK,Buy,28,2,1,0
9962,59,10224711,Delhi,1BHK,Rent,22,1,0,0
9963,51,5145917,Pune,3BHK,Rent,8,7,1,0
9964,39,6992488,Bangalore,2BHK,Buy,15,8,1,1
9965,55,11444666,Delhi,1BHK,Rent,22,5,1,1
9966,49,5926516,Bangalore,1BHK,Rent,18,9,0,1
9967,21,13395248,Mumbai,1BHK,Rent,23,4,1,1
9968,24,8774760,Pune,3BHK,Buy,13,1,0,0
9969,48,3573663,Bangalore,2BHK,Buy,26,4,0,0
9970,38,5105573,Bangalore,1BHK,Buy,16,5,1,1
9971,46,9986011,Bangalore,1BHK,Rent,13,8,0,1
9972,39,14986062,Bangalore,1BHK,Buy,4,5,0,0
9973,26,3369943,Delhi,1BHK,Buy,11,9,1,0
9974,21,13225740,Pune,2BHK,Buy,27,6,0,1
9975,28,13838036,Pune,2BHK,Rent,19,8,0,1
9976,53,6597429,Bangalore,1BHK,Buy,8,3,1,0
9977,41,7334347,Pune,1BHK,Buy,10,3,0,0
9978,44,6042879,Bangalore,1BHK,Buy,12,9,1,1
9979,45,2615692,Mumbai,3BHK,Buy,28,6,0,0
9980,39,3783318,Mumbai,3BHK,Rent,21,4,1,0
9981,49,13753201,Mumbai,3BHK,Buy,20,8,1,1
9982,30,7664109,Pune,1BHK,Buy,11,4,0,1
9983,32,2103018,Bangalore,3BHK,Buy,20,4,0,0
9984,53,14736859,Delhi,2BHK,Rent,21,7,1,1
9985,27,10609933,Delhi,3BHK,Rent,28,7,1,1
9986,37,9875728,Mumbai,1BHK,Buy,4,8,1,0
9987,30,6229911,Mumbai,2BHK,Rent,19,7,1,1
9988,51,10450292,Pune,1BHK,Buy,20,8,0,1
9989,26,13963833,Delhi,2BHK,Rent,10,8,0,0
9990,37,12250942,Pune,3BHK,Rent,15,7,0,1
9991,57,2537889,Mumbai,3BHK,Buy,13,1,0,0
9992,38,3697458,Bangalore,2BHK,Rent,13,4,1,0
9993,46,4884719,Bangalore,2BHK,Rent,21,3,0,0
9994,36,9876233,Bangalore,1BHK,Buy,28,9,1,1
9995,28,7252981,Mumbai,2BHK,Buy,18,8,0,1
9996,44,11586887,Pune,1BHK,Rent,7,9,0,0
9997,33,9018900,Bangalore,2BHK,Rent,14,5,0,1
9998,49,12064292,Delhi,2BHK,Rent,5,5,1,0
9999,52,3478662,Delhi,3BHK,Rent,9,5,0,0
10000,44,8995801,Mumbai,3BHK,Buy,22,2,0,0
